scenario,policy,mode,final_G,final_H,final_D,avg_G_tail,avg_H_tail,avg_D_tail,avg_free_riding_tail,avg_welfare_tail,avg_policy_cost_tail,avg_Q_tail,avg_effort_tail,avg_effort_gini_tail,stability_tail,run
critical_infrastructure,baseline,nash,1.053347833869711,0.4973691033456529,1.1974465827431098,1.0705889137086744,0.4610263078900916,1.1207368568030929,0.34285714285714286,78.9348091171365,0.0,2.527610692345733,0.07018878003388129,0.49451325155521264,-0.011709412502492689,0
critical_infrastructure,reputation,nash,1.2918998439723728,0.3420119109309616,1.386839976409726,1.3090039167201009,0.28186872615160674,1.2768243348287283,0.0,88.56484704839824,0.1287465228502103,10.761051966789172,0.31120995742777197,0.31460018503001197,-0.01603438164032256,0
critical_infrastructure,combined_portfolio,nash,1.3645953061563865,0.250124124210954,1.4443954223518152,1.3799655333562557,0.17848354228804958,1.320467397232716,0.0,86.59176595195947,4.993926657329026,13.557344699345775,0.39155440380335105,0.3182999340842526,-0.017550945123949835,0
critical_infrastructure,baseline,nash,0.7916752987486673,0.5264162305141363,0.7252818816186272,0.7975427555082466,0.5163429650211468,0.7043816558180305,0.2857142857142857,70.91910983242656,0.0,3.138868022960696,0.09236841639906551,0.5112065807321415,0.007408093482729347,1
critical_infrastructure,reputation,nash,1.1549999700954465,0.38679075039169725,0.8747152333450533,1.1672622598639881,0.35822134434906966,0.8341750943135133,0.02857142857142857,88.23211308062479,0.1336613990596056,11.131019842298105,0.34489155961428103,0.3842714962001835,0.0008241554174894666,1
critical_infrastructure,combined_portfolio,nash,1.267906492236123,0.32092450200016165,0.9403129219388947,1.2800854085381324,0.28364662294355397,0.8907662047215334,0.0,87.47964024727922,5.259885814107639,14.026811607411958,0.43261223462316506,0.3773860266950638,-0.0010630724583687856,1
critical_infrastructure,baseline,nash,1.0202267551244164,0.6305013337092643,0.9700935921477433,1.032279804902314,0.6028700379911787,0.9126788283259624,0.14285714285714285,113.19616064001261,0.0,3.286583989861134,0.09875837451489018,0.4808172328656428,-0.005363807948612437,2
critical_infrastructure,reputation,nash,1.23976742759354,0.5273925620086305,1.0971568891537917,1.252768496627321,0.48424568048422856,1.0204195155921632,0.0,125.53281871909982,0.13189705352407277,11.078450187790027,0.3324328755074777,0.3555789942858574,-0.009077374323187892,2
critical_infrastructure,combined_portfolio,nash,1.3175203615963378,0.46298061119617,1.162917609535793,1.3290397787682866,0.4116131084322375,1.0758626001612965,0.0,124.31615435468603,5.21170453721222,14.059053010576832,0.4251710583461882,0.36384113566427356,-0.010377918712933754,2
critical_infrastructure,baseline,nash,1.0821786124149155,0.4692080634744282,1.0214533682689448,1.0942291288280197,0.44408281804372074,0.9725621936311628,0.2571428571428571,99.52892515585927,0.0,2.9074726173305834,0.08177968458479942,0.5692680482797547,-0.004444050114170678,3
critical_infrastructure,reputation,nash,1.294710990922545,0.2863647409332733,1.190692137924806,1.3112421102456349,0.23424838660586456,1.114170154357852,0.02857142857142857,110.75074357559059,0.12159223190386687,9.165176819403943,0.2675356141038343,0.3578916327305218,-0.00844706490545405,3
critical_infrastructure,combined_portfolio,nash,1.371902775365651,0.1696316368115838,1.237491229862442,1.3870322554506187,0.10487380470295722,1.148185239849908,0.0,110.27703962758756,4.637973277302946,11.559210886825618,0.3366794122420633,0.37207574055375736,-0.010133455515584061,3
critical_infrastructure,baseline,nash,1.0460357725643956,0.38504465088496165,0.9477478706397183,1.064918999522885,0.354352964908411,0.8889767168828648,0.4,89.6348692662111,0.0,2.570091552156659,0.07169181271717484,0.6230040945993425,-0.004640066989059444,4
critical_infrastructure,reputation,nash,1.286039120297954,0.20980769231487562,1.0873387850917429,1.3049196089159592,0.15564383498512196,1.004358573723124,0.02857142857142857,100.83735257350817,0.11910236323040388,8.636455361828048,0.2536912102737004,0.3653527145464188,-0.009273474011728039,4
critical_infrastructure,combined_portfolio,nash,1.373193154396845,0.10040333127170545,1.123013067405074,1.3859716859201672,0.043358783421098626,1.0294589002846368,0.0,100.23097538532403,4.499550131834524,10.690335587982844,0.3153680350964901,0.36578749549919043,-0.011120530698388087,4
critical_infrastructure,baseline,nash,0.836574322306983,0.5572365407100548,0.8886800461584332,0.8478884593083771,0.5369153378297931,0.8459841765692173,0.3142857142857143,81.16111825841317,0.0,2.551342501252713,0.07584340404503719,0.560380709744378,0.0008834834175174833,5
critical_infrastructure,reputation,nash,1.157167196470005,0.4635185678786403,1.0299360725377487,1.1725405956414234,0.4282581808869488,0.9667428982582632,0.02857142857142857,97.31733208193404,0.11743642747464639,7.821083423485643,0.24479156777958697,0.32886886634487533,-0.00494411242885931,5
critical_infrastructure,combined_portfolio,nash,1.274546370431189,0.3928245779844049,1.1084892089695093,1.2893470982266968,0.34842895655157974,1.0334717162152005,0.0,98.1935417521827,4.450324337364261,9.857591917842832,0.30779376395151337,0.3456519172350614,-0.006895095721298872,5
critical_infrastructure,baseline,nash,0.7142459372679557,0.6030692871871242,0.8434194165837682,0.7369549900714784,0.5829158983113182,0.8091849393500818,0.22142857142857142,65.07915817508271,0.0,2.67968451763383,0.0731961708512821,0.41348667730333294,0.00606117136492873,6
critical_infrastructure,reputation,nash,1.1048163567910507,0.509218311093804,0.9918759077825091,1.129613871191697,0.47086671645639117,0.9363454668336277,0.02857142857142857,83.90592433387906,0.11434388458664924,8.099715933261084,0.22900846663840607,0.28956421441610536,-0.0017174656213498618,6
critical_infrastructure,combined_portfolio,nash,1.2403217259204449,0.4394742777924152,1.0687397187990861,1.2618047277541202,0.3916849462089035,1.0016936665174065,0.0,85.24935729226354,4.299603057163863,10.060368044549815,0.28461860953348156,0.30603357310594737,-0.003971995163947362,6
critical_infrastructure,baseline,nash,0.8254980742348977,0.5035674474785085,0.8836954810134575,0.8372574839627602,0.48454070706603186,0.8476296174440306,0.22857142857142856,69.71241710545432,0.0,2.108828981150852,0.06388310422873661,0.42479370955797846,-0.001424811463312331,7
critical_infrastructure,reputation,nash,1.1564258027489336,0.3960586432626295,1.0352320079730768,1.1707010931411912,0.3607569283037413,0.9765927085014457,0.02857142857142857,84.72985384608677,0.11004638677563316,6.883331429953404,0.20857658747556473,0.2696397168143544,-0.006967928917256783,7
critical_infrastructure,combined_portfolio,nash,1.2682271924662498,0.32746772250073825,1.1121863691916425,1.2813840383417674,0.2834648906277787,1.0417237053955442,0.0,85.23191664416657,4.1395430585331034,8.559920365494026,0.26003713020827907,0.29146605451186186,-0.008756946674963073,7
critical_infrastructure,baseline,nash,0.9623261480825525,0.5080195931730572,0.8788519345936316,0.970414130186553,0.4919691149415615,0.8460926627152366,0.3142857142857143,79.8517476943373,0.0,2.559497020797714,0.07375402866253825,0.4573117850373446,-0.001168538426158633,8
critical_infrastructure,reputation,nash,1.252256890257231,0.3499060800750942,1.0564497778717192,1.2649843447962614,0.3117109879624368,0.997960402904706,0.02857142857142857,93.01411422400308,0.12275139943451842,9.113405821018652,0.27421009429275534,0.3850907209236767,-0.006404644329752962,8
critical_infrastructure,combined_portfolio,nash,1.3380699136195786,0.2676583786505974,1.1159887151928605,1.350275194054559,0.21916074370549532,1.0465893239321717,0.0,92.0388087554629,4.674531042675586,11.411856788896873,0.3423106614908071,0.3882954436476617,-0.008020750344026273,8
critical_infrastructure,baseline,nash,0.5738550760918244,0.4629935542668676,0.8326217115157112,0.5957481053874119,0.44623596319399805,0.8011413276122987,0.15714285714285714,62.945962431700664,0.0,3.0387482453910737,0.08379193991140706,0.4636817382204386,0.0072459856755442975,9
critical_infrastructure,reputation,nash,1.0486264414975082,0.3654064661204667,1.0308121611901568,1.0825331970054475,0.3245749414499365,0.9703993075686236,0.0,89.64298739309884,0.1225202398494117,9.284389948613677,0.2728674416218378,0.3334490597016916,-0.0038995856306719145,9
critical_infrastructure,combined_portfolio,nash,1.2217734797375148,0.28522480536100153,1.1229313323395194,1.253267145574791,0.2311467221159003,1.0467087059875264,0.0,92.4984627726038,4.716551527746558,11.898260753345959,0.3487847798946935,0.35238330242062565,-0.007068963352728691,9
critical_infrastructure,baseline,nash,1.0303402343535508,0.3950055623144194,0.8459005663306541,1.0418904317590822,0.37238056281484067,0.8073455835463171,0.2571428571428571,73.47495873713137,0.0,2.2471679980207684,0.06544202311038264,0.4984845863472743,-0.0014379561678961872,10
critical_infrastructure,reputation,nash,1.280176291913424,0.2196638619950067,0.9915472145124686,1.2939900144425476,0.17638431401125895,0.9310486720908291,0.02857142857142857,83.46268945877702,0.11870912487033206,8.170264301227455,0.2515647010915866,0.32588500909461704,-0.006061872083516634,10
critical_infrastructure,combined_portfolio,nash,1.361113387214539,0.10191351580754629,1.0330559405321402,1.3727985516963075,0.05098538254523717,0.9621594539465402,0.0,82.38783830905237,4.512171362430712,10.347809137674929,0.31731042693597944,0.34621619023162453,-0.007879710439938126,10
critical_infrastructure,baseline,nash,0.5505947684358181,0.5893221334318058,0.7923990275706376,0.5688037794078409,0.5793192833397425,0.7652424880968443,0.22499999999999998,64.95205612059826,0.0,3.048582186179874,0.08848127786795353,0.4710228357896323,0.00966890270807133,11
critical_infrastructure,reputation,nash,0.9940793320271155,0.5453661922971896,0.9280766771832168,1.0162627434884421,0.5219164858837843,0.8819286320596873,0.0,91.80345369696654,0.11925259849543346,8.341021937174062,0.2545081078795798,0.2677259860592631,-0.0010265322247944297,11
critical_infrastructure,combined_portfolio,nash,1.1689415576345807,0.49794817649628625,1.0016884252023857,1.187612288206755,0.4671730002786179,0.9446742192630831,0.0,95.34924428842464,4.54279188532281,10.553073351158273,0.32202353167443165,0.29818151786726477,-0.003993768213709364,11
critical_infrastructure,baseline,nash,0.8952703671925228,0.632920630840087,0.8828512049440278,0.9086843712258146,0.6085190050004342,0.8451854357917741,0.2,76.63129489674546,0.0,2.414166521450956,0.07091229252448826,0.3776330559224189,0.0004823768974305531,12
critical_infrastructure,reputation,nash,1.2002632508223074,0.5104515445110612,1.0292900042093023,1.2153322521366525,0.46813368733425875,0.9703112161029799,0.02857142857142857,90.22531970370295,0.11868829368698841,8.42208221910285,0.251452488645965,0.3205205566979502,-0.004659842731099317,12
critical_infrastructure,combined_portfolio,nash,1.2947840851737438,0.43648543253062205,1.100851132121185,1.3085375030702773,0.3848555164284454,1.0311477521703325,0.0,89.66944515590171,4.469255077426906,10.401911041543487,0.3107063090461816,0.32444618589712815,-0.006185415911703962,12
critical_infrastructure,baseline,nash,0.7069559242486436,0.6189211568533044,0.9879167271373033,0.73281984111591,0.5922018412857383,0.9379417987395084,0.22857142857142856,59.35863198397796,0.0,2.947385744541869,0.07917772641252349,0.5047052262092182,-0.0023267253330516713,13
critical_infrastructure,reputation,nash,1.0934517844798952,0.5271445853807469,1.1785276069205615,1.122136224509552,0.4786516698562873,1.0987261965316155,0.02857142857142857,76.4788286446132,0.11937326133859856,9.205338081746527,0.25516580902735553,0.3727388696624605,-0.00957660204598762,13
critical_infrastructure,combined_portfolio,nash,1.2263656747862368,0.46533980295760197,1.2720690061499802,1.251305917943398,0.40616443628088117,1.1769609520612936,0.02857142857142857,76.92741176870261,4.521119840322759,11.469108625053526,0.3180412542226144,0.380102494659726,-0.01171395351100063,13
critical_infrastructure,baseline,nash,0.904246679901679,0.3023636874923681,0.9607210905880571,0.934101574246953,0.27389943443049647,0.9131203215195889,0.2857142857142857,86.32026706756716,0.0,2.174448021327787,0.06413356882806728,0.35196027035327954,0.0007633839950807186,14
critical_infrastructure,reputation,nash,1.2947138715544357,0.09233908209484254,1.1217347905518078,1.3200776987076939,0.04122521220574872,1.0423984804426984,0.0,104.92262732257868,0.11768482826454357,8.175897860862094,0.24610055112200466,0.28867352146198055,-0.007555807199169706,14
critical_infrastructure,combined_portfolio,nash,1.3826600425943234,0.0,1.1448289900620192,1.3826600425943234,0.0,1.0594239114047457,0.0,102.81914609859741,4.485837313833956,10.33553479797652,0.31325782689982246,0.30688632407208516,-0.009193906803761115,14
critical_infrastructure,baseline,nash,1.0209907347160325,0.5767768450752935,0.8408539428619128,1.0283671302749922,0.5619370283738974,0.8116677018096146,0.2607142857142857,77.57789135653363,0.0,2.8298219550161074,0.07967813831403346,0.5533167354385181,-0.0010768033600300764,15
critical_infrastructure,reputation,nash,1.2569652448043784,0.46348901702840295,0.9584903993579685,1.2656168379744033,0.4356912344321936,0.9125669259030027,0.02857142857142857,87.05762010428433,0.1288326649739718,10.717844686382133,0.31177315405347594,0.3915738779667308,-0.005116514958414309,15
critical_infrastructure,combined_portfolio,nash,1.3278907303710885,0.4047451105415638,1.01093134999238,1.3360182758997494,0.3709109556870621,0.9573780786895273,0.02857142857142857,84.9664404700043,4.890827806202362,12.77998276622851,0.3750028572017541,0.37419712713131525,-0.006311023456224085,15
critical_infrastructure,baseline,nash,0.9396139584562258,0.433157177323903,0.8034594443428618,0.9507235616530114,0.41894043546661874,0.7757886800037628,0.2857142857142857,84.10290694059735,0.0,1.9551238561338062,0.06087740181465655,0.4611167825092983,0.002274220561721871,16
critical_infrastructure,reputation,nash,1.2407133740931084,0.276687711984485,0.9501310101716117,1.2536249113034783,0.24398907892389032,0.9016719585523254,0.08571428571428572,98.61323591753717,0.10959951297905222,6.743618676251105,0.20654735633298926,0.31117267985190306,-0.0031047384098329966,16
critical_infrastructure,combined_portfolio,nash,1.3344249007220104,0.19499778754821076,0.9992199047376259,1.3460268834654303,0.15374886633242035,0.9416872137058943,0.0,98.73211364446281,4.131542818619884,8.420963919139515,0.25880936782900216,0.3286204913159637,-0.0048509854086568605,16
critical_infrastructure,baseline,nash,1.0576766183115565,0.4253525107493717,0.7732305960301651,1.070059649940624,0.40480811266644534,0.7474756791936501,0.2464285714285714,100.64389215825017,0.0,2.8737665668243775,0.0778594084595286,0.5730213804156292,0.0008874472475198791,17
critical_infrastructure,reputation,nash,1.2909535059265556,0.2630921018441172,0.9035078059545304,1.3060456592691165,0.22284084451713598,0.8591928198746144,0.02857142857142857,112.41324225655987,0.1255045430942329,9.998001498269115,0.2906730287985659,0.34881644214811536,-0.0036126409837986817,17
critical_infrastructure,combined_portfolio,nash,1.371372640243048,0.16135702339302058,0.95574403046234,1.3854848611276465,0.1102896530634094,0.9017808489959422,0.0,111.66233429574578,4.810858666880456,12.452823688467522,0.3633199378481647,0.3517903290342957,-0.005284462839447723,17
critical_infrastructure,baseline,nash,0.9817750844686052,0.420687903078059,0.7555676716065877,0.9868344967052134,0.41568492797172024,0.7392791837990982,0.2857142857142857,79.67391287437383,0.0,2.2993279741799006,0.06403948757967665,0.5672696253456692,0.002412002247219311,18
critical_infrastructure,reputation,nash,1.2573292030181773,0.2876241184561347,0.8759455776311641,1.265775861083701,0.26803859962194354,0.8425647633965507,0.02857142857142857,91.63633850938518,0.11446231227526546,7.656627961836549,0.22959534851322905,0.34550625205596386,-0.002860322325345749,18
critical_infrastructure,combined_portfolio,nash,1.3514117338197809,0.1923290886960023,0.9398580833497788,1.359987532617542,0.1642857384687752,0.8965623791695129,0.0,91.54686001148093,4.2690307435865975,9.275259672527199,0.2799209172903254,0.34336625035814156,-0.004661497492516098,18
critical_infrastructure,baseline,nash,0.4579045770372583,0.431806383995879,0.7687611849211266,0.47327502030790214,0.4248051911586699,0.7417290660516072,0.17142857142857143,47.77167407060294,0.0,3.1585692266255174,0.08835867919048121,0.460245913974182,0.018219588744590717,19
critical_infrastructure,reputation,nash,1.0069512552593716,0.352420768157151,0.9648532243108922,1.039123905838992,0.32283129344695927,0.9109340117393956,0.0,78.00731399518978,0.12267530970592772,9.31358538944001,0.2737676143471073,0.33519678158431865,0.0006883203465009174,19
critical_infrastructure,combined_portfolio,nash,1.1951536958393558,0.2888981661917064,1.0551203410832828,1.225073108980286,0.2481493104559508,0.9872728086264029,0.0,80.78854409924138,4.707106556814942,11.823305703844769,0.3473294587379072,0.3496691580290447,-0.0030378227340466524,19
critical_infrastructure,baseline,nash,0.45457297924416196,0.3788502717592961,1.0009971745177404,0.501951176320368,0.3520196255638899,0.9438498041946264,0.21785714285714286,64.26133255952735,0.0,3.062495129700122,0.08917634112675638,0.5569538438283856,0.0087444181649739,20
critical_infrastructure,reputation,nash,0.9877931140175491,0.3030537599512458,1.2497865220416478,1.0578774712860985,0.24444893143001292,1.1516237723799536,0.0,100.44464029533644,0.11843182089287108,8.343321286661373,0.2500764476342875,0.34335263515782066,-0.0078055022796300055,20
critical_infrastructure,combined_portfolio,nash,1.2033567365052398,0.22443778854902316,1.3293334072069165,1.264617525333479,0.15067315754877603,1.2116796853891318,0.0,106.31378366315835,4.438725220897215,10.309616342031871,0.3060093990756777,0.34966094433011674,-0.01225177430842117,20
critical_infrastructure,baseline,nash,0.7920040666542005,0.5099604237247224,0.8602645041323653,0.8070667129045451,0.4909561731579413,0.823241280315167,0.2,63.93512299211721,0.0,2.331286721434143,0.0678367361113129,0.47895248706330673,0.003016862152550745,21
critical_infrastructure,reputation,nash,1.1889452007534445,0.3633126974979367,1.0497903638529928,1.2087807974268556,0.32113420225235995,0.9852002863327319,0.0,81.07556421130641,0.11925463643175421,8.713213790372382,0.2545189125891035,0.3457912508580464,-0.004437379771077915,21
critical_infrastructure,combined_portfolio,nash,1.3059510175873477,0.28229600508212255,1.1209072051427231,1.324174432087351,0.2291115729653662,1.0440682309699234,0.0,80.96955072153214,4.556163585865974,11.103896072401369,0.32408197934194616,0.3695724029336808,-0.006489602606077061,21
critical_infrastructure,baseline,nash,1.0471915167981638,0.4620925626868795,0.9793942522314084,1.0614535036796358,0.43339165608244024,0.9243061608346437,0.2857142857142857,105.39878957154824,0.0,2.6475246818058906,0.07165546732627243,0.5368942028396252,-0.0023918408037130745,22
critical_infrastructure,reputation,nash,1.2726066539207623,0.3188013476296583,1.1265836372777103,1.2892545644899251,0.2702705752002351,1.0493155139802681,0.0,117.23603308377676,0.12099360319533875,8.762487663402236,0.26414603175435963,0.2811342278976213,-0.006580675605242059,22
critical_infrastructure,combined_portfolio,nash,1.3546784897114066,0.22936281681849777,1.182751159846466,1.3700415282208407,0.1705073214750925,1.0943740912923703,0.0,116.9056884952027,4.561122827088134,10.725284453322955,0.324845452483157,0.2845327110227819,-0.008194988820750787,22
critical_infrastructure,baseline,nash,0.6935351712588358,0.457262938919246,0.8525412371701065,0.710918873677375,0.4433513159471544,0.829419206967526,0.28928571428571426,64.09772062987457,0.0,2.4663366849205417,0.0736930859931389,0.4737970658454388,0.001608544362612846,23
critical_infrastructure,reputation,nash,1.1152133793079173,0.36747149885722635,1.0233556858349195,1.1368988740592412,0.3358230807014968,0.9745520560892191,0.0,84.13910393279842,0.11917260759481191,8.240013613020068,0.25407278399714467,0.3192239709735945,-0.006798633977184443,23
critical_infrastructure,combined_portfolio,nash,1.2465932622875762,0.30895534047866696,1.0993643452014867,1.266095715910242,0.2691543851674119,1.038483492159645,0.0,84.92551706372231,4.4586470854335545,10.014126637130655,0.30907419667695796,0.30846994254276605,-0.009039461732552684,23
critical_infrastructure,baseline,nash,0.6138590900705226,0.5790000528257835,0.7922756797436336,0.6262599852548578,0.5683094240213258,0.7735924312762588,0.33214285714285713,64.31272595235262,0.0,2.8120416282200726,0.08408915632643135,0.43714198852548225,0.006574136220221266,24
critical_infrastructure,reputation,nash,1.0414147159355909,0.4953967678202565,0.9406051962202339,1.0584195875511986,0.46906021800808034,0.9010611423339671,0.0,87.8559203133185,0.12296585980553898,8.978979299309971,0.2754614399321124,0.31278014149912947,-0.0014874719379963375,24
critical_infrastructure,combined_portfolio,nash,1.1947519467766983,0.430372359544874,1.0191251427480474,1.2104170620812331,0.39534224988047095,0.9680502953972219,0.0,89.98902257491486,4.697440270314285,11.229461619234181,0.34584011400014575,0.32614495068152494,-0.003902926339471008,24
critical_infrastructure,baseline,nash,0.6885963928895424,0.49371484344257804,0.8940172504008399,0.7146718656310764,0.4687738295158974,0.8560851826779516,0.22857142857142856,64.19449879196527,0.0,2.6810363533726482,0.07785092198372484,0.48065080503199076,0.005132580715127233,25
critical_infrastructure,reputation,nash,1.1086572090186786,0.38327213670927446,1.0835100224422454,1.140554981133568,0.3349727201549252,1.0179054457533474,0.02857142857142857,84.37386761480488,0.119063450725126,8.366910593119444,0.25348037640190113,0.3311745259120178,-0.0036379992040376508,25
critical_infrastructure,combined_portfolio,nash,1.2502812117481674,0.3128934470446764,1.1602841827737564,1.2784986519274262,0.2535408012127386,1.0814709496319728,0.02857142857142857,85.4426372315699,4.534339797860344,10.523771276869205,0.32007601742154546,0.35600706452821673,-0.006175547122391489,25
critical_infrastructure,baseline,nash,1.0028137989241914,0.4971213880238007,0.9519915537728704,1.016161357424902,0.4733698298994372,0.9167353737471833,0.2571428571428571,79.4554140293807,0.0,2.1265368968088985,0.0648639828080447,0.35522758093179,-0.006518966055896247,26
critical_infrastructure,reputation,nash,1.2542198518787986,0.375464024879665,1.0999591762118641,1.2683038053593396,0.3344820731841779,1.0415214784867242,0.02857142857142857,89.95907824492856,0.11506490423634472,7.372636860784018,0.23260465790846888,0.2375597917949145,-0.010917677748955606,26
critical_infrastructure,combined_portfolio,nash,1.3339494425734446,0.3000305397987539,1.1687659890290811,1.3466340583370568,0.25026175952303165,1.0987015692898139,0.0,88.93358213879007,4.334516256065322,9.179114930071211,0.289984660778549,0.2501485648714581,-0.012364311061390576,26
critical_infrastructure,baseline,nash,1.1209022318778807,0.44488175774346017,0.9717668100761272,1.1325873226840373,0.4139239429204248,0.9229763369280115,0.2857142857142857,104.35912808676159,0.0,3.000162467131412,0.08360038642528725,0.6508453091060631,-0.006788812474154138,27
critical_infrastructure,reputation,nash,1.3136832871135484,0.262630202353732,1.1250807613994034,1.327563257210708,0.2069617828318746,1.0510641456666079,0.0,114.35089697428474,0.1304765768959681,11.098675870304081,0.3227046923293918,0.399627367771895,-0.010468110989863305,27
critical_infrastructure,combined_portfolio,nash,1.3802797123046195,0.16584122590430575,1.1649507778278712,1.3928356314475852,0.09965382867033443,1.0805793228772003,0.0,112.83143849932125,4.979102486846016,13.411442960463182,0.3892672087647594,0.38438257377603635,-0.011915470078745771,27
critical_infrastructure,baseline,nash,0.6190778436931359,0.4744562854705605,0.9235259121486495,0.6437241207000701,0.4499022260052174,0.8779822060357342,0.2857142857142857,73.34080478676697,0.0,2.546318073525266,0.0727702698521557,0.484953270220985,0.006245008483141343,28
critical_infrastructure,reputation,nash,1.0840674537211221,0.3668008694050546,1.1359949912692426,1.1199598154357546,0.31645554179627045,1.0586501300906996,0.02857142857142857,101.29150471701669,0.1133255188778994,7.621504086081455,0.22401305043339997,0.34650127024400806,-0.004411861691538649,28
critical_infrastructure,combined_portfolio,nash,1.2434044564492663,0.29037608678070925,1.212985535188088,1.2765764609002939,0.22742634686612848,1.1206878836375054,0.0,104.72587538952351,4.215076695581892,9.201533299426577,0.27163323879795087,0.34303858469569243,-0.007346463758793165,28
critical_infrastructure,baseline,nash,0.7221220019428334,0.6058369915598203,0.7337275986108388,0.7265144960503721,0.6059223506422337,0.728473157357657,0.2,77.2569246264106,0.0,2.463791057579757,0.07195050922495902,0.37464251540464466,0.005283322087713246,29
critical_infrastructure,reputation,nash,1.1038024029152362,0.5173258129598293,0.8705165615260018,1.113586429767599,0.5030230490516463,0.8465235046864197,0.0,98.9358085155436,0.11190792493332019,7.103420948762959,0.2172199881511979,0.2364063967591387,-0.0019926529895265,29
critical_infrastructure,combined_portfolio,nash,1.2371658943807844,0.45095050629702144,0.9421078806371818,1.246965630314155,0.42860046901764925,0.9078221698113893,0.0,101.27916988668265,4.168845274656573,8.665982873750185,0.2645347692487485,0.2412547637407901,-0.004161902076167762,29
critical_infrastructure,baseline,nash,1.0526312404006033,0.44466136066761275,1.0259321733644982,1.0716145894013234,0.40428374316464977,0.9466166723988118,0.20357142857142857,120.88936491409703,0.0,2.7709432534416587,0.08268432055206393,0.4483506935330275,-0.00544216367565481,30
critical_infrastructure,reputation,nash,1.2913167482178052,0.25167253246929383,1.198966335730303,1.3152948766475188,0.17816573642587796,1.0897192952958041,0.0,135.6024056553828,0.12279357803501331,9.120606624528433,0.274456618287715,0.3256274059689288,-0.010055367217149835,30
critical_infrastructure,combined_portfolio,nash,1.3717926450048594,0.13322943633890835,1.2352751057049143,1.3902923676332595,0.0539575725600512,1.1141105506718725,0.0,135.53783007875364,4.673366762943128,11.269610557541416,0.34213130213903065,0.3379634675369887,-0.011817051236156284,30
critical_infrastructure,baseline,nash,0.722917521191412,0.52958832295394,0.8556835136793006,0.7409967890360871,0.5160185743929542,0.8332248383714171,0.2571428571428571,80.9740480968131,0.0,2.7838524436248653,0.08171899867812413,0.37560911499294286,0.0004616366196002891,31
critical_infrastructure,reputation,nash,1.1109199658587503,0.4589582784959934,1.0061507014017061,1.131618748916944,0.4303963015219471,0.9610019889173713,0.02857142857142857,102.9599760613418,0.12195012593932505,9.042786710029848,0.26958041823416123,0.3142700831113434,-0.007234978508184137,31
critical_infrastructure,combined_portfolio,nash,1.2418611094933567,0.4039883037317423,1.0795902799153496,1.2600365645820304,0.3679403359347768,1.0228900247124502,0.02857142857142857,104.51493283883394,4.659451147694208,11.311711545509144,0.33934070001273575,0.3271771852309092,-0.009427863109606777,31
critical_infrastructure,baseline,nash,0.6821127716993813,0.6388256763604684,0.9650104644921822,0.6984951820786663,0.6182743703761273,0.9181158968433483,0.2857142857142857,61.67031997470395,0.0,2.6352131560688834,0.0738998841322572,0.5041429591135373,-0.0024000509149390004,32
critical_infrastructure,reputation,nash,1.0830915701410846,0.5367167697234971,1.1580460324894184,1.101950355521495,0.49597492572533713,1.081569272668251,0.02857142857142857,80.32780484013949,0.12037410546876832,9.228332847986074,0.26067942638740027,0.39379359229068467,-0.008945817201170131,32
critical_infrastructure,combined_portfolio,nash,1.2121406228572729,0.48562467320045505,1.241523881483386,1.2286381985354602,0.4361996121411224,1.1517497393495717,0.0,80.5778292569059,4.56972868341775,11.526564065748326,0.32617037191902376,0.4005148203146043,-0.010839988570983783,32
critical_infrastructure,baseline,nash,0.8270577764248493,0.6102841241732749,0.7624454468642529,0.8416018898257096,0.5842310841404064,0.7338611285655262,0.22857142857142856,87.46537964450079,0.0,2.631598215400457,0.07519771008512144,0.44181861558375213,0.0030658953026001384,33
critical_infrastructure,reputation,nash,1.1362284353254715,0.5181392817046372,0.8788775442285902,1.1531220040227665,0.47742987580796115,0.8340799081605165,0.0,104.22354983980978,0.11433952382241636,7.812888026063144,0.22898660307786525,0.310494717074145,-0.002286132047197853,33
critical_infrastructure,combined_portfolio,nash,1.2517701846390021,0.4497549053276894,0.9440727327701954,1.267249017498978,0.40023751440539546,0.8898997478110529,0.0,105.52063285418426,4.299568593262366,9.666343728406838,0.2846133111461613,0.32352396640903347,-0.004123985298593147,33
critical_infrastructure,baseline,nash,0.5002181622298205,0.5364641941947605,0.7580925273501288,0.5185814120026027,0.531164095997122,0.7437147332599056,0.2857142857142857,44.3765601096489,0.0,3.0044309778223974,0.08137599162416627,0.5898419442172964,0.016163591480115272,34
critical_infrastructure,reputation,nash,1.0026266961153845,0.4437407740284211,0.9183460674209079,1.0271752487089483,0.4195585003204793,0.8818643305100589,0.02857142857142857,69.00727924457041,0.11771572908585493,8.73009678499429,0.24626378016420042,0.3419800831154958,0.003282810030288741,34
critical_infrastructure,combined_portfolio,nash,1.184761820708832,0.3792779309903813,1.002074825829673,1.2069050714495486,0.3454537044774569,0.9535784063583793,0.0,71.46525254383657,4.422157057829838,10.65501768041748,0.30346083796144047,0.3471035410031046,0.00011039172361353156,34
critical_infrastructure,baseline,nash,0.7852809664105892,0.6072685432746069,0.9236523540697017,0.7990899198783283,0.5961131410312686,0.9022562131766744,0.2571428571428571,81.24342915616083,0.0,2.5749386053049186,0.07380451825811049,0.5066818887730928,0.0007768121095945157,35
critical_infrastructure,reputation,nash,1.1069389375921803,0.5243592142914673,1.0633348301695964,1.1226667785056224,0.49891354822654055,1.0212596194820378,0.0,98.63832462809006,0.11130000811153976,7.1745559159837935,0.2143635332688488,0.2776537677685929,-0.004831969210269682,35
critical_infrastructure,combined_portfolio,nash,1.2385374540812968,0.46020506458711224,1.1439035329478022,1.2522777328859624,0.4265655881913031,1.089438674099699,0.0,100.6678098545213,4.195629763313761,8.990443436345885,0.26864697424311246,0.3081830507024029,-0.006885965267872801,35
critical_infrastructure,baseline,nash,0.8329460584505968,0.3467382897508951,0.769341380008446,0.83802794524398,0.3350588563992901,0.7388151920474921,0.2857142857142857,73.60831515403031,0.0,2.334959844771091,0.06903107424219096,0.50222855175922,0.0037774141070348183,36
critical_infrastructure,reputation,nash,1.2113758011623852,0.20842699117821828,0.9297582025351265,1.2246626855495584,0.179299869002296,0.8765914028034973,0.0,91.47090503209924,0.11754689508218258,8.378886741241153,0.24537282981877484,0.36845296868198596,-0.003664842471304053,36
critical_infrastructure,combined_portfolio,nash,1.3330163602933158,0.11289266711695509,0.9893365572773266,1.347073676153549,0.07402796066080387,0.9249844191360477,0.0,92.39530520670107,4.461939258118443,10.544971112930607,0.30958070628734563,0.38580030635067436,-0.006066303431447567,36
critical_infrastructure,baseline,nash,0.8152641798761042,0.6079261634910793,0.7995619121677726,0.8311320454945376,0.5850124565825925,0.7660079641934289,0.14285714285714285,75.96685579910485,0.0,2.878641661105252,0.08667690102010597,0.4844093144902133,0.002205534491958358,37
critical_infrastructure,reputation,nash,1.13127827511744,0.504985770420581,0.9322803234033172,1.150089255287733,0.46496353550879166,0.880006426286081,0.0,91.47828287233192,0.1218340183451172,8.537822839468147,0.26891549623787747,0.32072922303946627,-0.003319356711418836,37
critical_infrastructure,combined_portfolio,nash,1.2506542068063577,0.4317913325551555,1.0065843154395422,1.2676741332070407,0.3818028603784113,0.9434063097156764,0.0,91.99274111028598,4.675400571429002,10.892432106455324,0.3424446167772449,0.3462889160370447,-0.005242179911963768,37
critical_infrastructure,baseline,nash,0.9914967713651062,0.567074088258783,0.787182121633203,1.002613892765714,0.5409780053305875,0.7482496816174193,0.2,100.85604232436847,0.0,2.4994353886291147,0.07283217718463827,0.4565255877227324,0.003995043416752608,38
critical_infrastructure,reputation,nash,1.2463473481707121,0.40598930459503635,0.9184709846563534,1.2599927231599837,0.35980857185926873,0.8616083718747336,0.0,114.69747326243291,0.11965510357799103,8.468132406216021,0.25670753094170784,0.3093940955388969,-0.0004077853573711404,38
critical_infrastructure,combined_portfolio,nash,1.330730139207628,0.3195352672713124,0.9857865260592203,1.3435243658364797,0.26275291411259216,0.9195225295077505,0.0,114.4927805329475,4.5489723786989185,10.662929041587695,0.3229749391782903,0.3270215028400453,-0.001836256700002925,38
critical_infrastructure,baseline,nash,0.8549703373804183,0.5584799256156533,0.8417525232010683,0.8708228800211713,0.5365098689629546,0.8096451597257823,0.15714285714285714,55.00854426513638,0.0,2.4234744384826676,0.07087540579023574,0.41346457053176355,0.0010676034266898504,39
critical_infrastructure,reputation,nash,1.2134903532194892,0.4024597363935907,1.0303477865362476,1.2338372151927537,0.3551284673378623,0.9708285480110671,0.0,67.85459010574478,0.12280029830010597,8.911795560513635,0.27449501188472986,0.28533720488322434,-0.005516673775815523,39
critical_infrastructure,combined_portfolio,nash,1.3149689796306903,0.3160530362430628,1.1034607352265204,1.3335585664935916,0.25665220089726987,1.031611602731743,0.0,66.4572441028175,4.743970078540762,11.491901359177945,0.35300995282327324,0.31312877954898216,-0.007327899637905783,39
critical_infrastructure,baseline,nash,0.9929697966559965,0.6644936062177049,0.7777734526842482,0.999564779063137,0.6515195737302709,0.7544951308295884,0.2,84.30451403655493,0.0,2.9990698598580163,0.08417209336123153,0.49215669473481144,0.0014034963568860248,40
critical_infrastructure,reputation,nash,1.228948061329591,0.5650426927807924,0.8786760146035935,1.236972030692802,0.5407118796900667,0.8415435192397787,0.0,94.77960379625955,0.12611405967694453,10.026960817536857,0.29443681183260956,0.3203931481368893,-0.0025242560936416525,40
critical_infrastructure,combined_portfolio,nash,1.3121425099186776,0.5005941576944593,0.9318354062210318,1.3195167107976822,0.4698256342954033,0.8872065580618245,0.0,93.3952100604058,4.866121051739086,12.75973379722916,0.3718404818154397,0.3282604522385436,-0.003874169182632836,40
critical_infrastructure,baseline,nash,0.8112391978370689,0.39717975101251035,0.7730379873972828,0.8241818890047372,0.37825195400170664,0.7515471613593343,0.2714285714285714,79.68378880793428,0.0,2.1540699418451017,0.06491188876608084,0.36382520528549667,0.002489486129724258,41
critical_infrastructure,reputation,nash,1.1883257649895098,0.24167113919651276,0.941025217094671,1.2065208692647889,0.20149303105431066,0.895206986422818,0.0,99.17343123220664,0.11663894876471076,7.920725645377415,0.2406312028338721,0.2873713527558305,-0.004310910322525119,41
critical_infrastructure,combined_portfolio,nash,1.311395937508884,0.14261904143879064,0.9991452627887453,1.328452597897367,0.0913326782815831,0.9417224534006778,0.0,100.49415833641424,4.442269787523358,10.034474272591424,0.3065546613397049,0.31955350361475165,-0.006585167198048414,41
critical_infrastructure,baseline,nash,0.712146036780043,0.5625405000615641,0.8108643557150241,0.7235626995240596,0.5565832728830731,0.7886844231653193,0.3142857142857143,55.109543371451856,0.0,2.428625054502488,0.06989124776162962,0.4596546491358864,0.003697228135122424,42
critical_infrastructure,reputation,nash,1.1158523889662946,0.4684574960819281,0.9661574399824455,1.131357473829783,0.44690304165721473,0.9218651759777834,0.02857142857142857,71.8258710838312,0.11624236653646869,8.009399561987017,0.2385859196488388,0.3520322023612965,-0.0038666189669031292,42
critical_infrastructure,combined_portfolio,nash,1.2464693210626125,0.4032056319201753,1.0422387902412276,1.2607396999770644,0.3736048125820626,0.9866708340136181,0.0,72.13596383681218,4.3661039191924065,9.956482799581678,0.29484079161509313,0.3568874939636617,-0.0059778416785651045,42
critical_infrastructure,baseline,nash,0.8237008280798739,0.4896849611368178,0.848913062995897,0.8339717574702183,0.47516823337818337,0.8191251158466626,0.3142857142857143,65.82413672424286,0.0,2.789521900587263,0.07503186752238256,0.5813740075304562,0.0002454763056552872,43
critical_infrastructure,reputation,nash,1.1488051723009378,0.37693518575043267,0.9917312558103527,1.161121150957281,0.3470877423817596,0.9411823325566528,0.02857142857142857,79.32643219437713,0.12608029041562485,10.220872815849145,0.2942270890152715,0.3913274753303593,-0.005066592367163447,43
critical_infrastructure,combined_portfolio,nash,1.2575417701980809,0.3118981164951529,1.0613809168995578,1.268936665100736,0.27432431019260484,1.0004263598694243,0.0,78.59969894284092,4.771980542292972,12.332204324139791,0.35732696400842745,0.38121291767996607,-0.006755953369710188,43
critical_infrastructure,baseline,nash,0.8764821597481596,0.42270090018184564,0.7486183594481808,0.8846787317650682,0.408172322940245,0.7240158140976412,0.17142857142857143,75.47571378015616,0.0,3.2362200016436313,0.09697303453699693,0.559154972046338,0.003049507197290094,44
critical_infrastructure,reputation,nash,1.1999820473960474,0.29841619358755767,0.8823027268487176,1.2134175747394202,0.2682221812756579,0.8389890519184148,0.0,89.97789059627169,0.13570020926603676,12.169450231460988,0.3598250775071652,0.39476928402855904,-0.002998980526471573,44
critical_infrastructure,combined_portfolio,nash,1.3039946776659368,0.2220049283705318,0.9478863212664863,1.3175332443088834,0.18321042784635608,0.8949258712291652,0.0,89.01785683014344,5.285916215676021,14.724481198506396,0.43663294143554554,0.38017633772507764,-0.004837454907398647,44
critical_infrastructure,baseline,nash,0.627796288933248,0.49935247477070605,0.8361734983245016,0.6488161852326257,0.47913185639204486,0.8027507262240596,0.22857142857142856,67.6356793227581,0.0,2.681690786567607,0.080266857141774,0.5051515384384115,0.006686664490165237,45
critical_infrastructure,reputation,nash,1.0557016118354263,0.4112227511235945,1.0087154999483197,1.0851040553638032,0.37188954625547976,0.9508743660200534,0.02857142857142857,91.42366614553785,0.11489532261573479,7.63246181217187,0.23175447456315515,0.36000143825113073,-0.002640360361578775,45
critical_infrastructure,combined_portfolio,nash,1.2086044658089543,0.35116632062779574,1.0933450382123133,1.2356581320894624,0.3020103608583291,1.0227252962963889,0.02857142857142857,93.88878294673806,4.324319259322843,9.465238832555869,0.2877717145364955,0.3754287759977574,-0.00532432583521078,45
critical_infrastructure,baseline,nash,0.728528041919958,0.6764510338871876,0.9545189410983079,0.7451288620193975,0.6603188610355026,0.920062502159573,0.2857142857142857,67.58331134523547,0.0,2.65423566822704,0.07317308141531106,0.4726019267271515,-0.002995058920138932,46
critical_infrastructure,reputation,nash,1.1010005231750624,0.5932333562724921,1.1280349945208006,1.1198922203506512,0.559679222930018,1.0668252869739447,0.02857142857142857,85.84571447185296,0.11602754602732551,8.162115475096638,0.23748466651202188,0.3442347243019635,-0.009532482964020206,46
critical_infrastructure,combined_portfolio,nash,1.2317087772350086,0.5368335558044348,1.2141406078546146,1.248173790772357,0.4944723918426622,1.1391289417949515,0.0,86.86016221196495,4.392179612847547,10.28949126565228,0.29885037934660486,0.3614559943444309,-0.011533914270856843,46
critical_infrastructure,baseline,nash,0.8261478470401695,0.6513619494606007,1.1618064414445497,0.8456159586308847,0.6219613237546757,1.0866185744989791,0.2857142857142857,84.20279731027135,0.0,3.428965474258085,0.09588030437827597,0.5783629247597474,-0.008723190597010905,47
critical_infrastructure,reputation,nash,1.120359195087488,0.5737553196748895,1.32537037723028,1.1401388504645922,0.5281668501424317,1.2230641888877494,0.02857142857142857,99.56016156158975,0.1319134608541982,11.083683650428764,0.3325468703908924,0.39247245923435736,-0.013439898313500731,47
critical_infrastructure,combined_portfolio,nash,1.2343774624021835,0.5139886375733668,1.4167977427721332,1.2518116020071426,0.45913743385533756,1.2989034570657176,0.0,99.75030243987084,5.132816755053019,13.734610343841094,0.41299041637721357,0.3884983194934117,-0.015147474287902363,47
critical_infrastructure,baseline,nash,0.853175625079815,0.5036299668127869,1.248360391293132,0.8839358472102785,0.4693200154856626,1.1598905051808424,0.2714285714285714,74.02194632442051,0.0,2.4105750523812217,0.07235716491896016,0.4444096149289011,-0.009211606662177796,48
critical_infrastructure,reputation,nash,1.200027895978019,0.3660333852400993,1.45,1.2341583635330997,0.3010200103915144,1.3543781361887335,0.02857142857142857,89.54280381116727,0.11714416673061652,7.900267839090475,0.24326026868695083,0.3352546390574923,-0.015787720567516678,48
critical_infrastructure,combined_portfolio,nash,1.3099091021522378,0.2622561579487047,1.45,1.3380722219115924,0.2000011286640898,1.3848583491457946,0.0,89.55391144657338,4.404937049474739,9.793696303776043,0.30081233076523817,0.33990862838819447,-0.017936577300340623,48
critical_infrastructure,baseline,nash,0.9675766803000122,0.3044406918730392,0.7640217961040907,0.9772990046359893,0.2982640395113954,0.7533600133020906,0.2857142857142857,68.66939914494903,0.0,2.305903903143231,0.06932630856918079,0.39657884954437156,-6.52739351398729e-05,49
critical_infrastructure,reputation,nash,1.309183384077309,0.1068438146088464,0.9157377301737099,1.3219249680091072,0.08105473304532025,0.8804645593403368,0.02857142857142857,81.87376575090578,0.1309966071411971,10.681720657418673,0.3262351825199354,0.3590768855293876,-0.0069350733104087126,49
critical_infrastructure,combined_portfolio,nash,1.3937145744917552,0.0035816036979717594,0.9408122065793594,1.3937145744917552,0.00044770046224646993,0.8983413964717633,0.0,79.41744830234327,5.074556693358745,13.20704279712778,0.4039971917512497,0.3483005474264884,-0.008660529447331894,49
