scenario,policy,mode,final_G,final_H,final_D,avg_G_tail,avg_H_tail,avg_D_tail,avg_free_riding_tail,avg_welfare_tail,avg_policy_cost_tail,avg_Q_tail,avg_effort_tail,avg_effort_gini_tail,stability_tail,weight_multiplier,welfare_rank_within_multiplier
critical_infrastructure,baseline,nash,0.7605371907623457,0.5246709182674845,0.8434016706967586,0.7734766222482589,0.5090349029266736,0.8189312481972617,0.2857142857142857,65.62189185648072,0.0,2.2732126874294645,0.0676653104684343,0.4512465206431837,0.0031422351720184483,0.8,3.0
critical_infrastructure,reputation,nash,1.1767076364689832,0.39133964967026846,1.0315063687725927,1.1947014331509718,0.3545415683946086,0.9798029396949415,0.0,84.79912294676228,0.12069084476729558,8.686165185972074,0.2624466340615544,0.35833827909872146,-0.004694806179439903,0.8,1.0
critical_infrastructure,combined_portfolio,nash,1.2878178861728935,0.31868035484173934,1.1068594256376834,1.3046940976211507,0.27230841089713087,1.0433654139332904,0.0,84.78086977116652,4.5564149634090265,10.74566691802288,0.32412067835478364,0.3618038061602852,-0.006602737754983712,0.8,2.0
critical_infrastructure,baseline,nash,0.8057705659041712,0.518506072639104,0.8576616982313333,0.8189753880357735,0.5016836581752161,0.8311623303854376,0.2857142857142857,67.98966527032483,0.0,2.475575577858155,0.07369918900704825,0.4503204333364157,0.0022148701218783345,1.0,3.0
critical_infrastructure,reputation,nash,1.1779274700224522,0.39044783699783997,1.0323517497800319,1.195845797945227,0.35361529945411385,0.9805230866542057,0.0,84.83932381286364,0.12101638561085368,8.747714084786246,0.2642742868653223,0.35819639476453285,-0.004715828609967776,1.0,1.0
critical_infrastructure,combined_portfolio,nash,1.2895058194147293,0.3165543188047068,1.1082546996469582,1.3063337506562078,0.26998821973075476,1.0445085950042587,0.0,84.77850837976717,4.591043938089303,10.91534193876884,0.3294522720778385,0.36052527055775113,-0.00663806056031227,1.0,2.0
critical_infrastructure,baseline,nash,0.8402927795188123,0.5129877766390499,0.8690809821678214,0.8536734959409342,0.49520249915765846,0.8409485745480892,0.2857142857142857,69.74028444423303,0.0,2.656889966793333,0.07910623211415185,0.4495461711498763,0.0015296789499460312,1.2,3.0
critical_infrastructure,reputation,nash,1.179112445695995,0.3895751673411922,1.033172459315295,1.1969591685037582,0.35270747987169326,0.9812216582007846,0.0,84.87825045280968,0.12133442042667138,8.808214149806947,0.26607089097944436,0.35806218562116804,-0.004736307000742984,1.2,1.0
critical_infrastructure,combined_portfolio,nash,1.290948264298801,0.31470836309991485,1.109425187820722,1.3077387087275003,0.2679680983709181,1.0454627525727758,0.0,84.77634600681232,4.619904791490075,11.06358154826646,0.33389662275525617,0.357559157980312,-0.006668536528808555,1.2,2.0
