time,scenario,policy,mode,G,H,D,Q,Q_norm,avg_effort,effort_gini,free_riding_ratio,welfare,policy_cost,stability_score
0,small_volunteer,baseline,nash,0.7432688469201258,0.0,0.29810617343180684,2.6877651984283726,0.36614805448247933,0.07347674709159836,0.4462823484826093,0.22857142857142856,46.940474779469284,0.0,-0.0054001427356844545
1,small_volunteer,baseline,nash,0.8831772546087919,0.0,0.29240439313375555,2.2714343535805095,0.3325381282086861,0.0620896838654578,0.4378999935524788,0.2571428571428571,51.609555248343646,0.0,-0.006664290971098552
2,small_volunteer,baseline,nash,0.9742617482774132,0.0,0.2945817973627037,1.9298329623120418,0.30159612807105973,0.05274600719947238,0.4298920871334162,0.2857142857142857,54.35848553507607,0.0,-0.007376027869603341
3,small_volunteer,baseline,nash,1.0337078710415204,0.0,0.2818558603991435,1.7059131479597953,0.27928923220136415,0.04662086545579444,0.42371279340439494,0.2857142857142857,56.04545897528329,0.0,-0.008017067755897278
4,small_volunteer,baseline,nash,1.0729678200161872,0.0,0.27632820725694457,1.556181177947176,0.2633178497040013,0.042524868044213376,0.4200839899797999,0.3142857142857143,57.11756854816027,0.0,-0.008396802594347053
5,small_volunteer,baseline,nash,1.0992542802357361,0.0,0.2832724235939598,1.4547484933662966,0.25195758927663275,0.03975001289839856,0.418356106798063,0.37142857142857144,57.81782522261177,0.0,-0.008504697320104837
6,small_volunteer,baseline,nash,1.1170725858937804,0.0,0.2877556924133114,1.3853530803838634,0.2439116750715515,0.037851530917507877,0.41734473044050935,0.37142857142857144,58.28478636689849,0.0,-0.008578912247166448
7,small_volunteer,baseline,nash,1.1292717812400845,0.0,0.30543396220586927,1.3375132087223316,0.2382274854559831,0.03654272359767293,0.4169424235553152,0.37142857142857144,58.60098709996216,0.0,-0.008434451011122057
8,small_volunteer,baseline,nash,1.137687994077414,0.0,0.31010557533909744,1.3043428483078574,0.23421756958704815,0.03563523065441265,0.416807643738228,0.37142857142857144,58.817502702257244,0.0,-0.00843456186718905
9,small_volunteer,baseline,nash,1.1435274433656493,0.0,0.30697226656837695,1.2812453650101063,0.23139111098335108,0.03500330924274986,0.4167819692962311,0.37142857142857144,58.966954900441166,0.0,-0.0085184717866722
10,small_volunteer,baseline,nash,1.1475959016901718,0.0,0.3197508152397447,1.26511170296556,0.22939979314801387,0.03456190631541872,0.41679607549816566,0.37142857142857144,59.070709531922226,0.0,-0.008379699983383171
11,small_volunteer,baseline,nash,1.1504389770265473,0.0,0.3214241746485568,1.253816894649568,0.22799725837650447,0.03425288825202248,0.41681338640426135,0.37142857142857144,59.1430340258661,0.0,-0.008378229594092623
12,small_volunteer,baseline,nash,1.1524300069676916,0.0,0.3195708461730252,1.245896892192431,0.22700959210891375,0.03403620154320278,0.4168290952851188,0.37142857142857144,59.19359556610771,0.0,-0.008416784826217771
13,small_volunteer,baseline,nash,1.1538264722246745,0.0,0.32388093788571254,1.2403369396524688,0.2263141535805588,0.0338840839559823,0.41684907427176543,0.37142857142857144,59.229015236304605,0.0,-0.008370342639374861
14,small_volunteer,baseline,nash,1.1548069841736337,0.0,0.3329940527305657,1.2364305872341246,0.22582451420437566,0.03377720781928036,0.4168713149624794,0.37142857142857144,59.253863553640834,0.0,-0.008258634028049272
15,small_volunteer,baseline,nash,1.1554959673931877,0.0,0.3353959532351391,1.233684445886108,0.22547978856201098,0.03370207444282347,0.4168870825060762,0.37142857142857144,59.271313448424,0.0,-0.00823238359943379
16,small_volunteer,baseline,nash,1.155980362481607,0.0,0.3395250167604915,1.2317531362974026,0.22523709556344487,0.03364923449194232,0.4168982219903845,0.37142857142857144,59.28357657711828,0.0,-0.008182413043615
17,small_volunteer,baseline,nash,1.156321050558338,0.0,0.35221308963880815,1.2303944904469872,0.22506623898986916,0.033612062389918276,0.4169060835473628,0.37142857142857144,59.292199015854855,0.0,-0.00802180624007054
18,small_volunteer,baseline,nash,1.1565607302861405,0.0,0.36556897662341586,1.2294385098608143,0.22494595721450014,0.033585907061961476,0.4169150032632618,0.37142857142857144,59.29826378404,0.0,-0.007853668001133851
19,small_volunteer,baseline,nash,1.1567293810302732,0.0,0.37481735860618237,1.2287657590535463,0.2248612805749447,0.03356750080434575,0.41692176573073825,0.37142857142857144,59.30253063677916,0.0,-0.007738304754936642
20,small_volunteer,baseline,nash,1.1568480681024798,0.0,0.3870648324677706,1.2282922772212284,0.2248016698533492,0.033554546481717296,0.416926530472429,0.37142857142857144,59.30553310294696,0.0,-0.007586104750459288
21,small_volunteer,baseline,nash,1.156931601388699,0.0,0.3841269547244027,1.227959017087047,0.2247597052580409,0.03354542858141286,0.4169298867737181,0.37142857142857144,59.30764611914042,0.0,-0.007623258576722414
22,small_volunteer,baseline,nash,1.1569903969566782,0.0,0.3889480396964455,1.227724440203922,0.2247301632352483,0.03353901062525877,0.41693225053296534,0.37142857142857144,59.30913330660434,0.0,-0.007563695074847443
23,small_volunteer,baseline,nash,1.1570317826223921,0.0,0.40476980503307924,1.227559319165548,0.22470936644131903,0.03353449296063123,0.416933915055679,0.37142857142857144,59.310180086790055,0.0,-0.00736876386289409
24,small_volunteer,baseline,nash,1.1570609145765205,0.0,0.4152555229744876,1.227443085904785,0.22469472607896676,0.03353131285147146,0.41693508708078375,0.37142857142857144,59.310916911531315,0.0,-0.00724092167083179
25,small_volunteer,baseline,nash,1.1570814214461032,0.0,0.42055181309469103,1.2273612646672547,0.22468441968461617,0.033529074245432604,0.4169359122754974,0.37142857142857144,59.311435575685145,0.0,-0.0071767887745262104
26,small_volunteer,baseline,nash,1.157095857091932,0.0,0.42774597391880703,1.2273036667174042,0.2246771642851406,0.033527498381676166,0.41693649324921256,0.37142857142857144,59.31180068057504,0.0,-0.007090008684771831
27,small_volunteer,baseline,nash,1.157106019065562,0.0,0.4296396394033468,1.2272631203660036,0.22467205669955986,0.03352638904484527,0.41693690226758817,0.37142857142857144,59.3120576939178,0.0,-0.00706729101771586
28,small_volunteer,baseline,nash,1.1571131726453643,0.0,0.43323040623802966,1.2272345773940487,0.22466846111258126,0.03352560811710477,0.4169371902191923,0.37142857142857144,59.31223861881751,0.0,-0.007024223381741468
29,small_volunteer,baseline,nash,1.1571182084777374,0.0,0.44180498659855183,1.2272144842234471,0.22466592992796897,0.033525058373562726,0.4169373929358282,0.37142857142857144,59.312365982111984,0.0,-0.0069217857005750005
0,small_volunteer,baseline,social,0.9664057670972399,0.0,0.29810617343180684,14.069419801729296,0.7610898276031471,0.3840099619433149,0.37759851739185346,0.0,52.18969454121461,0.0,-0.00767153639213225
1,small_volunteer,baseline,social,1.1401583435438416,0.0,0.2929365410811584,9.761411714269736,0.6666221029946917,0.26391897324411534,0.4245004418090188,0.02857142857142857,57.982748699779066,0.0,-0.009149858629806662
2,small_volunteer,baseline,social,1.184038391777191,0.0,0.29572206696012926,6.131956692456685,0.5512014024044641,0.16530032419383636,0.43721709657754526,0.11428571428571428,59.639618769668814,0.0,-0.009427717557495274
3,small_volunteer,baseline,social,1.1963902124651782,0.0,0.28350586310429643,4.67403843233486,0.4870396650846216,0.1259981353703289,0.43723989805349883,0.2,60.09474442406419,0.0,-0.00963934654771692
4,small_volunteer,baseline,social,1.2003352688014866,0.0,0.2783674261201237,4.175010475406567,0.46121057390067066,0.11254605444444106,0.43722330525881636,0.2857142857142857,60.233663817654346,0.0,-0.009717197691841983
5,small_volunteer,baseline,social,1.2016612124593944,0.0,0.2856209430534558,4.003354832819049,0.45174622861779745,0.10791837952543717,0.43721725550831314,0.2857142857142857,60.279526518105015,0.0,-0.009631660620212035
6,small_volunteer,baseline,social,1.2021152437470373,0.0,0.2903682554276454,3.9441423811102934,0.4484060192188169,0.10632268289327444,0.43721504604345185,0.2857142857142857,60.29512712267113,0.0,-0.009574502743592284
7,small_volunteer,baseline,social,1.2022714336126952,0.0,0.3082778723580207,3.923584904139751,0.4472369973129636,0.10576742887714405,0.43723585786350627,0.2857142857142857,60.30049165347418,0.0,-0.009356882634641517
8,small_volunteer,baseline,social,1.202326004635295,0.0,0.3131665869318535,3.9167239635936597,0.44684575632853485,0.10558365677891693,0.4371901142903969,0.2857142857142857,60.30233978257585,0.0,-0.009298059518818125
9,small_volunteer,baseline,social,1.2023454732751708,0.0,0.31023532173783436,3.914450215374661,0.44671597675699115,0.10552075023015535,0.43730342074666684,0.2857142857142857,60.30298583268499,0.0,-0.009333425784175287
10,small_volunteer,baseline,social,1.2023515691872921,0.0,0.32320275321842756,3.9133618366368292,0.4466538337083406,0.10549221707425077,0.4372416235594765,0.2857142857142857,60.303216362083006,0.0,-0.009177835694838876
11,small_volunteer,baseline,social,1.202353062101993,0.0,0.3250631892780873,3.9128857082393744,0.44662664392598944,0.10547855435250064,0.43730217516179826,0.2857142857142857,60.303288545775374,0.0,-0.009155637791767868
12,small_volunteer,baseline,social,1.2023542413260733,0.0,0.32339291143972065,3.9130336864202993,0.44663509464835954,0.10548323067466649,0.43725425371301085,0.2857142857142857,60.30330622647611,0.0,-0.009175572140156518
13,small_volunteer,baseline,social,1.202354358438477,0.0,0.3278826898630947,3.9128857364765057,0.4466266455385768,0.10547915012924,0.43726262372385705,0.2857142857142857,60.30332019133901,0.0,-0.009122090520809811
14,small_volunteer,baseline,social,1.2023544089452016,0.0,0.33717604196571294,3.9128836862121643,0.4466265284505097,0.10547941404511227,0.4372360141484697,0.2857142857142857,60.30332157870226,0.0,-0.009012029040766478
15,small_volunteer,baseline,social,1.2023543826383187,0.0,0.3397615603701599,3.912867162543608,0.4466255848023996,0.10547896458380915,0.4372407826021514,0.2857142857142857,60.30332217737647,0.0,-0.008981556537411395
16,small_volunteer,baseline,social,1.2023543321297765,0.0,0.3440758073618116,3.9128548864515214,0.4466248837265453,0.10547876157159856,0.43723267166527013,0.2857142857142857,60.303321866120115,0.0,-0.008930853880964928
17,small_volunteer,baseline,social,1.2023541122897297,0.0,0.3569518176874628,3.9127913591743475,0.4466212557166374,0.10547693446170635,0.4372413124066017,0.2857142857142857,60.30332126808215,0.0,-0.008780587961234376
18,small_volunteer,baseline,social,1.2023541602412495,0.0,0.37050194819269927,3.9128416362943583,0.446624127020802,0.10547845767398141,0.43723006796471364,0.2857142857142857,60.303318664968515,0.0,-0.008624159079226423
19,small_volunteer,baseline,social,1.2023541835025542,0.0,0.3799514367514505,3.9128416362943583,0.446624127020802,0.10547845767398141,0.43723006796471364,0.2857142857142857,60.30331923279853,0.0,-0.008516083052506396
20,small_volunteer,baseline,social,1.2023541947866234,0.0,0.3924056385119077,3.9128416362943583,0.446624127020802,0.10547845767398141,0.43723006796471364,0.2857142857142857,60.30331950825312,0.0,-0.008374898843613199
21,small_volunteer,baseline,social,1.2023542002605303,0.0,0.38968140688753206,3.9128416362943583,0.446624127020802,0.10547845767398141,0.43723006796471364,0.2857142857142857,60.30331964187625,0.0,-0.008405660210461185
22,small_volunteer,baseline,social,1.2023542029159249,0.0,0.3947177213759776,3.9128416362943583,0.446624127020802,0.10547845767398141,0.43723006796471364,0.2857142857142857,60.30331970669688,0.0,-0.008348844478790474
23,small_volunteer,baseline,social,1.202354204204058,0.0,0.41075921635467255,3.9128416362943583,0.446624127020802,0.10547845767398141,0.43723006796471364,0.2857142857142857,60.30331973814142,0.0,-0.008169405724395729
24,small_volunteer,baseline,social,1.202354204828932,0.0,0.421473264274411,3.9128416362943583,0.446624127020802,0.10547845767398141,0.43723006796471364,0.2857142857142857,60.30331975339517,0.0,-0.0080508403269266
25,small_volunteer,baseline,social,1.2023542051320584,0.0,0.42700469909043415,3.9128416362943583,0.446624127020802,0.10547845767398141,0.43723006796471364,0.2857142857142857,60.30331976079476,0.0,-0.007990024340886137
26,small_volunteer,baseline,social,1.2023542052791052,0.0,0.4344390571055347,3.9128416362943583,0.446624127020802,0.10547845767398141,0.43723006796471364,0.2857142857142857,60.30331976438431,0.0,-0.007908708399851472
27,small_volunteer,baseline,social,1.2023542053504377,0.0,0.4365787471863345,3.9128416362943583,0.446624127020802,0.10547845767398141,0.43723006796471364,0.2857142857142857,60.303319766125604,0.0,-0.007885393954565334
28,small_volunteer,baseline,social,1.2023542053850411,0.0,0.44041953989105603,3.9128416362943583,0.446624127020802,0.10547845767398141,0.43723006796471364,0.2857142857142857,60.30331976697031,0.0,-0.00784364349127431
29,small_volunteer,baseline,social,1.2023542054018275,0.0,0.44924882619477613,3.9128416362943583,0.446624127020802,0.10547845767398141,0.43723006796471364,0.2857142857142857,60.30331976738008,0.0,-0.0077481487105548474
0,rapid_growth,baseline,nash,0.7280068408371823,0.2116043108782595,0.4269735645757424,3.3440034860480594,0.41162130787440027,0.09996980889959,0.5946012567956278,0.17142857142857143,65.35497399420188,0.0,-0.020346180806543712
1,rapid_growth,baseline,nash,0.8290369520545493,0.1786985120750293,0.42775924291295064,2.9285185352791685,0.3834472639788781,0.08748200873452411,0.5890322900176372,0.17142857142857143,70.83814935373506,0.0,-0.022190676352600747
2,rapid_growth,baseline,nash,0.9026706715974039,0.165415997061798,0.43947781620522897,2.6141021632212924,0.36006961276823035,0.07802722943760895,0.5832900487003152,0.2,74.4238892568427,0.0,-0.023282192648381717
3,rapid_growth,baseline,nash,0.9534249861428082,0.1670406634961562,0.4318979225392295,2.3868321497655116,0.34186820365018356,0.07118978977584364,0.5779699295967695,0.22857142857142856,76.6469575848916,0.0,-0.02417469432118846
4,rapid_growth,baseline,nash,0.9857767685595166,0.16998338836326246,0.43401383508691516,2.2291117921966843,0.32850395713465436,0.06644282062727816,0.5734702602229191,0.22857142857142856,77.9943216667514,0.0,-0.02461394113967641
5,rapid_growth,baseline,nash,1.005968752477562,0.1756886378667133,0.4529993454008401,2.127493042993958,0.3195430519815761,0.06338339107469532,0.5701393563716244,0.22857142857142856,78.7721711050936,0.0,-0.024636877189407214
6,rapid_growth,baseline,nash,1.0176686413481382,0.1879820063046378,0.4692484810419978,2.0634612913628265,0.31374583551121404,0.06145515862011936,0.5679386819687802,0.22857142857142856,79.11202744188599,0.0,-0.024565172314291672
7,rapid_growth,baseline,nash,1.0223036140495605,0.20268449754753742,0.5035316115066251,2.02610295047393,0.31030730358086156,0.060329996284923415,0.5666042129219793,0.22857142857142856,79.13128585881141,0.0,-0.024175947669649478
8,rapid_growth,baseline,nash,1.0217830331411453,0.224231598417227,0.5212418790485248,2.011246046361029,0.30892803398010693,0.05988249947959639,0.566058234345544,0.22857142857142856,78.8592777343651,0.0,-0.023923828428888516
9,rapid_growth,baseline,nash,1.016273789496008,0.2436782425708428,0.5289232282012851,2.01291639618711,0.3090834432864614,0.05993281219865501,0.5661201330572299,0.22857142857142856,78.40747520012025,0.0,-0.023718387205017954
10,rapid_growth,baseline,nash,1.0080316337467647,0.2578046010565297,0.5579759958211425,2.0305674755628456,0.3107204534820958,0.060464465900760926,0.5667662846045354,0.22857142857142856,77.90370477850549,0.0,-0.02326011000627526
11,rapid_growth,baseline,nash,0.9992974890965058,0.27518718412278165,0.5728012940852735,2.0568888817055035,0.3131439487788056,0.061257219117784666,0.5677076335021878,0.22857142857142856,77.33881552031959,0.0,-0.022964695675661506
12,rapid_growth,baseline,nash,0.9894682479570085,0.28973091068809437,0.5832064944426101,2.0846757465393595,0.3156798348277225,0.062094042952616176,0.5686717398335046,0.22857142857142856,76.7588624363774,0.0,-0.022699706479241355
13,rapid_growth,baseline,nash,0.9796168352216685,0.3009181419496916,0.6020318021852915,2.1158255144906657,0.31849560962932877,0.06303206452374607,0.569736268068987,0.22857142857142856,76.21377261570066,0.0,-0.022361579070283355
14,rapid_growth,baseline,nash,0.9705619880410284,0.3126162762572178,0.6276365950347141,2.146926807030061,0.32127905704259224,0.06396854561496422,0.5708029893603548,0.22857142857142856,75.69316959060997,0.0,-0.02198521305296941
15,rapid_growth,baseline,nash,0.9619035852927349,0.3266655828363517,0.6447946036933428,2.175417031356804,0.32380478717977446,0.0648263368978288,0.5717555850838223,0.22857142857142856,75.15935778393337,0.0,-0.021700406544413298
16,rapid_growth,baseline,nash,0.9529400540682298,0.3394022053892114,0.6645895927854744,2.20258078347296,0.3261919072670152,0.06564413082690332,0.5726360407792868,0.22857142857142856,74.62526753561758,0.0,-0.021391281408733365
17,rapid_growth,baseline,nash,0.9440970149896694,0.35199997070801436,0.6961789406413831,2.230627299376148,0.3286354521462596,0.06648844186887905,0.5735171398591306,0.22857142857142856,74.09512275730368,0.0,-0.020998494453993155
18,rapid_growth,baseline,nash,0.9353670328449227,0.36787599686404,0.7292465962097104,2.258229247303491,0.33101963976058973,0.06731931219422693,0.5743569184363426,0.22857142857142856,73.52883687013414,0.0,-0.020616165557533872
19,rapid_growth,baseline,nash,0.9259246103857445,0.3858153145065524,0.7574238454731096,2.2854189228053357,0.33334855043810446,0.06813771802007933,0.5751631720426988,0.22857142857142856,72.90444399786675,0.0,-0.02027421692663145
20,rapid_growth,baseline,nash,0.9155283502860295,0.4031341749988594,0.7900709227542657,2.3147682578532125,0.33584091246194053,0.06902107035092828,0.5760080962000567,0.22857142857142856,72.24164925043128,0.0,-0.019897492817082973
21,rapid_growth,baseline,nash,0.9046662227298745,0.4209927880919654,0.8029994388612421,2.347020084273304,0.33855443307820865,0.06999171273730229,0.5769051082166494,0.22857142857142856,71.54748426726681,0.0,-0.01965858576204793
22,rapid_growth,baseline,nash,0.8933738260139004,0.4333477899833633,0.8264557243520515,2.3806580059059423,0.34135685692239365,0.07100399615272564,0.5778071962131224,0.22857142857142856,70.89361627570378,0.0,-0.019338226901143063
23,rapid_growth,baseline,nash,0.8831236205446935,0.4454367474509041,0.8649608278135213,2.4155762422498195,0.3442366019107722,0.07205473062741906,0.5787144143994549,0.22857142857142856,70.28527102339619,0.0,-0.018957412859708533
24,rapid_growth,baseline,nash,0.8736078624539935,0.46134679627569497,0.8969784876169751,2.4472361212809792,0.346822291911627,0.07300735017265751,0.5795081721069855,0.2,69.66208459665488,0.0,-0.018649888878083054
25,rapid_growth,baseline,nash,0.8636469113013834,0.47730119115081804,0.9225706205913383,2.476605412419917,0.3491997627489,0.07389099260435018,0.5802209417364463,0.2,69.01430598458991,0.0,-0.018376824020345683
26,rapid_growth,baseline,nash,0.8533852593755944,0.4912844681400169,0.9510706777162788,2.507334072138841,0.35166587137366706,0.07481547934878105,0.5809434654764531,0.2,68.3713537071998,0.0,-0.018086134435325363
27,rapid_growth,baseline,nash,0.8433990577210614,0.5047644750064892,0.972927117357173,2.53898329318355,0.354183374364499,0.07576760393499718,0.5816638429298848,0.2,67.74281295764227,0.0,-0.017841701890950246
28,rapid_growth,baseline,nash,0.8337077334126174,0.5161282626221992,0.9973703312654356,2.569784541454722,0.3566119014592365,0.07669416364400773,0.5823427219085311,0.2,67.14886041979011,0.0,-0.01758823558324174
29,rapid_growth,baseline,nash,0.8247107988741159,0.5269606037500979,1.0288357893811517,2.599685640586836,0.35894949423768224,0.07759359483249985,0.5829854518371682,0.2,66.5904333801588,0.0,-0.017320104380254442
0,rapid_growth,baseline,social,0.9402248540922072,0.07536925062083788,0.4269735645757424,17.14855966796393,0.8123126615726991,0.4955928186795316,0.3433626073800511,0.0,73.9537965101152,0.0,-0.026937261001742874
1,rapid_growth,baseline,social,1.1320161836227807,0.0,0.42961869095984934,12.180476153812883,0.722675358895301,0.3574475945159463,0.39695705244678936,0.02857142857142857,84.25284443875478,0.0,-0.030275934364005108
2,rapid_growth,baseline,social,1.2157675719674754,0.0,0.44400513552620047,9.06137035119482,0.6470001639406862,0.26764686961272766,0.42309991373031997,0.05714285714285714,88.02169657007677,0.0,-0.03130699300765616
3,rapid_growth,baseline,social,1.2427732368773847,0.0,0.43928202982804454,7.120281816928384,0.5869330913425482,0.2105467248355572,0.4314354353756209,0.08571428571428572,89.29997521583412,0.0,-0.03158265845689856
4,rapid_growth,baseline,social,1.2517516295234705,0.0,0.44417425250114406,6.33003740160597,0.5582405265412757,0.18717888212358463,0.4314169564794508,0.08571428571428572,89.72272640941318,0.0,-0.0315588776379494
5,rapid_growth,baseline,social,1.2548297674724314,0.0,0.4659173441095661,6.044352964778027,0.5470996185483467,0.17873187361112586,0.4314064743782182,0.08571428571428572,89.86609791971586,0.0,-0.031331967177827824
6,rapid_growth,baseline,social,1.2563554955373397,0.0,0.48504255630227805,6.070503975967942,0.548138052195403,0.17950763249178422,0.43145318931047716,0.08571428571428572,89.91534909311652,0.0,-0.03116948877607051
7,rapid_growth,baseline,social,1.2590514532543957,1.3780449004130446e-11,0.5223789398213876,6.661592358971435,0.5706383014915611,0.19627092822547884,0.40281094796495065,0.08571428571428572,89.92758582088192,0.0,-0.030968062163402532
8,rapid_growth,baseline,social,1.2640181515031677,0.0,0.5434909629385068,7.9616901957796715,0.6145634601944908,0.2354602650912732,0.4315892439742879,0.08571428571428572,89.89986989350962,0.0,-0.031067816874558618
9,rapid_growth,baseline,social,1.2680288036530056,9.48985334758845e-12,0.5549434222724513,8.792214209596256,0.6394011328409203,0.2591568013787259,0.41484471235032383,0.05714285714285714,89.88973258212422,0.0,-0.031144155597589762
10,rapid_growth,baseline,social,1.2696866711470463,0.00392005000992518,0.5881237890327141,8.860374397310382,0.6413450556026383,0.26176304290703084,0.42458034697941494,0.05714285714285714,89.88828659287573,0.0,-0.030892905779252855
11,rapid_growth,baseline,social,1.2692892250139067,0.019898524612432245,0.607540212996074,8.82609849672903,0.6403691953057066,0.26075790502580526,0.42484142564376914,0.05714285714285714,89.69446620258884,0.0,-0.030678975772030936
12,rapid_growth,baseline,social,1.2653338000080159,0.037106254157237534,0.6228782421607799,8.838809945817324,0.6407314962308552,0.2611267863971305,0.4247277681805348,0.05714285714285714,89.35575360170719,0.0,-0.0304438819408428
13,rapid_growth,baseline,social,1.259927246620975,0.052540122683302826,0.6469206996293387,8.927716833159607,0.6432525041979977,0.26373357152332916,0.42407751940871297,0.05714285714285714,88.97316881953562,0.0,-0.030140133817239123
14,rapid_growth,baseline,social,1.2544849421220594,0.06984456084805346,0.6780694382222578,9.045971382444511,0.6465709208508305,0.2671964486937287,0.423217429416747,0.05714285714285714,88.56100998411094,0.0,-0.029795247692201876
15,rapid_growth,baseline,social,1.2485960915801892,0.09072449259102683,0.7011365133793934,9.164272433918592,0.6498517850986607,0.2706604014697209,0.42237635537461493,0.05714285714285714,88.09061265180236,0.0,-0.029500724994372174
16,rapid_growth,baseline,social,1.2417222777888803,0.11023434549508387,0.7271460331032716,9.291824856170926,0.6533467096721255,0.2743953050719671,0.4214937152854905,0.05714285714285714,87.59902752864392,0.0,-0.029184298940660325
17,rapid_growth,baseline,social,1.2348778481706149,0.12961374726285593,0.7652730788008983,9.437531520831614,0.6572864445791727,0.2786619412598176,0.4205180352640414,0.05714285714285714,87.10486400668144,0.0,-0.02880987379703015
18,rapid_growth,baseline,social,1.2280891194330865,0.15304156547323744,0.805282281520989,9.580845402969803,0.6611081927283115,0.28285827212506626,0.4195831156831098,0.05714285714285714,86.56426205183226,0.0,-0.028435446761214234
19,rapid_growth,baseline,social,1.2203655392365118,0.17891769698580234,0.8408152604553005,9.723359200479596,0.6648576146603202,0.28703151359082785,0.4186801822967179,0.05714285714285714,85.96069824653335,0.0,-0.028081974641138707
20,rapid_growth,baseline,social,1.2117787449389255,0.20384660098600482,0.881202136157673,9.883209101408655,0.6690042968286136,0.2917121461312206,0.41770149088120556,0.05714285714285714,85.33202215586842,0.0,-0.02770915030243537
21,rapid_growth,baseline,social,1.2031660907532755,0.22928185329874823,0.9022912677580678,10.057538659050525,0.6734577305341113,0.29681675773259075,0.41666416349464885,0.05714285714285714,84.6910125475765,0.0,-0.027440603058989543
22,rapid_growth,baseline,social,1.1944392621408,0.24800466035764637,0.9342203018749599,10.230465184716154,0.6778064901860069,0.30188034188125457,0.41567427006940405,0.05714285714285714,84.12213514178714,0.0,-0.027138562771015673
23,rapid_growth,baseline,social,1.1872889584147464,0.26659929274546756,0.9815978310995367,10.400171641640766,0.6820096507547099,0.306849745307597,0.4147341994415661,0.05714285714285714,83.60980832900397,0.0,-0.026810760371001496
24,rapid_growth,baseline,social,1.1806617534785488,0.290009379594918,1.0229960555427784,10.539223453364393,0.6854072038974711,0.31092117243009953,0.4139844094323175,0.05714285714285714,83.06523711823073,0.0,-0.026522852548751086
25,rapid_growth,baseline,social,1.173053806877411,0.3133875982035783,1.0584342980626367,10.670143944583298,0.6885688639941493,0.31475487584363954,0.4133002727336874,0.05714285714285714,82.48566136296671,0.0,-0.026251595239066505
26,rapid_growth,baseline,social,1.1651579846762785,0.3342254467172131,1.0972073537725973,10.817508397292508,0.6920854810097996,0.3190699609890523,0.4125459513376608,0.05714285714285714,81.91951197461586,0.0,-0.025977964899747796
27,rapid_growth,baseline,social,1.157782113099567,0.3544143785010159,1.1297955520097562,10.967175156044716,0.6956124363216417,0.32345270951842636,0.41180247836777273,0.05714285714285714,81.3774429056312,0.0,-0.025743888893494438
28,rapid_growth,baseline,social,1.150704168389429,0.37214639736866695,1.1654043008613553,11.101697524002798,0.6987450693674025,0.32732263595551203,0.4106245548752743,0.05714285714285714,80.8768245788625,0.0,-0.025513230818601462
29,rapid_growth,baseline,social,1.1442974476945293,0.3893726167878804,1.208499508459981,11.227573295438516,0.7016449703993424,0.33092349538069243,0.4094015223856968,0.05714285714285714,80.40742166431787,0.0,-0.0252801703990726
0,critical_infrastructure,baseline,nash,0.7374518866635845,0.31804588374316967,0.5834661734318068,3.006854151066963,0.3929318848863956,0.08946804591485673,0.45395430352075694,0.2571428571428571,66.02722802028036,0.0,0.0004324882130549712
1,critical_infrastructure,baseline,nash,0.8189836813470612,0.3143381078617967,0.5822288838030591,2.6920925656943715,0.36977136278781125,0.08012498639540827,0.451988138212001,0.2571428571428571,70.28160186338556,0.0,-0.0006429579396067808
2,critical_infrastructure,baseline,nash,0.8714534260649455,0.31781867125606156,0.5890725647493458,2.4847755658585147,0.3534116159107175,0.07397220154844666,0.45040056687237695,0.2857142857142857,72.78448414300347,0.0,-0.0011658754759960033
3,critical_infrastructure,baseline,nash,0.9032418822876708,0.3264458940937895,0.5811371832495765,2.3542563599194732,0.3426050348788072,0.07009911972655639,0.4492162509968818,0.2857142857142857,74.16457954270989,0.0,-0.0015868264044709424
4,critical_infrastructure,baseline,nash,0.9204863381461691,0.3316443258485865,0.5804140098431119,2.2758542704671703,0.33590953672535634,0.06777278688820318,0.44846662492770517,0.2857142857142857,74.89065195115975,0.0,-0.0017535272401674185
5,critical_infrastructure,baseline,nash,0.9296725706781497,0.3360423440729796,0.5921884777882377,2.233455396889118,0.3322216182126099,0.06651480372160846,0.44810686306935943,0.2857142857142857,75.25272109807094,0.0,-0.0016884125076153111
6,critical_infrastructure,baseline,nash,0.9340748076579036,0.3435194827783987,0.601540173124725,2.210894269402851,0.33023945566774515,0.06584543102351341,0.4479082084385284,0.2857142857142857,75.35908182995061,0.0,-0.0015982335458801789
7,critical_infrastructure,baseline,nash,0.9345730757805816,0.3516601712915774,0.6240861346866764,2.2000869770751095,0.32928501575525754,0.06552479147243857,0.4478119895373671,0.2857142857142857,75.28178297839857,0.0,-0.0013153059600796713
8,critical_infrastructure,baseline,nash,0.932441137656032,0.36424220195011886,0.633621828052401,2.19886390267984,0.32917679765848706,0.06548850451832967,0.44780102533956323,0.2857142857142857,75.03160453086925,0.0,-0.0011486830357392286
9,critical_infrastructure,baseline,nash,0.9273389582059572,0.3748909569084019,0.6352829740843637,2.2040972738811164,0.3296395584516551,0.0656437718300339,0.44784783076624435,0.2857142857142857,74.67147286788182,0.0,-0.001037329381283092
10,critical_infrastructure,baseline,nash,0.9209668819935588,0.3814846799646815,0.6527813035876101,2.2166242601993487,0.33074419423494916,0.06601543442294543,0.44795915167028655,0.2857142857142857,74.30254196539624,0.0,-0.0007565645736096194
11,critical_infrastructure,baseline,nash,0.9150198118519652,0.39064005570182003,0.659137665405684,2.23227483147548,0.3321182401786316,0.06647977682239424,0.448096595114557,0.2857142857142857,73.91954027086864,0.0,-0.0006023257385212588
12,critical_infrastructure,baseline,nash,0.9085682095818597,0.3977088683814988,0.661903526958008,2.2468884230580404,0.33339525097077477,0.06691335894021459,0.44822272613194336,0.2857142857142857,73.53798688992185,0.0,-0.0004805291790317412
13,critical_infrastructure,baseline,nash,0.9024273141774191,0.4023089773796773,0.6707836131784696,2.262750681505986,0.33477488773170805,0.06738399545934581,0.4483572799583062,0.2857142857142857,73.1993982666551,0.0,-0.0003078542319059352
14,critical_infrastructure,baseline,nash,0.8972196276614275,0.4073912972832097,0.684441781874658,2.2778589290658555,0.3360827211340291,0.0678322667359455,0.44848321109664746,0.2857142857142857,72.89642146645873,0.0,-0.00010258427625209343
15,critical_infrastructure,baseline,nash,0.8924480994759201,0.4143238575561977,0.6913629537461814,2.2906797715498617,0.33718782765455346,0.06821267410083769,0.4485905879439114,0.2857142857142857,72.58990782671775,0.0,3.297766886323217e-05
16,critical_infrastructure,baseline,nash,0.8873926891672249,0.42022162658603524,0.6999699594440352,2.30243441745518,0.3381972553171935,0.06856145019732238,0.44870623749141436,0.2857142857142857,72.28215187854634,0.0,0.00018755160602645926
17,critical_infrastructure,baseline,nash,0.8824698550686562,0.425986891238944,0.7170999129008578,2.314897007335165,0.33926356098783256,0.06893123593064607,0.44882997434626093,0.2857142857142857,71.98113020784895,0.0,0.0004161587877760109
18,critical_infrastructure,baseline,nash,0.8776686062833328,0.43430400475856334,0.7348563019530017,2.3270419436518894,0.3402988381526131,0.06929160026351561,0.44895010080571196,0.2857142857142857,71.65339256875404,0.0,0.0006459099375879518
19,critical_infrastructure,baseline,nash,0.8721767988972233,0.4442379774028584,0.7484336689866614,2.338896278423204,0.3413057052509814,0.06964334555226816,0.449066308771642,0.2857142857142857,71.27234277235017,0.0,0.0008458148352137318
20,critical_infrastructure,baseline,nash,0.8657678170155301,0.45367737161272303,0.7649143173048527,2.3524677367177107,0.3424540393045193,0.07004604624560218,0.44919883881727984,0.2857142857142857,70.8526534475089,0.0,0.0010779292119961204
21,critical_infrastructure,baseline,nash,0.8589329965617711,0.4635601553895912,0.7661026034594901,2.3683232826783507,0.3437897653783537,0.07051652769311248,0.449352014144214,0.2857142857142857,70.40535228072991,0.0,0.0011832180137489878
22,critical_infrastructure,baseline,nash,0.8516972046588629,0.4689887766785051,0.7749479297649959,2.385254747259188,0.3452092062385943,0.07101894177915592,0.4495126959658262,0.2857142857142857,69.9917028938288,0.0,0.0013540589259449787
23,critical_infrastructure,baseline,nash,0.845544747647451,0.47413384164207073,0.7947229340078926,2.403206680845765,0.34670646436537106,0.07155164433423368,0.44967988405407455,0.2857142857142857,69.63141692834729,0.0,0.0015922371710992422
24,critical_infrastructure,baseline,nash,0.8401526622824085,0.48241370914962345,0.8090808618937637,2.418494425477434,0.34797530549601957,0.07200529635512669,0.4498197430846371,0.2857142857142857,69.2678759485329,0.0,0.001774738570953338
25,critical_infrastructure,baseline,nash,0.8342941908966481,0.4908351246789041,0.8181426387628488,2.431911696973938,0.3490842357506167,0.07240344812407241,0.44994062462952966,0.2857142857142857,68.8788024900473,0.0,0.001923414164610504
26,critical_infrastructure,baseline,nash,0.8280996368060949,0.4976855352444111,0.8289945242597364,2.446510613290868,0.3502859140631986,0.072836669513378,0.45007021143975035,0.2857142857142857,68.49105268852556,0.0,0.0020877112295409894
27,critical_infrastructure,baseline,nash,0.8221639095064455,0.5041195945606619,0.8344450471863347,2.461972209281495,0.3515530644266355,0.07329549624227177,0.45020529552419064,0.2857142857142857,68.11938480942904,0.0,0.0022055552334269146
28,critical_infrastructure,baseline,nash,0.8165131878610596,0.5087525753064599,0.8415063256221553,2.4768133177485603,0.3527640509941243,0.07373591501208006,0.45033291210925563,0.2857142857142857,67.78247264880457,0.0,0.002330946452348437
29,critical_infrastructure,baseline,nash,0.811579511444822,0.5128656714943443,0.8534816705762671,2.4909661914700045,0.35391407423769905,0.07415591465549771,0.4504527819606803,0.2857142857142857,67.4861871640962,0.0,0.002479796031565007
0,critical_infrastructure,baseline,social,1.0130200150260664,0.15375799554585806,0.5834661734318068,17.452636954786836,0.8252684327740577,0.5053686794475268,0.3360981153289895,0.0,77.41664107895824,0.0,-0.006857417452553749
1,critical_infrastructure,baseline,social,1.223081944601943,0.060491505445551985,0.5851034452158933,14.097882176066431,0.7684654651479776,0.40879790178876296,0.37971700983838774,0.0,88.12301693734506,0.0,-0.009751752697899407
2,critical_infrastructure,baseline,social,1.3045957701655384,0.02353513525989004,0.5963176426850212,11.483669868666857,0.7146405288766693,0.3339221950152805,0.4015898433107228,0.02857142857142857,92.27189445466544,0.0,-0.010642083137948122
3,critical_infrastructure,baseline,social,1.3340123069947434,0.016849150750920194,0.5933982535111298,10.221807262183228,0.6844736862779733,0.2977341220523404,0.41516904515669784,0.02857142857142857,93.68143238802705,0.0,-0.010956024569449108
4,critical_infrastructure,baseline,social,1.3426978692492875,0.01637684527306732,0.5978514395197698,9.71851034501181,0.6714835608867046,0.2832999855043112,0.4215566692052741,0.02857142857142857,94.09699745586538,0.0,-0.010965283810334459
5,critical_infrastructure,baseline,social,1.3448424761622342,0.01958286980957047,0.6149124138126322,9.564044309558875,0.6673742153849799,0.27887066104485786,0.4236485952331439,0.02857142857142857,94.16408105417409,0.0,-0.01077260744532249
6,critical_infrastructure,baseline,social,1.3443814090311867,0.029353534884100363,0.6297389611795055,9.526594987114478,0.666368881165633,0.2777972784674452,0.42416666385141166,0.02857142857142857,94.03668057987612,0.0,-0.010553014946490746
7,critical_infrastructure,baseline,social,1.3413533153532298,0.0416184688739511,0.657911238703205,9.538350496451356,0.6666848446865944,0.2781320397342518,0.42399868115439143,0.02857142857142857,93.78182564349213,0.0,-0.010167297392758678
8,critical_infrastructure,baseline,social,1.3369865896530353,0.060525549679643464,0.6733238190342316,9.597404372085512,0.6682667757724803,0.27982485587459516,0.42318941856316683,0.02857142857142857,93.38944717958792,0.0,-0.009873158950775007
9,critical_infrastructure,baseline,social,1.3303306871277343,0.07751301908275926,0.6809906114096531,9.682663972519883,0.6705352214665516,0.2822715412412074,0.42203487710294874,0.02857142857142857,92.93732774634125,0.0,-0.009643018534861492
10,critical_infrastructure,baseline,social,1.3237327194981896,0.08957823165432921,0.7045618827131904,9.807213291798787,0.6738166887174891,0.28584331672018537,0.42038316532549236,0.02857142857142857,92.5376086827275,0.0,-0.009302078032039196
11,critical_infrastructure,baseline,social,1.3186293566245073,0.10527804156706572,0.7172006822925959,9.927404667445856,0.676947677492224,0.2892904008014574,0.4188279701639368,0.02857142857142857,92.14340538458819,0.0,-0.009065398844525063
12,critical_infrastructure,baseline,social,1.312787797441422,0.11870929400064945,0.7263650855622248,10.022213114275694,0.6793932388256015,0.2920092838494398,0.4176261200505951,0.02857142857142857,91.75715013649773,0.0,-0.00886187358525814
13,critical_infrastructure,baseline,social,1.3074637967411569,0.129205284415491,0.7417317697008246,10.128062557321284,0.6820988696365027,0.29504488282639757,0.41631163352477474,0.02857142857142857,91.42108152284646,0.0,-0.008631086730436
14,critical_infrastructure,baseline,social,1.3031377758096327,0.1405340935647157,0.762018652957214,10.222949040744645,0.6845024882867689,0.2977659728534972,0.41515645283295277,0.02857142857142857,91.11063970653856,0.0,-0.00837307573821966
15,critical_infrastructure,baseline,social,1.2987909003146842,0.1543646176133429,0.7757430488368793,10.300812759503208,0.6864597627702661,0.29999816480394503,0.41422253135625153,0.02857142857142857,90.7721763521897,0.0,-0.008159308901707574
16,critical_infrastructure,baseline,social,1.2936967060063171,0.16687731289275903,0.7912637397332631,10.379824214659001,0.6884321508002617,0.30226395725176375,0.41328902538807855,0.02857142857142857,90.42337044272503,0.0,-0.007933382039271741
17,critical_infrastructure,baseline,social,1.2888320670722326,0.1791356113844294,0.8154287481869402,10.470050421435857,0.6906678168066939,0.3048526329010309,0.4122429972172976,0.02857142857142857,90.08206079108797,0.0,-0.007655196001963072
18,critical_infrastructure,baseline,social,1.2840980861785358,0.1945153210147692,0.840404218685261,10.55595254905178,0.6927800563432874,0.3073161417154543,0.41126165520956115,0.02857142857142857,89.7071411937147,0.0,-0.0073687770791601714
19,critical_infrastructure,baseline,social,1.2784660365514953,0.2117411575228948,0.8613766557581618,10.640846517605594,0.6948521362668789,0.3097509315765927,0.41030815689107625,0.02857142857142857,89.27781319285907,0.0,-0.007100039244470446
20,critical_infrastructure,baseline,social,1.2720882107478824,0.22809016672654392,0.885387089687522,10.740728209901176,0.6972707725576512,0.31261521475014326,0.4092041508198634,0.02857142857142857,88.82847829618495,0.0,-0.006815715146275991
21,critical_infrastructure,baseline,social,1.2658101000699153,0.2447885999741215,0.8942616597605999,10.851496755026538,0.6999290880998855,0.31579184699625495,0.40800187462594084,0.02857142857142857,88.3742711605969,0.0,-0.006632146647281401
22,critical_infrastructure,baseline,social,1.2594528321949412,0.2559253946946637,0.9108435259741875,10.96009007445331,0.7025111911443113,0.31890613288949776,0.4068488804785684,0.02857142857142857,87.985155685334,0.0,-0.006424519810146467
23,critical_infrastructure,baseline,social,1.2547334795216019,0.2668743999918125,0.9384786492651945,11.065796764335984,0.7050022365110766,0.32193771270968186,0.4057464407562976,0.02857142857142857,87.65569515360846,0.0,-0.006177988221005348
24,critical_infrastructure,baseline,social,1.2504338511286406,0.2818207325176226,0.9608982150783859,11.14548353991291,0.7068657213120196,0.3242219137200689,0.4049294788137887,0.02857142857142857,87.29803901432241,0.0,-0.005957079234470086
25,critical_infrastructure,baseline,social,1.2450397181630795,0.2968039179307823,0.9781645435702249,11.220773879139692,0.7086151957306366,0.3263812849748553,0.4041672577884847,0.02857142857142857,86.90165925450444,0.0,-0.005755938774469227
26,critical_infrastructure,baseline,social,1.239392332499497,0.3096602434463944,0.9973193724593109,11.312393358536452,0.7107296193805573,0.32900968114582674,0.4032555790768826,0.02857142857142857,86.51712681372518,0.0,-0.005554798978637976
27,critical_infrastructure,baseline,social,1.2343210864303782,0.3219415036530081,1.011190445482101,11.406141105108425,0.7128769355270266,0.33169824654448354,0.4023360453306344,0.02857142857142857,86.15870699468684,0.0,-0.0053929778613484025
28,critical_infrastructure,baseline,social,1.229547872680458,0.3320705340799913,1.0267581308287055,11.490314849670364,0.7147911762975225,0.334112086606913,0.40152356124207733,0.02857142857142857,85.83933509582127,0.0,-0.0052351055276465
29,critical_infrastructure,baseline,social,1.2254792745551608,0.34167745770824665,1.047343310710839,11.568274721755078,0.7165526318319986,0.3363470331082033,0.40078007236357927,0.0,85.55276552693508,0.0,-0.005066167042340197
0,burnout_prone,baseline,nash,0.4876184920943816,0.4637373936086628,0.4806903254467252,1.600721970606611,0.2684705373832597,0.04588662199454964,0.409361485702852,0.37142857142857144,32.955342538820744,0.0,0.0020722293182195983
1,burnout_prone,baseline,nash,0.4318829658832035,0.4633858988065982,0.47180356998291795,1.727474360168899,0.28183718322240037,0.04955935617744423,0.409624851843746,0.2857142857142857,30.026618319196913,0.0,0.0028609959023548903
2,burnout_prone,baseline,nash,0.39003046588551216,0.4579824177029245,0.4752943100233445,1.832092119487671,0.29240974705409933,0.05258974666384167,0.409825590170136,0.2571428571428571,27.739078500510853,0.0,0.003749230745779153
3,burnout_prone,baseline,nash,0.3604038751153026,0.4532039679167216,0.45345728902427007,1.915782286702108,0.30058991873390845,0.05501337397639592,0.4100214467297827,0.2571428571428571,26.04030474950791,0.0,0.003944473912609103
4,burnout_prone,baseline,nash,0.3397557495804938,0.44188701529308344,0.4433231567866782,1.9782312748019153,0.3065423595648849,0.056821565621150746,0.4101917115925662,0.2571428571428571,24.912894640814912,0.0,0.004235445378414138
5,burnout_prone,baseline,nash,0.32823431998693486,0.4297101238508734,0.45381054311909946,2.0235593432892265,0.3107852243400634,0.05813387514280773,0.4103235130696681,0.2571428571428571,24.341822665393472,0.0,0.004778746401210676
6,burnout_prone,baseline,nash,0.32391478826209774,0.4235506409159203,0.4600725193314163,2.049560105992446,0.3131903705255578,0.05888657792428797,0.4103996206705265,0.2571428571428571,24.14430695751111,0.0,0.005030813204755402
7,burnout_prone,baseline,nash,0.32286919257179214,0.42082725243631264,0.48823916001243184,2.0594464947892175,0.31409951317240264,0.059172771331521434,0.41042791660257283,0.2571428571428571,24.112162040094137,0.0,0.005670051984014934
8,burnout_prone,baseline,nash,0.32305976125284164,0.42744427960603404,0.494605707622404,2.061851265599011,0.31432020932818416,0.059242384338000297,0.4104347469134053,0.2571428571428571,24.036304907880883,0.0,0.005749499480525722
9,burnout_prone,baseline,nash,0.32082158848402365,0.4340733807412115,0.4878669441426061,2.061412634588065,0.3142799672021861,0.05922968692643247,0.41043350258139366,0.2571428571428571,23.804090245109098,0.0,0.005639861668019441
10,burnout_prone,baseline,nash,0.3167443821714793,0.4366021545471303,0.5075832554119356,2.0665738681474,0.31475311886983515,0.059379092698283474,0.41044810148468724,0.2571428571428571,23.50578689072056,0.0,0.006156332933471731
11,burnout_prone,baseline,nash,0.31275410064953624,0.44413277022194353,0.5086739863190494,2.076030624730046,0.3156179962931837,0.05965284003843169,0.4104746099575176,0.2571428571428571,23.144470729858995,0.0,0.006239977406652941
12,burnout_prone,baseline,nash,0.3070288710525516,0.4495455312078422,0.5037991917028436,2.0853552935363044,0.31646819393374825,0.059922758912168944,0.41050044737640223,0.2571428571428571,22.69502190027845,0.0,0.006277159923084086
13,burnout_prone,baseline,nash,0.3007556521681036,0.4515982197691874,0.5091315765989908,2.098857088042711,0.31769470747673095,0.06031358349948313,0.4105373601046802,0.2571428571428571,22.249416994474473,0.0,0.00656164606247156
14,burnout_prone,baseline,nash,0.29527840249338155,0.45430458281319247,0.5223889307064555,2.1138217437475495,0.3190478801731597,0.06074674062894692,0.410578053919743,0.2571428571428571,21.844137406156282,0.0,0.006976673283062507
15,burnout_prone,baseline,nash,0.2901673563059877,0.45985513128704036,0.5243565245851752,2.1270376401966025,0.3202375253247838,0.06112926929727035,0.4106133831529817,0.2571428571428571,21.422679570627636,0.0,0.00713141246513227
16,burnout_prone,baseline,nash,0.2843093173398229,0.46404500105933144,0.5291197495463517,2.1394995878564003,0.32135470604272165,0.0614899667309791,0.4106461849923868,0.2571428571428571,20.964901786235963,0.0,0.007386890104330135
17,burnout_prone,baseline,nash,0.27837747807026575,0.46806141508932914,0.5480587944455333,2.153941043543572,0.3226438106322294,0.06190794867097586,0.4106835890281859,0.2571428571428571,20.499864861567232,0.0,0.007932083481562158
18,burnout_prone,baseline,nash,0.2724529774069673,0.4760961117070931,0.5679735313503564,2.168741453328309,0.3239588468672486,0.0623363086931791,0.4107212603230155,0.22857142857142856,19.977542367365313,0.0,0.008455244535871875
19,burnout_prone,baseline,nash,0.26508816902268467,0.4871294815536017,0.5808766292006153,2.1837066734445325,0.32528229627872324,0.06276942736358031,0.41075895406271234,0.22857142857142856,19.308482292236715,0.0,0.008869757435049919
20,burnout_prone,baseline,nash,0.2555577654400015,0.49801726917771005,0.5986086944195356,2.2025736209753233,0.3269419576632191,0.06331545255660913,0.4108061907116658,0.22857142857142856,18.47714750812699,0.0,0.009465826048994153
21,burnout_prone,baseline,nash,0.2444476678733361,0.5099824827200794,0.5908288559935052,2.227439001341483,0.32911440874735326,0.06403505057053512,0.41086759023189057,0.22857142857142856,17.501693678275775,0.0,0.00963606029763131
22,burnout_prone,baseline,nash,0.23176182229368375,0.5152833117874704,0.5958570931857742,2.2570993748488934,0.3316840064758029,0.06489337551183517,0.41093898453071986,0.22857142857142856,16.47727249113367,0.0,0.010214068371273366
23,burnout_prone,baseline,nash,0.22029320934069868,0.5195805758246228,0.6190729410445677,2.291906071510308,0.3346697747982667,0.06590057437590054,0.41101973851551543,0.22857142857142856,15.536109701672963,0.0,0.011126586531220672
24,burnout_prone,baseline,nash,0.21011024827231656,0.528318607107932,0.6331788847938769,2.3242907631149525,0.33741956384010374,0.06683763829388255,0.41109207865870734,0.22857142857142856,14.617707682727609,0.0,0.011772897640128788
25,burnout_prone,baseline,nash,0.19930333324904603,0.5375016652486114,0.6384313574092993,2.3538220736744546,0.33990381990570545,0.06769209805289088,0.4111558084738276,0.22857142857142856,13.62634016553947,0.0,0.012314912838617853
26,burnout_prone,baseline,nash,0.1878746608941924,0.5444369926362949,0.6466702436692021,2.3860113352569696,0.3425868757635173,0.06862342031604526,0.4112229553095803,0.22857142857142856,12.593018685574455,0.0,0.013025683387485998
27,burnout_prone,baseline,nash,0.17679799740969823,0.5506135289805578,0.6458900778656853,2.421062450024942,0.3454796182558413,0.06963749447018835,0.41129437478230835,0.22857142857142856,11.575998166370482,0.0,0.013586550142681175
28,burnout_prone,baseline,nash,0.16627017559675944,0.5538215424209441,0.6477987971886439,2.456089535449751,0.3483409202305918,0.07065082364877254,0.41136517696161734,0.22857142857142856,10.623173399946117,0.0,0.014272215218154471
29,burnout_prone,baseline,nash,0.1572343338798499,0.5558039449451375,0.6578792706292614,2.490407952682797,0.3511163450031866,0.07164360433045887,0.41143204440440373,0.22857142857142856,9.797707714063499,0.0,0.015110282536014985
0,burnout_prone,baseline,social,0.6954503670224963,0.3581438306021649,0.4806903254467252,11.455337963642371,0.7084437165770008,0.33059627864639823,0.3512194919028637,0.0,41.08848510846656,0.0,-0.005783353697761395
1,burnout_prone,baseline,social,0.8082683004762012,0.2917528553686618,0.4730305104273811,10.445939007902144,0.6847045919437544,0.300127272807386,0.3637710922023021,0.0,46.68098096198781,0.0,-0.007271038766039961
2,burnout_prone,baseline,social,0.8909526240621581,0.2470124313865106,0.4786377744555244,9.628975508993506,0.663904436692968,0.27546751147827797,0.3759632707496996,0.0,50.45205934545434,0.0,-0.00818522801063959
3,burnout_prone,baseline,social,0.9476152771496389,0.22116705088254443,0.4595934465299468,9.013351000149697,0.6471453392223941,0.2568848769847944,0.3866979503858756,0.0,52.858005408179565,0.0,-0.009013435174763496
4,burnout_prone,baseline,social,0.9835518658904228,0.19903572988980392,0.4525640540539756,8.5655729267119,0.6342950085962463,0.24349042437096954,0.3940729478690097,0.02857142857142857,54.42551954676867,0.0,-0.009490109749934028
5,burnout_prone,baseline,social,1.0078116720003103,0.18293198270634742,0.4663835198091269,8.244216813278891,0.6246963743177558,0.23409708424824274,0.39715364989449364,0.02857142857142857,55.48196253230003,0.0,-0.009606462689197404
6,burnout_prone,baseline,social,1.0244654274053808,0.17814823191918638,0.47625689838750795,8.020779741552117,0.6178237617552758,0.22756572681133844,0.3994418022346966,0.02857142857142857,56.114061299184456,0.0,-0.009662544125405459
7,burnout_prone,baseline,social,1.0336161431546425,0.17955072366663571,0.5082182811543104,7.868714388623042,0.613048389470973,0.2231207920985012,0.40107900419899534,0.02857142857142857,56.41316755915965,0.0,-0.009404575430774775
8,burnout_prone,baseline,social,1.0371929051392499,0.1930439400821305,0.5186843771025703,7.786566826722803,0.6104344969089466,0.22071888928891437,0.401987232284055,0.02857142857142857,56.364283231654845,0.0,-0.009292242898124137
9,burnout_prone,baseline,social,1.0339857693107062,0.20655056359130966,0.5161488778411446,7.762852453662294,0.609675371161044,0.22002606785283702,0.4022569796463682,0.02857142857142857,56.09772837432835,0.0,-0.009244060879977978
10,burnout_prone,baseline,social,1.0277619461532905,0.214778141443062,0.5400557231997862,7.801500990669664,0.6109115068692951,0.2211564996828512,0.40182573123394927,0.02857142857142857,55.79299201777192,0.0,-0.008934896748552745
11,burnout_prone,baseline,social,1.0220734417600132,0.2287098279322242,0.545522990173233,7.864172386476886,0.6129044988577251,0.22298857719411475,0.4011326741675978,0.02857142857142857,55.42016026742052,0.0,-0.008799758622429099
12,burnout_prone,baseline,social,1.0145942820546692,0.23986443835938362,0.5450692073231698,7.92575226909618,0.6148491022659599,0.2247885606271332,0.40046170222240174,0.02857142857142857,55.030099904640494,0.0,-0.008705849001269472
13,burnout_prone,baseline,social,1.0073005377584068,0.24685476866458148,0.5548257408240651,8.00148642397326,0.6172223633950047,0.22700242879970844,0.3996516722371555,0.02857142857142857,54.6950227040864,0.0,-0.00853422072909571
14,burnout_prone,baseline,social,1.0015609776820817,0.25461204914220786,0.5725922472166706,8.072169117642614,0.6194193826591715,0.22906851380846416,0.3989084252217523,0.02857142857142857,54.39683107615108,0.0,-0.008310242660605649
15,burnout_prone,baseline,social,0.9962391279448584,0.2657757237279298,0.5792139382275595,8.129192788278745,0.6211794012915836,0.2307352342078719,0.3983186529217315,0.02857142857142857,54.069428351574736,0.0,-0.008180910156855958
16,burnout_prone,baseline,social,0.9898936911973888,0.2753148665035904,0.5886912898140706,8.184951827603259,0.6228897889154097,0.23236505559622225,0.39775028948627167,0.02857142857142857,53.73197983574067,0.0,-0.008021176059051616
17,burnout_prone,baseline,social,0.983660637175072,0.28463963570700335,0.612424471719233,8.248447006512423,0.6248248808780772,0.2342211427452552,0.39711321564107216,0.02857142857142857,53.397207920574836,0.0,-0.007753073032957136
18,burnout_prone,baseline,social,0.9775487555161511,0.2986710794119136,0.6373144819819824,8.310575411197327,0.6267055019070483,0.2360371388984207,0.3964993334407545,0.02857142857142857,53.002993179768694,0.0,-0.007479242558072308
19,burnout_prone,baseline,social,0.9698214394134995,0.3161008746941727,0.655374816397303,8.375379259984445,0.6286537838711962,0.23793142857412336,0.39586915783491206,0.02857142857142857,52.51166892846547,0.0,-0.007242579075665834
20,burnout_prone,baseline,social,0.9601560670036864,0.3331858226544652,0.6783901987349272,8.457023104708917,0.6310892663210576,0.24031806566997563,0.3950897333595682,0.02857142857142857,51.957180155441755,0.0,-0.006960085467233146
21,burnout_prone,baseline,social,0.9497244571856872,0.3513959344133016,0.6760525538067539,8.555135238541922,0.633988343076667,0.24318564951064486,0.39417143376475083,0.02857142857142857,51.355415501513725,0.0,-0.006848022275908194
22,burnout_prone,baseline,social,0.9385318971252845,0.3618457768204868,0.6865072602852823,8.660601355133407,0.6370717073721592,0.24626853637904422,0.3932089130152827,0.02857142857142857,50.8267593046143,0.0,-0.006652720160366998
23,burnout_prone,baseline,social,0.9296561860130707,0.371395612892129,0.7152343691999051,8.758490459453682,0.6399035797554925,0.249191666434713,0.39160939917251336,0.02857142857142857,50.38311610066506,0.0,-0.006368778223301508
24,burnout_prone,baseline,social,0.9221330832259259,0.38629328140878666,0.7350659944591122,8.834363722871336,0.6420790732490723,0.25148196020232866,0.3901151900305886,0.02857142857142857,49.9172131469716,0.0,-0.006155788669554241
25,burnout_prone,baseline,social,0.9133421848694218,0.40169537045603865,0.7461885681367696,8.90436493248104,0.6440713641359692,0.2535949435707938,0.38876119426182565,0.0,49.40375061903913,0.0,-0.005984086193737026
26,burnout_prone,baseline,social,0.9037650930262819,0.414483204681252,0.760376421381072,8.984460649695608,0.646333752004299,0.25601265303592347,0.3872391320653146,0.0,48.89328435548377,0.0,-0.005791902565228213
27,burnout_prone,baseline,social,0.8947215400469958,0.4264423658262685,0.7656456973060419,9.068112054577957,0.6486772803928884,0.2585376700388957,0.3856798237655379,0.0,48.407226706609826,0.0,-0.005659900331414391
28,burnout_prone,baseline,social,0.8862043525061849,0.43510293939881406,0.7736457478567589,9.14687245944929,0.650866056224297,0.26091505739322174,0.3842392835287527,0.0,47.981569846524145,0.0,-0.005521101261753536
29,burnout_prone,baseline,social,0.8790818413692291,0.4425238544236638,0.7898818176302775,9.218472521906845,0.6528411511775857,0.2630762862439496,0.3829521636686162,0.0,47.61925858472834,0.0,-0.005354756146272344
