scenario,policy,mode,final_G,final_H,final_D,avg_G_tail,avg_H_tail,avg_D_tail,avg_free_riding_tail,avg_welfare_tail,avg_policy_cost_tail,avg_Q_tail,avg_effort_tail,avg_effort_gini_tail,stability_tail,subsidy,penalty,threshold,backlog_reduction,policy_template,source_grid
critical_infrastructure,subsidy_penalty_response_3d,nash,0.779292592403527,0.5572865364291876,0.9333324659790472,0.7971924694932343,0.5325017778184489,0.8947916122736823,0.2857142857142857,66.51918632616379,0.0,2.527716579698135,0.07524654454820416,0.45075318480844806,0.002940068776953103,0.0,0.0,0.0,0.0,pure_subsidy_penalty_from_baseline,synthetic_policy_response_surface_3d_fine_grid
critical_infrastructure,subsidy_penalty_response_3d,nash,0.8069664930943632,0.553662383469494,0.943385903638273,0.8256269180819666,0.5279262118019983,0.9034611314463448,0.22857142857142856,67.96162228916798,0.011999999999999999,2.6719897064041813,0.08014921658951671,0.4265569093441345,0.002375499299690026,0.0,0.049999999999999996,0.0,0.0,pure_subsidy_penalty_from_baseline,synthetic_policy_response_surface_3d_fine_grid
critical_infrastructure,subsidy_penalty_response_3d,nash,0.8337091457635988,0.54965892048332,0.9532477678361284,0.8529768252165659,0.5229825653098239,0.911941487479581,0.22857142857142856,69.31700961269453,0.023999999999999997,2.8265038648284175,0.08532104179769653,0.4122855846901272,0.0018443337988364589,0.0,0.09999999999999999,0.0,0.0,pure_subsidy_penalty_from_baseline,synthetic_policy_response_surface_3d_fine_grid
critical_infrastructure,subsidy_penalty_response_3d,nash,0.8581888676346923,0.5453533357630344,0.9622803290688735,0.8779012779611097,0.5178281521080713,0.919670860426246,0.175,70.53536515921479,0.027562499999999997,2.9854855587044007,0.09064332975157592,0.40511955678039624,0.0013662264591803724,0.0,0.15,0.0,0.0,pure_subsidy_penalty_from_baseline,synthetic_policy_response_surface_3d_fine_grid
critical_infrastructure,subsidy_penalty_response_3d,nash,0.8813181898392015,0.5413355176930098,0.971510488805799,0.9023847792517685,0.5123634055059534,0.9275739180659066,0.16428571428571428,71.70497901609828,0.034499999999999996,3.157801687243951,0.09631703074185705,0.4029049613790878,0.0009058038605508356,0.0,0.19999999999999998,0.0,0.0,pure_subsidy_penalty_from_baseline,synthetic_policy_response_surface_3d_fine_grid
critical_infrastructure,subsidy_penalty_response_3d,nash,0.9039406815895394,0.5366231726818311,0.9805718751136066,0.9251637557886699,0.5067451262796164,0.935335447878368,0.12857142857142856,72.78058270051626,0.033749999999999995,3.343861648782581,0.10237360075501217,0.405502610382252,0.00047939826614760983,0.0,0.24999999999999997,0.0,0.0,pure_subsidy_penalty_from_baseline,synthetic_policy_response_surface_3d_fine_grid
critical_infrastructure,subsidy_penalty_response_3d,nash,0.9246602631763183,0.5319451534509972,0.9886840780518066,0.9459057336355632,0.5009507078865731,0.942212469802465,0.10714285714285715,73.74645998535004,0.03375,3.5319299150456924,0.10838999263862623,0.4116499964120708,9.338891167291752e-05,0.0,0.3,0.0,0.0,pure_subsidy_penalty_from_baseline,synthetic_policy_response_surface_3d_fine_grid
critical_infrastructure,subsidy_penalty_response_3d,nash,0.944162221272399,0.5273148718207633,0.9968816655786541,0.9662841207299822,0.49498081529177923,0.9491803478515081,0.07142857142857142,74.68506659561527,0.02625,3.729249197561921,0.11476689320453295,0.41782740514531214,-0.000277714835404716,0.0,0.35,0.0,0.0,pure_subsidy_penalty_from_baseline,synthetic_policy_response_surface_3d_fine_grid
critical_infrastructure,subsidy_penalty_response_3d,nash,0.962030623167278,0.5224293582646231,1.0047080453483297,0.9845325254876816,0.4892524791417545,0.9558691108601997,0.05714285714285714,75.50630417757165,0.023999999999999997,3.931177609082008,0.12130512822812275,0.42635941371851205,-0.0006093284409548483,0.0,0.39999999999999997,0.0,0.0,pure_subsidy_penalty_from_baseline,synthetic_policy_response_surface_3d_fine_grid
critical_infrastructure,subsidy_penalty_response_3d,nash,0.9773034364415091,0.5183602702541786,1.01227065711801,0.9999906177426605,0.48451222575754826,0.9624170739702842,0.039285714285714285,76.18511281617504,0.018562499999999996,4.114192218433194,0.1274776928594391,0.43916173947854253,-0.0008817686932952873,0.0,0.44999999999999996,0.0,0.0,pure_subsidy_penalty_from_baseline,synthetic_policy_response_surface_3d_fine_grid
critical_infrastructure,subsidy_penalty_response_3d,nash,0.9924675725811003,0.513176177753342,1.0188601120440905,1.014044277516858,0.4794357537637946,0.9680530120650339,0.0,76.80791130820631,0.0,4.312381762233013,0.13390659195953913,0.45238653312775134,-0.0011386716495157545,0.0,0.49999999999999994,0.0,0.0,pure_subsidy_penalty_from_baseline,synthetic_policy_response_surface_3d_fine_grid
critical_infrastructure,subsidy_penalty_response_3d,nash,1.0063690608403377,0.5086977108031161,1.0256456420130913,1.028588363922191,0.4740759602477258,0.9738505829577133,0.017857142857142856,77.41632928827303,0.010312499999999999,4.51491300455373,0.14057447608412563,0.4627614721170572,-0.0013958064387558922,0.0,0.5499999999999999,0.0,0.0,pure_subsidy_penalty_from_baseline,synthetic_policy_response_surface_3d_fine_grid
critical_infrastructure,subsidy_penalty_response_3d,nash,1.0197797659495045,0.5043078178533885,1.032758089780382,1.0416134621739785,0.4691900806483032,0.980000531942791,0.0,77.96775091268267,0.0,4.729990551572836,0.14743730677081537,0.47344570257578467,-0.0016271458918823145,0.0,0.6,0.0,0.0,pure_subsidy_penalty_from_baseline,synthetic_policy_response_surface_3d_fine_grid
critical_infrastructure,subsidy_penalty_response_3d,nash,0.9380182327720251,0.5282771420860104,0.9940288501206325,0.9588016500390932,0.4973100242473378,0.9467946023171185,0.22857142857142856,74.26937547579733,0.1935566654998946,3.6561825223935407,0.11060380885708262,0.42493882857746185,-0.00014163495618790822,0.049999999999999996,0.0,0.0,0.0,pure_subsidy_penalty_from_baseline,synthetic_policy_response_surface_3d_fine_grid
critical_infrastructure,subsidy_penalty_response_3d,nash,0.9564805510530651,0.5235132625227952,1.0020685382726748,0.9775608046581137,0.4916263241325419,0.9536656558920441,0.2,75.10773854473135,0.21551452337607996,3.855574523836136,0.11715115621490282,0.4089927494971819,-0.00048266075911673756,0.049999999999999996,0.049999999999999996,0.0,0.0,pure_subsidy_penalty_from_baseline,synthetic_policy_response_surface_3d_fine_grid
critical_infrastructure,subsidy_penalty_response_3d,nash,0.9731054702161648,0.518937957929776,1.0095509541645524,0.9945108508206896,0.486123731246442,0.9600557091163097,0.17142857142857143,75.85405716422149,0.23441892744755544,4.05403655296341,0.12366795854146026,0.40029599626487145,-0.0007886162394957208,0.049999999999999996,0.09999999999999999,0.0,0.0,pure_subsidy_penalty_from_baseline,synthetic_policy_response_surface_3d_fine_grid
critical_infrastructure,subsidy_penalty_response_3d,nash,0.9886313948629066,0.5141622101659722,1.0165024121333452,1.0100300853231396,0.4806817277777519,0.9659768816235742,0.14285714285714285,76.5290038233131,0.25039582359188894,4.2547993255858145,0.13022618490965085,0.3975517084457756,-0.0010684366234032239,0.049999999999999996,0.15,0.0,0.0,pure_subsidy_penalty_from_baseline,synthetic_policy_response_surface_3d_fine_grid
critical_infrastructure,subsidy_penalty_response_3d,nash,1.0031439663545165,0.5094992551911379,1.0232116122996717,1.0245519641827268,0.47524221233986086,0.9716842554916579,0.11428571428571428,77.15305439031451,0.2637475971581596,4.462659551378356,0.1369986269475198,0.3973003773495254,-0.0013301099975414898,0.049999999999999996,0.19999999999999998,0.0,0.0,pure_subsidy_penalty_from_baseline,synthetic_policy_response_surface_3d_fine_grid
critical_infrastructure,subsidy_penalty_response_3d,nash,1.0153334847469975,0.5055771293859099,1.0294142969451037,1.037212184065886,0.4703827399701376,0.9769904411895189,0.08214285714285714,77.68901604009079,0.2724578823123352,4.65639576739661,0.14336878989276297,0.402121252486092,-0.0015549884121476842,0.049999999999999996,0.24999999999999997,0.0,0.0,pure_subsidy_penalty_from_baseline,synthetic_policy_response_surface_3d_fine_grid
critical_infrastructure,subsidy_penalty_response_3d,nash,1.0276660467874528,0.5011874141278853,1.035230099631775,1.0496157961012873,0.46511914834321477,0.9819023642262938,0.05714285714285714,78.20934210123124,0.2807999962458229,4.864405720115415,0.15017142642618453,0.40581277314598846,-0.0017780887948658786,0.049999999999999996,0.3,0.0,0.0,pure_subsidy_penalty_from_baseline,synthetic_policy_response_surface_3d_fine_grid
critical_infrastructure,subsidy_penalty_response_3d,nash,1.0391905690318395,0.4967941840716923,1.0411262797991214,1.061188531143626,0.4601637583791064,0.9869367329698803,0.039285714285714285,78.68291916067173,0.2891056474838091,5.073190848790652,0.1569532271336052,0.4121768665399743,-0.001983396641449059,0.049999999999999996,0.35,0.0,0.0,pure_subsidy_penalty_from_baseline,synthetic_policy_response_surface_3d_fine_grid
critical_infrastructure,subsidy_penalty_response_3d,nash,1.050575230004851,0.4922946848191174,1.0470228405934991,1.0727820459257313,0.45486219845626413,0.9919488687697727,0.0,79.16193524139118,0.2874609444374405,5.299170389792971,0.16426339682139457,0.4169488954727899,-0.0021896448351545195,0.049999999999999996,0.39999999999999997,0.0,0.0,pure_subsidy_penalty_from_baseline,synthetic_policy_response_surface_3d_fine_grid
critical_infrastructure,subsidy_penalty_response_3d,nash,1.060224178665556,0.4885073282764283,1.0525558145220135,1.0826986928901698,0.45029225399309525,0.9966933542962071,0.0035714285714285713,79.54431403753591,0.30097502235817003,5.509066877922223,0.17102144134752573,0.42598676377561123,-0.002364207118591949,0.049999999999999996,0.44999999999999996,0.0,0.0,pure_subsidy_penalty_from_baseline,synthetic_policy_response_surface_3d_fine_grid
critical_infrastructure,subsidy_penalty_response_3d,nash,1.0700733802930054,0.4840859222277615,1.0576794095939883,1.092048097120946,0.44560037071052583,1.001046430104513,0.0,79.9000142393462,0.31173268130947873,5.728482347297924,0.17813296074827356,0.43387397001159345,-0.002531924219334375,0.049999999999999996,0.49999999999999994,0.0,0.0,pure_subsidy_penalty_from_baseline,synthetic_policy_response_surface_3d_fine_grid
critical_infrastructure,subsidy_penalty_response_3d,nash,1.0793481599239485,0.47982531047608035,1.0627389339421673,1.1010615547711398,0.44092492613635836,1.005352744516217,0.0,80.23437201910511,0.32426448830787635,5.9519655920091195,0.1852939933187865,0.43848854181215835,-0.00269264746628442,0.049999999999999996,0.5499999999999999,0.0,0.0,pure_subsidy_penalty_from_baseline,synthetic_policy_response_surface_3d_fine_grid
critical_infrastructure,subsidy_penalty_response_3d,nash,1.0866208827241166,0.476564162780729,1.066984676021378,1.1087154669045527,0.43680748969116634,1.0089525706837827,0.0,80.51614899676734,0.3347626260866692,6.148273310819707,0.19129292919238242,0.43914117732093605,-0.0028284379566226037,0.049999999999999996,0.6,0.0,0.0,pure_subsidy_penalty_from_baseline,synthetic_policy_response_surface_3d_fine_grid
critical_infrastructure,subsidy_penalty_response_3d,nash,1.0504302501802765,0.4922938930657825,1.0469180726152485,1.0722054826730683,0.45516821389899237,0.9918760046299179,0.17142857142857143,78.99353419288039,0.5636937276708998,5.2924077719109315,0.16105535076311422,0.4300949737534595,-0.002179822101874007,0.09999999999999999,0.0,0.0,0.0,pure_subsidy_penalty_from_baseline,synthetic_policy_response_surface_3d_fine_grid
critical_infrastructure,subsidy_penalty_response_3d,nash,1.0615112681383332,0.4877114676012751,1.0528087513207707,1.0833168086580167,0.4498697702108555,0.9968865441178667,0.14285714285714285,79.43194022930594,0.5978571838373099,5.528998574525989,0.16867348109637426,0.4181109308055651,-0.0023775274761940746,0.09999999999999999,0.049999999999999996,0.0,0.0,pure_subsidy_penalty_from_baseline,synthetic_policy_response_surface_3d_fine_grid
critical_infrastructure,subsidy_penalty_response_3d,nash,1.0716344466731593,0.48335559483245727,1.0583522684834181,1.093512911950961,0.444780642553985,1.0015993300274952,0.12499999999999999,79.82590881199773,0.6299004931143976,5.763560177043411,0.17622156946125644,0.41060543453105913,-0.002558829687872244,0.09999999999999999,0.09999999999999999,0.0,0.0,pure_subsidy_penalty_from_baseline,synthetic_policy_response_surface_3d_fine_grid
critical_infrastructure,subsidy_penalty_response_3d,nash,1.0807652931830627,0.47922278844268185,1.0634598766666743,1.1026409602846667,0.4400322847942497,1.0059437046306903,0.05714285714285714,80.17824665648028,0.6514337827548851,5.990220695809352,0.18355250935853862,0.40737435515793585,-0.002721183621853751,0.09999999999999999,0.15,0.0,0.0,pure_subsidy_penalty_from_baseline,synthetic_policy_response_surface_3d_fine_grid
critical_infrastructure,subsidy_penalty_response_3d,nash,1.0895736344981146,0.4750316692202804,1.0684171951246269,1.1113761949821555,0.4352837456009438,1.0101527746182049,0.05714285714285714,80.49965688957103,0.6808032285515518,6.222963523430488,0.19108663672901482,0.40552087131747216,-0.002876880908402435,0.09999999999999999,0.19999999999999998,0.0,0.0,pure_subsidy_penalty_from_baseline,synthetic_policy_response_surface_3d_fine_grid
critical_infrastructure,subsidy_penalty_response_3d,nash,1.097844452539445,0.4709751489882619,1.073220882144965,1.1196141360426517,0.4306345225625325,1.014231861332258,0.02857142857142857,80.80066885831434,0.7029360674732894,6.458650113739253,0.19869601927808273,0.40500793801533197,-0.003023850983908949,0.09999999999999999,0.24999999999999997,0.0,0.0,pure_subsidy_penalty_from_baseline,synthetic_policy_response_surface_3d_fine_grid
critical_infrastructure,subsidy_penalty_response_3d,nash,1.1055470961620824,0.46705463949478065,1.0777931842927528,1.1272972132276087,0.4261564953972481,1.018114941876095,0.0,81.07621963833243,0.721743902376403,6.691617606328748,0.20621254353611512,0.40621900848372616,-0.003160658866293492,0.09999999999999999,0.3,0.0,0.0,pure_subsidy_penalty_from_baseline,synthetic_policy_response_surface_3d_fine_grid
critical_infrastructure,subsidy_penalty_response_3d,nash,1.112700653258185,0.46331687322315385,1.0822121466220946,1.1344806762543684,0.4218402469277082,1.0218737266331854,0.0,81.31715055082137,0.7481102350084716,6.924151293358631,0.2137457814309919,0.4087940581989309,-0.003288538813557812,0.09999999999999999,0.35,0.0,0.0,pure_subsidy_penalty_from_baseline,synthetic_policy_response_surface_3d_fine_grid
critical_infrastructure,subsidy_penalty_response_3d,nash,1.119584651514538,0.4595417474596937,1.0864462466644427,1.1412570611663952,0.4176169900481938,1.0254696242579948,0.0,81.53422343537606,0.7746297770364956,7.158664159060116,0.22132279343899874,0.4119477687964886,-0.0034096931689161503,0.09999999999999999,0.39999999999999997,0.0,0.0,pure_subsidy_penalty_from_baseline,synthetic_policy_response_surface_3d_fine_grid
critical_infrastructure,subsidy_penalty_response_3d,nash,1.1250488662062281,0.4565307669626403,1.0900292653914698,1.1467425739597839,0.4141371884300845,1.0285246281334013,0.0,81.70514967111342,0.7963760406883642,7.359034344497012,0.22753601162524695,0.4108973885503847,-0.0035073609217379786,0.09999999999999999,0.44999999999999996,0.0,0.0,pure_subsidy_penalty_from_baseline,synthetic_policy_response_surface_3d_fine_grid
critical_infrastructure,subsidy_penalty_response_3d,nash,1.1302168016128542,0.4536078331462122,1.093362386347689,1.1519407013011047,0.41071642097406325,1.0313497936919047,0.0,81.86281638698058,0.8174662325961706,7.556703180874942,0.23356178074176306,0.40914739439736136,-0.003600380266603337,0.09999999999999999,0.49999999999999994,0.0,0.0,pure_subsidy_penalty_from_baseline,synthetic_policy_response_surface_3d_fine_grid
critical_infrastructure,subsidy_penalty_response_3d,nash,1.1351640047710227,0.4507278055706343,1.0965902620022312,1.1568983127571943,0.4073754515562692,1.034085838739391,0.0,82.0056775469358,0.8386521829908058,7.754167799836029,0.23961490942594454,0.4083625149449813,-0.003689195744105561,0.09999999999999999,0.5499999999999999,0.0,0.0,pure_subsidy_penalty_from_baseline,synthetic_policy_response_surface_3d_fine_grid
critical_infrastructure,subsidy_penalty_response_3d,nash,1.1399874563389876,0.4478149411294317,1.0997085912538365,1.1616036745387723,0.40409892613461823,1.0367258432236008,0.0,82.13417621890467,0.8598211342756186,7.9541990753286544,0.24566318122160535,0.4084217298074785,-0.0037742374899965847,0.09999999999999999,0.6,0.0,0.0,pure_subsidy_penalty_from_baseline,synthetic_policy_response_surface_3d_fine_grid
critical_infrastructure,subsidy_penalty_response_3d,nash,1.1197043864902878,0.4595283560366332,1.0865948860461525,1.1414548664695976,0.4175056885149377,1.0255987432790954,0.10357142857142856,81.30915108673078,1.1427975029943103,7.16511669376748,0.21767571485605913,0.4269345659647489,-0.0034129912374184224,0.15,0.0,0.0,0.0,pure_subsidy_penalty_from_baseline,synthetic_policy_response_surface_3d_fine_grid
critical_infrastructure,subsidy_penalty_response_3d,nash,1.1264785534267263,0.4557251801729457,1.0908849113334043,1.1481907222064633,0.4131704737202775,1.0292412372619604,0.05714285714285714,81.52488474839156,1.1876473352998895,7.4121974352187525,0.22564711148569325,0.4191997988502291,-0.003533464491100896,0.15,0.049999999999999996,0.0,0.0,pure_subsidy_penalty_from_baseline,synthetic_policy_response_surface_3d_fine_grid
critical_infrastructure,subsidy_penalty_response_3d,nash,1.1328446650008217,0.45203675968846624,1.0949921717515647,1.15450776137977,0.40897822987578647,1.0327279292490423,0.05714285714285714,81.71751160245005,1.2322581300362527,7.6581182614771866,0.23357297714976244,0.4141110923446075,-0.0036465998809164513,0.15,0.09999999999999999,0.0,0.0,pure_subsidy_penalty_from_baseline,synthetic_policy_response_surface_3d_fine_grid
critical_infrastructure,subsidy_penalty_response_3d,nash,1.1387987336632805,0.44849348901444697,1.098926883648952,1.1604397957563957,0.40492674081529234,1.0360683609247079,0.05,81.88997242835703,1.2754340479837372,7.902508581102205,0.241439818663569,0.41071516019594895,-0.0037529742802778487,0.15,0.15,0.0,0.0,pure_subsidy_penalty_from_baseline,synthetic_policy_response_surface_3d_fine_grid
critical_infrastructure,subsidy_penalty_response_3d,nash,1.1443376851586957,0.44510403343488586,1.1026575726169912,1.165960237835625,0.40105333183780556,1.0392349592810686,0.007142857142857143,82.04912450535598,1.3097693409598499,8.14232163833059,0.24919416018282856,0.40905270533938065,-0.0038520657712573236,0.15,0.19999999999999998,0.0,0.0,pure_subsidy_penalty_from_baseline,synthetic_policy_response_surface_3d_fine_grid
critical_infrastructure,subsidy_penalty_response_3d,nash,1.1496996895418083,0.4417219801486175,1.1063140146826431,1.1712675877086247,0.39722691355925066,1.0423387525975847,0.0,82.18782722021379,1.3495673813865985,8.386054687083025,0.25706045359744734,0.4081656979197824,-0.003947574638836632,0.15,0.24999999999999997,0.0,0.0,pure_subsidy_penalty_from_baseline,synthetic_policy_response_surface_3d_fine_grid
critical_infrastructure,subsidy_penalty_response_3d,nash,1.1543544236533338,0.43872338793067406,1.1095459198267672,1.1758865435526613,0.39381372285288013,1.0450803347380815,0.0,82.30175150475803,1.3862612540368426,8.608810567753446,0.2640497626736843,0.4057235138296753,-0.004030847181731079,0.15,0.3,0.0,0.0,pure_subsidy_penalty_from_baseline,synthetic_policy_response_surface_3d_fine_grid
critical_infrastructure,subsidy_penalty_response_3d,nash,1.1583920477742502,0.4360644306140483,1.1123986342128465,1.1798938448147183,0.39079389249419844,1.047501569593526,0.0,82.39579853682535,1.418504189910797,8.810253187464692,0.27019127426872325,0.4022629274068922,-0.004103105509027788,0.15,0.35,0.0,0.0,pure_subsidy_penalty_from_baseline,synthetic_policy_response_surface_3d_fine_grid
critical_infrastructure,subsidy_penalty_response_3d,nash,1.1622626817435555,0.4334639737885174,1.1151685474106272,1.1837269020001988,0.38784694075754533,1.0498523146801972,0.0,82.47859773674784,1.4506419761191789,9.011200028889835,0.2763127573560341,0.399464009913987,-0.004172357472492727,0.15,0.39999999999999997,0.0,0.0,pure_subsidy_penalty_from_baseline,synthetic_policy_response_surface_3d_fine_grid
critical_infrastructure,subsidy_penalty_response_3d,nash,1.166066377523442,0.43084316878831336,1.1178922445687127,1.1874684341288875,0.3849068793973479,1.0521608599030345,0.0,82.55252965331022,1.4833730343003144,9.215478907852901,0.28254724462863134,0.3967258822142179,-0.004240179332982014,0.15,0.44999999999999996,0.0,0.0,pure_subsidy_penalty_from_baseline,synthetic_policy_response_surface_3d_fine_grid
critical_infrastructure,subsidy_penalty_response_3d,nash,1.1695928696008004,0.42841473282260584,1.1205550821056827,1.1909967226168843,0.38211161813813466,1.0544262006349205,0.0,82.61465749525907,1.5151819050151771,9.415003382663702,0.28860607714574804,0.39550361272092693,-0.004303820493596622,0.15,0.49999999999999994,0.0,0.0,pure_subsidy_penalty_from_baseline,synthetic_policy_response_surface_3d_fine_grid
critical_infrastructure,subsidy_penalty_response_3d,nash,1.1731357776961127,0.4258876695767962,1.1231705846744005,1.1944859662468275,0.37926936129013655,1.0566441027697762,0.0,82.66941721421588,1.5481404642580583,9.620736856333458,0.29488389795391584,0.39379595907886106,-0.004367246814670794,0.15,0.5499999999999999,0.0,0.0,pure_subsidy_penalty_from_baseline,synthetic_policy_response_surface_3d_fine_grid
critical_infrastructure,subsidy_penalty_response_3d,nash,1.176526334412832,0.42343113075295724,1.1257079282060372,1.1978417919379103,0.37648908318473173,1.0587946225027636,0.0,82.71496202073399,1.5808464909280993,9.825221993452555,0.301113617319638,0.3926255639576228,-0.004428289370109889,0.15,0.6,0.0,0.0,pure_subsidy_penalty_from_baseline,synthetic_policy_response_surface_3d_fine_grid
critical_infrastructure,subsidy_penalty_response_3d,nash,1.1624833125675422,0.43329986975973767,1.1152980396507222,1.1839143479237988,0.38769497708324563,1.0499608242723748,0.05714285714285714,82.15901857393858,1.9028273963806366,9.021763049621285,0.2718324851972338,0.4117296047602841,-0.004175856608085254,0.19999999999999998,0.0,0.0,0.0,pure_subsidy_penalty_from_baseline,synthetic_policy_response_surface_3d_fine_grid
critical_infrastructure,subsidy_penalty_response_3d,nash,1.1670888310496141,0.4301358074004214,1.1186441262628841,1.188475961268154,0.3841092734175854,1.052799966352884,0.02857142857142857,82.25197532481869,1.9605352143492414,9.272003806405603,0.2798621734784631,0.4061474430932057,-0.004258412348158824,0.19999999999999998,0.049999999999999996,0.0,0.0,pure_subsidy_penalty_from_baseline,synthetic_policy_response_surface_3d_fine_grid
critical_infrastructure,subsidy_penalty_response_3d,nash,1.171430791143352,0.4270834149293622,1.1218453887618043,1.192774418188129,0.3806526116013695,1.0555155263928313,0.0,82.3323858220896,2.0147473366888615,9.519084220369395,0.2878210480984088,0.40254737194169943,-0.0043363592332573975,0.19999999999999998,0.09999999999999999,0.0,0.0,pure_subsidy_penalty_from_baseline,synthetic_policy_response_surface_3d_fine_grid
critical_infrastructure,subsidy_penalty_response_3d,nash,1.1753711265514086,0.42426970779165135,1.1248297643524776,1.1966993922845086,0.3774377645568243,1.0580491635146427,0.0,82.39734060282686,2.0669870531032752,9.754569909559166,0.29528386472903934,0.39895146582833785,-0.0044075328408831604,0.19999999999999998,0.15,0.0,0.0,pure_subsidy_penalty_from_baseline,synthetic_policy_response_surface_3d_fine_grid
critical_infrastructure,subsidy_penalty_response_3d,nash,1.1786562013353221,0.42186887877500107,1.1273271045687767,1.199948325510965,0.37472188078683233,1.0601679251139746,0.0,82.44752274061437,2.1102504869958465,9.9576828893947,0.301464355285121,0.39352863229411095,-0.004466626753137137,0.19999999999999998,0.19999999999999998,0.0,0.0,pure_subsidy_penalty_from_baseline,synthetic_policy_response_surface_3d_fine_grid
critical_infrastructure,subsidy_penalty_response_3d,nash,1.1818336856601523,0.41950798013033547,1.129772771918883,1.2030900980482957,0.3720519637689631,1.0622427734002002,0.0,82.48903916547826,2.153591153056951,10.161188759956175,0.30765587900813596,0.38877804478631184,-0.00452385389153212,0.19999999999999998,0.24999999999999997,0.0,0.0,pure_subsidy_penalty_from_baseline,synthetic_policy_response_surface_3d_fine_grid
critical_infrastructure,subsidy_penalty_response_3d,nash,1.1849088721980934,0.41718604065005116,1.1321686580202133,1.2061300287577377,0.36942683000068843,1.0642753205306028,0.0,82.52212503539747,2.1970042209399274,10.365062954549213,0.3138577458485611,0.38484273968411586,-0.004579306100032043,0.19999999999999998,0.3,0.0,0.0,pure_subsidy_penalty_from_baseline,synthetic_policy_response_surface_3d_fine_grid
critical_infrastructure,subsidy_penalty_response_3d,nash,1.1878869286936085,0.4149016649671662,1.1345158287624644,1.2090733174043273,0.3668448475390843,1.0662663757348156,0.0,82.54701420147477,2.240485195025142,10.569282608640624,0.32006931357502033,0.3816981990172331,-0.004633076589173779,0.19999999999999998,0.35,0.0,0.0,pure_subsidy_penalty_from_baseline,synthetic_policy_response_surface_3d_fine_grid
critical_infrastructure,subsidy_penalty_response_3d,nash,1.1907670672625574,0.41265777247279606,1.1368103985301117,1.2119183304484231,0.36431008117145725,1.0682125484688505,0.0,82.56390239230053,2.2839018924304684,10.773417091321631,0.32627169891863833,0.37920064723865154,-0.004685138530320543,0.19999999999999998,0.39999999999999997,0.0,0.0,pure_subsidy_penalty_from_baseline,synthetic_policy_response_surface_3d_fine_grid
critical_infrastructure,subsidy_penalty_response_3d,nash,1.1935276758610043,0.41048076780544335,1.13905318060769,1.2146476181849217,0.36184837921757795,1.0701166773790207,0.0,82.57295980318418,2.326751230760255,10.975800087190944,0.33239303296575085,0.3773532499844653,-0.004735076476540617,0.19999999999999998,0.44999999999999996,0.0,0.0,pure_subsidy_penalty_from_baseline,synthetic_policy_response_surface_3d_fine_grid
critical_infrastructure,subsidy_penalty_response_3d,nash,1.196258434052037,0.40828659589383537,1.1412670305284032,1.217343769789489,0.3593713391047374,1.0719929863494686,0.0,82.57455820357526,2.370731528076025,11.181984553425195,0.33867593258228934,0.37514274661382147,-0.004784601644546832,0.19999999999999998,0.49999999999999994,0.0,0.0,pure_subsidy_penalty_from_baseline,synthetic_policy_response_surface_3d_fine_grid
critical_infrastructure,subsidy_penalty_response_3d,nash,1.1988689513989186,0.40616350807514795,1.1434207076564042,1.2199217694714728,0.3569736890799121,1.0738197638422387,0.0,82.56873277570786,2.4138975408259338,11.385595398476315,0.3448425058322762,0.3737276957389697,-0.004831970792723961,0.19999999999999998,0.5499999999999999,0.0,0.0,pure_subsidy_penalty_from_baseline,synthetic_policy_response_surface_3d_fine_grid
critical_infrastructure,subsidy_penalty_response_3d,nash,1.201369490023057,0.4041039184489746,1.1455119803374356,1.2223908107458268,0.3546478469802722,1.075594242225062,0.0,82.55579918749227,2.4562880877344444,11.586743966367731,0.35089829824777785,0.3730860983961305,-0.004877380108001594,0.19999999999999998,0.6,0.0,0.0,pure_subsidy_penalty_from_baseline,synthetic_policy_response_surface_3d_fine_grid
critical_infrastructure,subsidy_penalty_response_3d,nash,1.1899297049453712,0.4133218254769336,1.1361555606616576,1.211114364984299,0.3650321495519399,1.0676572120663157,0.0,82.11000310494487,2.818692952226524,10.7143777784895,0.3221363373973171,0.39215632351781726,-0.004670369156628745,0.24999999999999997,0.0,0.0,0.0,pure_subsidy_penalty_from_baseline,synthetic_policy_response_surface_3d_fine_grid
critical_infrastructure,subsidy_penalty_response_3d,nash,1.1927478305524495,0.4111052298847152,1.138426612414743,1.213897466757769,0.3625285727517569,1.0695842742879014,0.0,82.12930671722236,2.8729442442533153,10.91888678994304,0.3283364850575218,0.38534887659383654,-0.004721320625768605,0.24999999999999997,0.049999999999999996,0.0,0.0,pure_subsidy_penalty_from_baseline,synthetic_policy_response_surface_3d_fine_grid
critical_infrastructure,subsidy_penalty_response_3d,nash,1.1954817283453445,0.40892141457909975,1.1406488812312547,1.2165969797619947,0.3600626646925702,1.0714692097930556,0.0,82.14102687699199,2.92725995275734,11.123653899245738,0.33454399460083895,0.3796383891952907,-0.004770835329751505,0.24999999999999997,0.09999999999999999,0.0,0.0,pure_subsidy_penalty_from_baseline,synthetic_policy_response_surface_3d_fine_grid
critical_infrastructure,subsidy_penalty_response_3d,nash,1.19813399469459,0.40677248500567004,1.1428290070343854,1.2192154437957647,0.3576365791585806,1.073318358513323,0.0,82.14524573909776,2.981636514817987,11.328664824760692,0.34075845883634137,0.37479463124584034,-0.004818932847206414,0.24999999999999997,0.15,0.0,0.0,pure_subsidy_penalty_from_baseline,synthetic_policy_response_surface_3d_fine_grid
critical_infrastructure,subsidy_penalty_response_3d,nash,1.2007083808196775,0.4046575361539644,1.1449684521753456,1.2217566080503557,0.35524924688593645,1.0751329642921406,0.0,82.14212808105643,3.0360703911760174,11.533905378105349,0.3469794732772592,0.3705156779527865,-0.004865677841411176,0.24999999999999997,0.19999999999999998,0.0,0.0,pure_subsidy_penalty_from_baseline,synthetic_policy_response_surface_3d_fine_grid
critical_infrastructure,subsidy_penalty_response_3d,nash,1.203208415166247,0.4025756874966736,1.147068610031653,1.2242239971469735,0.35289963066040164,1.07691421212392,0.0,82.13182873526824,3.0905582973967305,11.73936239289778,0.3532066625596264,0.36654174031704895,-0.004911131093815857,0.24999999999999997,0.24999999999999997,0.0,0.0,pure_subsidy_penalty_from_baseline,synthetic_policy_response_surface_3d_fine_grid
critical_infrastructure,subsidy_penalty_response_3d,nash,1.2056374190265726,0.40052608308363,1.1491308088362522,1.2266209270653001,0.350586725002611,1.0786632314413402,0.0,82.11449331066345,3.1450971824317255,11.94502363874414,0.3594396779921972,0.36302760144559176,-0.004955349783349744,0.24999999999999997,0.3,0.0,0.0,pure_subsidy_penalty_from_baseline,synthetic_policy_response_surface_3d_fine_grid
critical_infrastructure,subsidy_penalty_response_3d,nash,1.2079985209497948,0.39850789147584736,1.1511563152882966,1.2289505198173196,0.3483095557148742,1.0803810992124925,0.0,82.09025885517298,3.1996842092085584,12.150877743365054,0.36567819533812107,0.36012119957109967,-0.004998387743089527,0.24999999999999997,0.35,0.0,0.0,pure_subsidy_penalty_from_baseline,synthetic_policy_response_surface_3d_fine_grid
critical_infrastructure,subsidy_penalty_response_3d,nash,1.2102946700381096,0.39652030554958423,1.1531463379545486,1.2312157169689653,0.3460671793189976,1.0820688428561351,0.0,82.05925446422086,3.2543167370346078,12.35691412200315,0.37192191280395526,0.3576804426470417,-0.005040295696232433,0.24999999999999997,0.39999999999999997,0.0,0.0,pure_subsidy_penalty_from_baseline,synthetic_policy_response_surface_3d_fine_grid
critical_infrastructure,subsidy_penalty_response_3d,nash,1.2125286482185973,0.39456254219540066,1.1551020304711863,1.2334192921046576,0.3438586824094357,1.0837274429839354,0.0,82.02160183997984,3.3089923056315462,12.563122913374473,0.3781705492150339,0.355739609268667,-0.0050811214731775745,0.24999999999999997,0.44999999999999996,0.0,0.0,pure_subsidy_penalty_from_baseline,synthetic_policy_response_surface_3d_fine_grid
critical_infrastructure,subsidy_penalty_response_3d,nash,1.2147030815735733,0.39263384193333534,1.1570244945560884,1.2355638623222505,0.3416831809421249,1.0853578359787375,0.0,81.97741580570741,3.3637086206354603,12.769494921501684,0.3844238423583384,0.3541550821726698,-0.005120910211342866,0.24999999999999997,0.49999999999999994,0.0,0.0,pure_subsidy_penalty_from_baseline,synthetic_policy_response_surface_3d_fine_grid
critical_infrastructure,subsidy_penalty_response_3d,nash,1.2168204508059999,0.39073346846186363,1.1589147828414994,1.2376518988388714,0.33953981947581635,1.086960916417672,0.0,81.92680477909525,3.418463540415332,12.976021562837637,0.390681547476038,0.35276116020732046,-0.00515970453920872,0.24999999999999997,0.5499999999999999,0.0,0.0,pure_subsidy_penalty_from_baseline,synthetic_policy_response_surface_3d_fine_grid
critical_infrastructure,subsidy_penalty_response_3d,nash,1.2188831009104857,0.38886070815548684,1.1607739015372407,1.2396857367815803,0.3374277703798751,1.0885375393490995,0.0,81.86987120820086,3.473255064081477,13.18269481816393,0.39694343589502595,0.3514773402034591,-0.0051975447459495505,0.24999999999999997,0.6,0.0,0.0,pure_subsidy_penalty_from_baseline,synthetic_policy_response_surface_3d_fine_grid
critical_infrastructure,subsidy_penalty_response_3d,nash,1.2092006501750319,0.39747039954816277,1.1521956591947222,1.2301364822352445,0.34713903577339295,1.0812625732387269,0.0,81.54098751944696,3.8530904852383605,12.258012982418425,0.3669609985941296,0.369298891927469,-0.005020321560379459,0.3,0.0,0.0,0.0,pure_subsidy_penalty_from_baseline,synthetic_policy_response_surface_3d_fine_grid
critical_infrastructure,subsidy_penalty_response_3d,nash,1.2114641277597014,0.3954984202537999,1.1541676864917974,1.232369294441415,0.34491439185857337,1.0829350401237723,0.0,81.51355957150078,3.918676736152642,12.464140218382695,0.3732073082050135,0.3635827217190365,-0.005061660890718966,0.3,0.049999999999999996,0.0,0.0,pure_subsidy_penalty_from_baseline,synthetic_policy_response_surface_3d_fine_grid
critical_infrastructure,subsidy_penalty_response_3d,nash,1.2136668190022886,0.39355586561220124,1.1561059629272163,1.2345418645953443,0.3427231640308104,1.0845788558587461,0.0,81.47954017529938,3.9843131802517364,12.670435004783842,0.379458398119213,0.3586768456294561,-0.0051019418444457065,0.3,0.09999999999999999,0.0,0.0,pure_subsidy_penalty_from_baseline,synthetic_policy_response_surface_3d_fine_grid
critical_infrastructure,subsidy_penalty_response_3d,nash,1.2158112731205506,0.3916419882581677,1.158011564347379,1.2366567326534343,0.3405644832192086,1.086194934790839,0.0,81.4390409518723,4.049997161500145,12.876888470445696,0.3857140153809663,0.35441706983554955,-0.0051412082320781705,0.3,0.15,0.0,0.0,pure_subsidy_penalty_from_baseline,synthetic_policy_response_surface_3d_fine_grid
critical_infrastructure,subsidy_penalty_response_3d,nash,1.2178998990775989,0.38975606374920124,1.1598855189186714,1.238716297880697,0.33843750854706606,1.0877841506634218,0.0,81.39216733623893,4.115726199488789,13.083492331039999,0.39197392376083695,0.35077301843136494,-0.005179501445137319,0.3,0.19999999999999998,0.0,0.0,pure_subsidy_penalty_from_baseline,synthetic_policy_response_surface_3d_fine_grid
critical_infrastructure,subsidy_penalty_response_3d,nash,1.2199493406855477,0.3878630816411179,1.1616718457007993,1.2407380388463463,0.3363043787929428,1.089291250235901,0.0,81.34002307772379,4.181495340005327,13.290230020029124,0.39823765142907885,0.3474269017268783,-0.005217399181653926,0.3,0.24999999999999997,0.0,0.0,pure_subsidy_penalty_from_baseline,synthetic_policy_response_surface_3d_fine_grid
critical_infrastructure,subsidy_penalty_response_3d,nash,1.2219640378719483,0.38595620186019475,1.16336143041809,1.2427265292493068,0.3341576377211053,1.090707152966442,0.0,81.28286987222486,4.247302117968701,13.497093302500787,0.40450496361606686,0.3442858513950283,-0.005255030650427289,0.3,0.3,0.0,0.0,pure_subsidy_penalty_from_baseline,synthetic_policy_response_surface_3d_fine_grid
critical_infrastructure,subsidy_penalty_response_3d,nash,1.2239328148904223,0.38406598096980893,1.165007092312928,1.2446698144269264,0.3320302192900291,1.0920837549795754,0.0,81.21987728067222,4.313146983699952,13.704083702109845,0.4107759032095193,0.34149613404327916,-0.005291938741392804,0.3,0.35,0.0,0.0,pure_subsidy_penalty_from_baseline,synthetic_policy_response_surface_3d_fine_grid
critical_infrastructure,subsidy_penalty_response_3d,nash,1.225863595230542,0.3821770627445668,1.1665853721842214,1.2465761655807104,0.3299054827284055,1.093397853586492,0.0,81.15155313922727,4.379027001883873,13.911191408063033,0.417050190655607,0.3391229784326186,-0.005328385128880425,0.3,0.39999999999999997,0.0,0.0,pure_subsidy_penalty_from_baseline,synthetic_policy_response_surface_3d_fine_grid
critical_infrastructure,subsidy_penalty_response_3d,nash,1.227757076102409,0.38029120817991013,1.16810114514613,1.2484461967549616,0.3277852856723135,1.0946541480650325,0.0,81.07790147744106,4.444940650560627,14.118411340070834,0.423327681005774,0.3371564785910759,-0.005364361737429768,0.3,0.44999999999999996,0.0,0.0,pure_subsidy_penalty_from_baseline,synthetic_policy_response_surface_3d_fine_grid
critical_infrastructure,subsidy_penalty_response_3d,nash,1.229605520072245,0.37843082801467665,1.1695933095762463,1.2502716034108898,0.3256937892209544,1.0958908206726385,0.0,80.99833218414312,4.5108879206811,14.32574348162179,0.42960837339819996,0.33553137869229377,-0.005399539727597769,0.3,0.49999999999999994,0.0,0.0,pure_subsidy_penalty_from_baseline,synthetic_policy_response_surface_3d_fine_grid
critical_infrastructure,subsidy_penalty_response_3d,nash,1.2314000586191198,0.3766069183119976,1.1710566426124358,1.2520437236778086,0.3236431619186343,1.0971038926840881,0.0,80.91354269150466,4.576340715028919,14.532017776939401,0.43584197285989695,0.33436662002329876,-0.005433738050882125,0.3,0.5499999999999999,0.0,0.0,pure_subsidy_penalty_from_baseline,synthetic_policy_response_surface_3d_fine_grid
critical_infrastructure,subsidy_penalty_response_3d,nash,1.2331742468920834,0.3747662908290805,1.1724505949336748,1.2537962679805235,0.3215755002042207,1.0982510811486168,0.0,80.82339424665327,4.642242376692163,14.739317902770132,0.4421183215897299,0.3333173339990688,-0.005467851952933728,0.3,0.6,0.0,0.0,pure_subsidy_penalty_from_baseline,synthetic_policy_response_surface_3d_fine_grid
critical_infrastructure,subsidy_penalty_response_3d,nash,1.2249412233468215,0.38308443294224825,1.1658379131331722,1.2456653634857775,0.3309259364609528,1.092776550874658,0.0,80.57818689872528,5.047916737282931,13.811784198510445,0.41207483569656583,0.3512840447756589,-0.005310934587133054,0.35,0.0,0.0,0.0,pure_subsidy_penalty_from_baseline,synthetic_policy_response_surface_3d_fine_grid
critical_infrastructure,subsidy_penalty_response_3d,nash,1.2268516408284598,0.3811951302527216,1.1673743850276308,1.2475510663730849,0.3288030491281913,1.0940518616230097,0.0,80.51442783193923,5.124615613949285,14.01860501892924,0.4183359684856559,0.34645760420979493,-0.005347132692656131,0.35,0.049999999999999996,0.0,0.0,pure_subsidy_penalty_from_baseline,synthetic_policy_response_surface_3d_fine_grid
critical_infrastructure,subsidy_penalty_response_3d,nash,1.2287146296070557,0.37933055611335276,1.168873256791718,1.2493926966692972,0.3267035740782305,1.095294048135148,0.0,80.44513068646636,5.201208086119495,14.225261462066932,0.42458841519342827,0.34222897556929743,-0.0053825935376329015,0.35,0.09999999999999999,0.0,0.0,pure_subsidy_penalty_from_baseline,synthetic_policy_response_surface_3d_fine_grid
critical_infrastructure,subsidy_penalty_response_3d,nash,1.2305406916725565,0.37748194445442496,1.1703520179429172,1.2511950761678547,0.3246270721636001,1.0965194760465453,0.0,80.36961213636079,5.278120466995464,14.43256548797746,0.4308669768975889,0.33849403150753765,-0.0054173626695800114,0.35,0.15,0.0,0.0,pure_subsidy_penalty_from_baseline,synthetic_policy_response_surface_3d_fine_grid
critical_infrastructure,subsidy_penalty_response_3d,nash,1.2323172496403707,0.3756588909917434,1.1717799590790892,1.2529496471951633,0.32257813642630695,1.0976997237790558,0.0,80.2894720315742,5.354387143487957,14.638670447353917,0.4370928280398333,0.33540900591238954,-0.005451350041347169,0.35,0.19999999999999998,0.0,0.0,pure_subsidy_penalty_from_baseline,synthetic_policy_response_surface_3d_fine_grid
critical_infrastructure,subsidy_penalty_response_3d,nash,1.2340656571388138,0.3738375354387509,1.173165297791533,1.2546773223017884,0.32053100270050516,1.098840553334431,0.0,80.20357385356013,5.431091638332154,14.845642903951568,0.4433544194556861,0.33260606172783747,-0.00548498863360905,0.35,0.24999999999999997,0.0,0.0,pure_subsidy_penalty_from_baseline,synthetic_policy_response_surface_3d_fine_grid
critical_infrastructure,subsidy_penalty_response_3d,nash,1.2357791372966498,0.37203217801517025,1.1745267547571943,1.2563666242478804,0.3185082032610992,1.0999611248440506,0.0,80.11198722519043,5.507863290422238,15.052774525954192,0.44962149309569294,0.3299666191797215,-0.005517955216682496,0.35,0.3,0.0,0.0,pure_subsidy_penalty_from_baseline,synthetic_policy_response_surface_3d_fine_grid
critical_infrastructure,subsidy_penalty_response_3d,nash,1.2374523041222891,0.3702557644345306,1.1758736570692305,1.2580218629546271,0.31650791814474943,1.101069991442712,0.0,80.0145345748021,5.5848756498782235,15.260394800324939,0.4559082163165897,0.3274244908234456,-0.005550296875854455,0.35,0.35,0.0,0.0,pure_subsidy_penalty_from_baseline,synthetic_policy_response_surface_3d_fine_grid
critical_infrastructure,subsidy_penalty_response_3d,nash,1.239089022949527,0.36849840909655834,1.1771930385691887,1.2596384347633052,0.31453373481656255,1.1021553324530757,0.0,79.91185080708811,5.661715409315992,15.467714854899633,0.462180849740081,0.3252126577785729,-0.005581962768255427,0.35,0.39999999999999997,0.0,0.0,pure_subsidy_penalty_from_baseline,synthetic_policy_response_surface_3d_fine_grid
critical_infrastructure,subsidy_penalty_response_3d,nash,1.240689748584601,0.3667555774280131,1.1784656368523838,1.2612239962684497,0.31257128741444795,1.103198285787792,0.0,79.80470126478033,5.738225630558351,15.674433090870465,0.4684265820863961,0.32339060747633214,-0.005613165578223833,0.35,0.44999999999999996,0.0,0.0,pure_subsidy_penalty_from_baseline,synthetic_policy_response_surface_3d_fine_grid
critical_infrastructure,subsidy_penalty_response_3d,nash,1.242284221381593,0.3649944940830315,1.1797115671517877,1.262794127757875,0.3106005986488739,1.1042154140113662,0.0,79.69029582554674,5.816164639099945,15.883905011085018,0.47478895013060773,0.32157899076810437,-0.005644254806303567,0.35,0.49999999999999994,0.0,0.0,pure_subsidy_penalty_from_baseline,synthetic_policy_response_surface_3d_fine_grid
critical_infrastructure,subsidy_penalty_response_3d,nash,1.2438039357450328,0.36330417520207386,1.18091895721606,1.2642980652273312,0.30869988336740295,1.1052022957818273,0.0,79.57426040710011,5.891438643058069,16.088315485782175,0.48093376678025057,0.32059435587847607,-0.0056740195299556095,0.35,0.5499999999999999,0.0,0.0,pure_subsidy_penalty_from_baseline,synthetic_policy_response_surface_3d_fine_grid
critical_infrastructure,subsidy_penalty_response_3d,nash,1.2453244226254125,0.361582396255225,1.182081989497412,1.265799558523506,0.30676923602032297,1.1061455875067676,0.0,79.45137703952174,5.968296205693605,16.29576981736411,0.48720785352600854,0.31953343695950437,-0.005703999252875236,0.35,0.6,0.0,0.0,pure_subsidy_penalty_from_baseline,synthetic_policy_response_surface_3d_fine_grid
critical_infrastructure,subsidy_penalty_response_3d,nash,1.23833906407667,0.36930681645478775,1.1765910847744914,1.2588976615996401,0.31544180555580836,1.101660680930872,0.0,79.27919336087535,6.403311645613685,15.372238859458136,0.4573794032581204,0.3367513160020225,-0.005567431586507909,0.39999999999999997,0.0,0.0,0.0,pure_subsidy_penalty_from_baseline,synthetic_policy_response_surface_3d_fine_grid
critical_infrastructure,subsidy_penalty_response_3d,nash,1.2399597277266183,0.36755088216214027,1.177878877385035,1.2604986801939857,0.31346972687476615,1.1027167798871602,0.0,79.18117406651383,6.49102354375081,15.579398550237173,0.4636445388393436,0.33262286895358306,-0.0055989090598443925,0.39999999999999997,0.049999999999999996,0.0,0.0,pure_subsidy_penalty_from_baseline,synthetic_policy_response_surface_3d_fine_grid
critical_infrastructure,subsidy_penalty_response_3d,nash,1.2415482915519855,0.3658098011608277,1.1791368878297555,1.2620681020388798,0.3115146101345204,1.1037465294849267,0.0,79.0778799625758,6.578767034582643,15.786637301293315,0.4699119310416173,0.32887633530035215,-0.005629868474536337,0.39999999999999997,0.09999999999999999,0.0,0.0,pure_subsidy_penalty_from_baseline,synthetic_policy_response_surface_3d_fine_grid
critical_infrastructure,subsidy_penalty_response_3d,nash,1.243104246253515,0.36408736594969704,1.1803726618299537,1.263605301451652,0.309580534936845,1.104757274672927,0.0,78.96924210979321,6.666541093069243,15.99395254826366,0.4761815066478031,0.3256622508526722,-0.0056602646022918535,0.39999999999999997,0.15,0.0,0.0,pure_subsidy_penalty_from_baseline,synthetic_policy_response_surface_3d_fine_grid
critical_infrastructure,subsidy_penalty_response_3d,nash,1.2446371318372726,0.36236130395029037,1.1815510242823797,1.265120303589392,0.30764340529506873,1.1057143596332932,0.0,78.85591641258618,6.754342719981652,16.20133676992961,0.4824530514272609,0.32274803880311154,-0.0056904484157258295,0.39999999999999997,0.19999999999999998,0.0,0.0,pure_subsidy_penalty_from_baseline,synthetic_policy_response_surface_3d_fine_grid
critical_infrastructure,subsidy_penalty_response_3d,nash,1.246138328073351,0.3606560614202375,1.182713268121711,1.2666039154995814,0.3057296089316973,1.1066583159732502,0.0,78.73725449489145,6.84217266112281,16.40879184703102,0.4887266186516293,0.32025506658811986,-0.005720058897600522,0.39999999999999997,0.24999999999999997,0.0,0.0,pure_subsidy_penalty_from_baseline,synthetic_policy_response_surface_3d_fine_grid
critical_infrastructure,subsidy_penalty_response_3d,nash,1.2476088854140168,0.3589711800296997,1.1838598122568877,1.2680571806778533,0.3038386276335498,1.107589485551774,0.0,78.61330296771814,6.930029728530856,16.616314804979424,0.4950021234664898,0.3179767115465937,-0.005749114409860395,0.39999999999999997,0.3,0.0,0.0,pure_subsidy_penalty_from_baseline,synthetic_policy_response_surface_3d_fine_grid
critical_infrastructure,subsidy_penalty_response_3d,nash,1.2490498075484409,0.3573062152695118,1.1849910600122482,1.269481095997963,0.3019699591040489,1.1085081974831155,0.0,78.4841063850412,7.01791279738206,16.823902827349976,0.50127948552729,0.3158151151036638,-0.005777632508562031,0.39999999999999997,0.35,0.0,0.0,pure_subsidy_penalty_from_baseline,synthetic_policy_response_surface_3d_fine_grid
critical_infrastructure,subsidy_penalty_response_3d,nash,1.2504716410252252,0.3556354051232545,1.1860661208305117,1.2708867474724173,0.3000957546860941,1.1093742016684471,0.0,78.35040249733453,7.1058189768142075,17.031548663555782,0.507558498343872,0.3137636358726482,-0.005806012020309392,0.39999999999999997,0.39999999999999997,0.0,0.0,pure_subsidy_penalty_from_baseline,synthetic_policy_response_surface_3d_fine_grid
critical_infrastructure,subsidy_penalty_response_3d,nash,1.251865917249744,0.3539828879734704,1.1871254702389884,1.2722651292493603,0.2982420608966033,1.1102272202142525,0.0,78.21155433140413,7.193749086715391,17.239254378941123,0.5138392204796709,0.31194663334795814,-0.005833897385705167,0.39999999999999997,0.44999999999999996,0.0,0.0,pure_subsidy_penalty_from_baseline,synthetic_policy_response_surface_3d_fine_grid
critical_infrastructure,subsidy_penalty_response_3d,nash,1.253233128824484,0.3523492827091703,1.1881711376384887,1.273616705473876,0.29640952680771826,1.1110691871117633,0.0,78.0675729049183,7.281702240262268,17.447017753659956,0.5201215885901621,0.3103586417613119,-0.0058612885737697185,0.39999999999999997,0.49999999999999994,0.0,0.0,pure_subsidy_penalty_from_baseline,synthetic_policy_response_surface_3d_fine_grid
critical_infrastructure,subsidy_penalty_response_3d,nash,1.254574122354774,0.3507341903630758,1.189203459795567,1.2749423166723866,0.2945977029476483,1.111900374910617,0.0,77.9184959202427,7.369677524121342,17.65483650102677,0.5264055374372387,0.30903253948196474,-0.005888200462476206,0.39999999999999997,0.5499999999999999,0.0,0.0,pure_subsidy_penalty_from_baseline,synthetic_policy_response_surface_3d_fine_grid
critical_infrastructure,subsidy_penalty_response_3d,nash,1.2558903817224762,0.34913541233816864,1.1902198218909765,1.2762434834671526,0.2928041912058535,1.1127181583137218,0.0,77.76440888177822,7.457673947354728,17.862708139254938,0.5326909962396235,0.3079139787753249,-0.005914674519152868,0.39999999999999997,0.6,0.0,0.0,pure_subsidy_penalty_from_baseline,synthetic_policy_response_surface_3d_fine_grid
critical_infrastructure,subsidy_penalty_response_3d,nash,1.2494105908857394,0.35688389938736137,1.1852620487494294,1.269842086203723,0.3014893753503637,1.1087259333153137,0.0,77.68078959397225,7.8969809189891444,16.876495460981662,0.5013956139040727,0.323421743124792,-0.005784921784505098,0.44999999999999996,0.0,0.0,0.0,pure_subsidy_penalty_from_baseline,synthetic_policy_response_surface_3d_fine_grid
critical_infrastructure,subsidy_penalty_response_3d,nash,1.2508264934625872,0.35521602056291884,1.1863325594846912,1.271241749918428,0.29961865429472745,1.109587989629227,0.0,77.55178463525885,7.9959254677146125,17.084274028134303,0.5076778074739436,0.31980511915248,-0.005813200128530288,0.44999999999999996,0.049999999999999996,0.0,0.0,pure_subsidy_penalty_from_baseline,synthetic_policy_response_surface_3d_fine_grid
critical_infrastructure,subsidy_penalty_response_3d,nash,1.2522146189872907,0.35356740973935313,1.1873890927168103,1.272613906837369,0.2977694881361732,1.11043875455635,0.0,77.41761569807484,8.094895515956214,17.292108692440678,0.5139616200607121,0.316465547426529,-0.005840971816504503,0.44999999999999996,0.09999999999999999,0.0,0.0,pure_subsidy_penalty_from_baseline,synthetic_policy_response_surface_3d_fine_grid
critical_infrastructure,subsidy_penalty_response_3d,nash,1.2535758458123158,0.35193765613178646,1.1884319964713244,1.2739594287673106,0.29594141420871134,1.1112785097881228,0.0,77.2783218372308,8.193890043303208,17.49999720790943,0.5202469868763943,0.3135756738123193,-0.0058682522735392095,0.44999999999999996,0.15,0.0,0.0,pure_subsidy_penalty_from_baseline,synthetic_policy_response_surface_3d_fine_grid
critical_infrastructure,subsidy_penalty_response_3d,nash,1.2549110148181875,0.35032636114653676,1.1894616063112038,1.2752791502122656,0.2941339837774189,1.1121075269103877,0.0,77.13394046099161,8.292908081216318,17.70793744276538,0.5265338464264329,0.3109463270169147,-0.005895056277774813,0.44999999999999996,0.19999999999999998,0.0,0.0,pure_subsidy_penalty_from_baseline,synthetic_policy_response_surface_3d_fine_grid
critical_infrastructure,subsidy_penalty_response_3d,nash,1.2562209313954007,0.3487331379436904,1.19047824590805,1.2765738703536949,0.2923467615251819,1.1129260678676238,0.0,76.98450741827844,8.391948709861516,17.915927372475704,0.5328221403086677,0.30864190192070606,-0.0059213979944066075,0.44999999999999996,0.24999999999999997,0.0,0.0,pure_subsidy_penalty_from_baseline,synthetic_policy_response_surface_3d_fine_grid
critical_infrastructure,subsidy_penalty_response_3d,nash,1.2575063673027427,0.3471576110164178,1.1914822275819377,1.2778443549066778,0.29057932506017503,1.1137343854016104,0.0,76.83005708038229,8.491011055165131,18.12396507326365,0.5391118130263575,0.30661823369369967,-0.005947291007600525,0.44999999999999996,0.3,0.0,0.0,pure_subsidy_penalty_from_baseline,synthetic_policy_response_surface_3d_fine_grid
critical_infrastructure,subsidy_penalty_response_3d,nash,1.2587680624108388,0.3455994157864591,1.1924738528118297,1.2790913378609625,0.2888312644432197,1.1145327234661084,0.0,76.6706224175824,8.590094286075844,18.33204871607815,0.5454028118143394,0.3047257858796444,-0.005972748350413087,0.44999999999999996,0.35,0.0,0.0,pure_subsidy_penalty_from_baseline,synthetic_policy_response_surface_3d_fine_grid
critical_infrastructure,subsidy_penalty_response_3d,nash,1.2600067263389876,0.34405819821525324,1.1934534127183982,1.2803155231149543,0.28710218173440366,1.1153213176190484,0.0,76.50623507103946,8.689197612012563,18.540176560972853,0.5516950864769883,0.30291662239587747,-0.00599778253289715,0.44999999999999996,0.39999999999999997,0.0,0.0,pure_subsidy_penalty_from_baseline,synthetic_policy_response_surface_3d_fine_grid
critical_infrastructure,subsidy_penalty_response_3d,nash,1.2612234887016656,0.34253238420017584,1.1944192001574723,1.28151806344632,0.2853903573516128,1.116098442507612,0.0,76.33695859695229,8.78832019650731,18.748346766582525,0.5579885839052263,0.3011936094239709,-0.006022423929905513,0.44999999999999996,0.44999999999999996,0.0,0.0,pure_subsidy_penalty_from_baseline,synthetic_policy_response_surface_3d_fine_grid
critical_infrastructure,subsidy_penalty_response_3d,nash,1.2623643605919637,0.34109222833901204,1.1953309375985115,1.2826483384810035,0.2837697589902577,1.1168319050857516,0.0,76.17468947598782,8.8813679436179,18.94732795530176,0.563896377372565,0.2993694433552495,-0.006045621039798971,0.44999999999999996,0.49999999999999994,0.0,0.0,pure_subsidy_penalty_from_baseline,synthetic_policy_response_surface_3d_fine_grid
critical_infrastructure,subsidy_penalty_response_3d,nash,1.263344955933726,0.339836281996332,1.1960835803053194,1.2836188715642856,0.282359576870468,1.1174322015035913,0.0,76.04279514618992,8.956958133736423,19.11980602972443,0.5686957545229476,0.2969189989052905,-0.0060656973856666185,0.44999999999999996,0.5499999999999999,0.0,0.0,pure_subsidy_penalty_from_baseline,synthetic_policy_response_surface_3d_fine_grid
critical_infrastructure,subsidy_penalty_response_3d,nash,1.2643011968348388,0.3386019549129729,1.1968131556366763,1.2845643200097567,0.28097564532041264,1.118012939225106,0.0,75.91024660777535,9.031113762243418,19.29010996814189,0.5734040483964076,0.2945457899618895,-0.006085310622872653,0.44999999999999996,0.6,0.0,0.0,pure_subsidy_penalty_from_baseline,synthetic_policy_response_surface_3d_fine_grid
critical_infrastructure,subsidy_penalty_response_3d,nash,1.2579486589373612,0.3466141054733742,1.1918319844703888,1.2782852146526853,0.28996321820930043,1.1140160418953884,0.0,75.88505069068398,9.466530585579438,18.196889880623537,0.5409446048902538,0.30834418702993804,-0.005956277998318937,0.49999999999999994,0.0,0.0,0.0,pure_subsidy_penalty_from_baseline,synthetic_policy_response_surface_3d_fine_grid
critical_infrastructure,subsidy_penalty_response_3d,nash,1.2592031151316032,0.3450607259871101,1.1928198943226447,1.2795249223954728,0.2882206828682023,1.1148113617351214,0.0,75.7263258035454,9.576691418414654,18.405126817645225,0.5472395096236946,0.305153962541221,-0.005981602507147105,0.49999999999999994,0.049999999999999996,0.0,0.0,pure_subsidy_penalty_from_baseline,synthetic_policy_response_surface_3d_fine_grid
critical_infrastructure,subsidy_penalty_response_3d,nash,1.2604347277341001,0.3435242563589825,1.1937958114508342,1.2807420230091122,0.2864970441720269,1.1155969972983204,0.0,75.56265820592606,9.686872760730555,18.61340389611835,0.5535355863274605,0.3021753611337647,-0.006006507137385653,0.49999999999999994,0.09999999999999999,0.0,0.0,pure_subsidy_penalty_from_baseline,synthetic_policy_response_surface_3d_fine_grid
critical_infrastructure,subsidy_penalty_response_3d,nash,1.2616441712888136,0.3420043534816698,1.1947600151572813,1.2819371852727863,0.28479191686879884,1.1163731745147747,0.0,75.39407793902406,9.797073844510244,18.82171961155267,0.5598327911148713,0.2995620107516561,-0.0060310037939766414,0.49999999999999994,0.15,0.0,0.0,pure_subsidy_penalty_from_baseline,synthetic_policy_response_surface_3d_fine_grid
critical_infrastructure,subsidy_penalty_response_3d,nash,1.2628360311274347,0.34048982549784995,1.1956952468306905,1.2831152051854597,0.28309320345987915,1.1171228996528773,0.0,75.22090383976283,9.90729319264579,19.03007106433337,0.5661310395797596,0.29723809721953354,-0.00605526507402121,0.49999999999999994,0.19999999999999998,0.0,0.0,pure_subsidy_penalty_from_baseline,synthetic_policy_response_surface_3d_fine_grid
critical_infrastructure,subsidy_penalty_response_3d,nash,1.2640116185396288,0.33897830480785623,1.1965985193589337,1.284277429020829,0.2813983297889259,1.1178431984811086,0.0,75.0432161157848,10.017530002758598,19.238456681884742,0.57243028587192,0.2950963280434238,-0.00607933160797855,0.49999999999999994,0.24999999999999997,0.0,0.0,pure_subsidy_penalty_from_baseline,synthetic_policy_response_surface_3d_fine_grid
critical_infrastructure,subsidy_penalty_response_3d,nash,1.265167026932183,0.33748184374780427,1.197490068102598,1.285419700894364,0.27972029010655447,1.1185538987465153,0.0,74.86071051186626,10.127784471598861,19.446876856809375,0.5787305412342207,0.29326787976479174,-0.006103030200517057,0.49999999999999994,0.3,0.0,0.0,pure_subsidy_penalty_from_baseline,synthetic_policy_response_surface_3d_fine_grid
critical_infrastructure,subsidy_penalty_response_3d,nash,1.2662669772520023,0.33604834715909193,1.198345436353968,1.286509631479569,0.2781082819291308,1.1192357631999692,0.0,74.68199318457172,10.233459581882368,19.649061744370645,0.5847691189647068,0.2914148339564704,-0.006125675225863908,0.49999999999999994,0.35,0.0,0.0,pure_subsidy_penalty_from_baseline,synthetic_policy_response_surface_3d_fine_grid
critical_infrastructure,subsidy_penalty_response_3d,nash,1.2672075769005757,0.33481470189088913,1.19908065455641,1.2874404074632673,0.2767231267976037,1.1198219479531564,0.0,74.53556826231662,10.319606494236686,19.82456490713171,0.5896917996706679,0.2889725786698984,-0.006145042243297066,0.49999999999999994,0.39999999999999997,0.0,0.0,pure_subsidy_penalty_from_baseline,synthetic_policy_response_surface_3d_fine_grid
critical_infrastructure,subsidy_penalty_response_3d,nash,1.2681111494971835,0.33361946698274875,1.1997783884491486,1.2883337158596642,0.2753830174852179,1.120376462885184,0.0,74.39265929818217,10.402086819486936,19.995052917199565,0.5944049611135394,0.2864698023790828,-0.006163698166681664,0.49999999999999994,0.44999999999999996,0.0,0.0,pure_subsidy_penalty_from_baseline,synthetic_policy_response_surface_3d_fine_grid
critical_infrastructure,subsidy_penalty_response_3d,nash,1.2689906312187729,0.33244444078432545,1.2004382552095092,1.2892093997369485,0.2740553633359044,1.1208967080788077,0.0,74.2487401896033,10.483442844030119,20.1631252816843,0.5990538768017211,0.28401666004841636,-0.006182096482439364,0.49999999999999994,0.49999999999999994,0.0,0.0,pure_subsidy_penalty_from_baseline,synthetic_policy_response_surface_3d_fine_grid
critical_infrastructure,subsidy_penalty_response_3d,nash,1.2697116481168107,0.3314760259623453,1.2009812778750268,1.2899251311554698,0.272965016329966,1.1213250153901893,0.0,74.12520968822679,10.55147815569982,20.302392576311167,0.6029416088971327,0.28129805887234727,-0.006197152152950636,0.49999999999999994,0.5499999999999999,0.0,0.0,pure_subsidy_penalty_from_baseline,synthetic_policy_response_surface_3d_fine_grid
critical_infrastructure,subsidy_penalty_response_3d,nash,1.2703009621510852,0.33068080392418453,1.201426011977945,1.2905077779432914,0.27207386049609966,1.1216759282301565,0.0,74.01835236531262,10.608668342008766,20.41711686535385,0.6062096195433582,0.2784337535452444,-0.006209422108946927,0.49999999999999994,0.6,0.0,0.0,pure_subsidy_penalty_from_baseline,synthetic_policy_response_surface_3d_fine_grid
critical_infrastructure,subsidy_penalty_response_3d,nash,1.2654888124447299,0.33706371288530984,1.1977410834343971,1.2857377980549503,0.27925137377994913,1.118754273722571,0.0,73.84679927617583,11.169010129959945,19.505642622212914,0.5802083184394777,0.29504248073733286,-0.006109630313133246,0.5499999999999999,0.0,0.0,0.0,pure_subsidy_penalty_from_baseline,synthetic_policy_response_surface_3d_fine_grid
critical_infrastructure,subsidy_penalty_response_3d,nash,1.2666185865432043,0.3355877987773009,1.1986206746140728,1.2868546801376293,0.27759624355275814,1.1194556233181712,0.0,73.66035451712429,11.290314053867665,19.714105508487748,0.5865098209801385,0.29219898304297187,-0.00613284703328304,0.5499999999999999,0.049999999999999996,0.0,0.0,pure_subsidy_penalty_from_baseline,synthetic_policy_response_surface_3d_fine_grid
critical_infrastructure,subsidy_penalty_response_3d,nash,1.2677292021307507,0.3341269924203502,1.1994902640327587,1.2879526022821808,0.27595797432895525,1.1201489703072187,0.0,73.46912867563375,11.411635907562353,19.922600290873692,0.5928122549383041,0.2895280608826479,-0.006155707643784564,0.5499999999999999,0.09999999999999999,0.0,0.0,pure_subsidy_penalty_from_baseline,synthetic_policy_response_surface_3d_fine_grid
critical_infrastructure,subsidy_penalty_response_3d,nash,1.2688276679391135,0.3326627511470576,1.2003207473603632,1.2890388915843347,0.27431657533356557,1.1208057097694324,0.0,73.27362528030855,11.532973798614389,20.131123590047196,0.5991155220059424,0.28714392574292935,-0.0061784899420072315,0.5499999999999999,0.15,0.0,0.0,pure_subsidy_penalty_from_baseline,synthetic_policy_response_surface_3d_fine_grid
critical_infrastructure,subsidy_penalty_response_3d,nash,1.2698912316078197,0.33123354595298743,1.2011204136728104,1.290093064862272,0.27271041517601674,1.1214363789838413,0.0,73.07837537103899,11.651648557502789,20.336353339189305,0.6052804445455995,0.2849536551337525,-0.006200669257452995,0.5499999999999999,0.19999999999999998,0.0,0.0,pure_subsidy_penalty_from_baseline,synthetic_policy_response_surface_3d_fine_grid
critical_infrastructure,subsidy_penalty_response_3d,nash,1.270802301024205,0.3300016532480649,1.201808799589086,1.2909949458112102,0.27132796380284097,1.1219793682299306,0.0,72.91778011291012,11.748717533964916,20.51475390076933,0.6103229887773982,0.28220794536608473,-0.006219673541866089,0.5499999999999999,0.24999999999999997,0.0,0.0,pure_subsidy_penalty_from_baseline,synthetic_policy_response_surface_3d_fine_grid
critical_infrastructure,subsidy_penalty_response_3d,nash,1.2716624504349903,0.3288312325950134,1.2024583794387174,1.2918455910401825,0.2700160717443678,1.1224912777602525,0.0,72.76512249476446,11.839484214911272,20.685312802806404,0.615038141034352,0.2795158229244564,-0.006237634822748778,0.5499999999999999,0.3,0.0,0.0,pure_subsidy_penalty_from_baseline,synthetic_policy_response_surface_3d_fine_grid
critical_infrastructure,subsidy_penalty_response_3d,nash,1.272512047659649,0.3276678742536653,1.2030984514388847,1.292685855704971,0.26871212048758747,1.122994957063126,0.0,72.60908870228928,11.930259777278858,20.855888133569998,0.619753754663837,0.2770561375055703,-0.006255417002281577,0.5499999999999999,0.35,0.0,0.0,pure_subsidy_penalty_from_baseline,synthetic_policy_response_surface_3d_fine_grid
critical_infrastructure,subsidy_penalty_response_3d,nash,1.2732209165190227,0.32669626521073064,1.2036449442824217,1.2933921839318399,0.26761294934992463,1.1234261547279292,0.0,72.47238862539805,12.0079796425247,21.00097185512359,0.6237911502610234,0.27437050728587653,-0.006270348514850005,0.5499999999999999,0.39999999999999997,0.0,0.0,pure_subsidy_penalty_from_baseline,synthetic_policy_response_surface_3d_fine_grid
critical_infrastructure,subsidy_penalty_response_3d,nash,1.2737790687985213,0.3259283703741456,1.2040781769279734,1.293946494516842,0.26674748994350794,1.1237684138743846,0.0,72.3582225848599,12.07114428830943,21.116216843136463,0.6270724305615288,0.2714739424322654,-0.006282071935090727,0.5499999999999999,0.44999999999999996,0.0,0.0,pure_subsidy_penalty_from_baseline,synthetic_policy_response_surface_3d_fine_grid
critical_infrastructure,subsidy_penalty_response_3d,nash,1.2743322233097427,0.3251631060815826,1.2045043546590612,1.2944933784005936,0.26588970634136877,1.1241046280363913,0.0,72.24222320440273,12.134076548171388,21.23098302228507,0.6303416388660462,0.26861498575355564,-0.006293663409973754,0.5499999999999999,0.49999999999999994,0.0,0.0,pure_subsidy_penalty_from_baseline,synthetic_policy_response_surface_3d_fine_grid
critical_infrastructure,subsidy_penalty_response_3d,nash,1.2748805752108676,0.32440189244543727,1.2049280369906457,1.2950355125463073,0.2650364347944552,1.1244388657526754,0.0,72.12398900147123,12.197011821975636,21.34575467727039,0.6336110037389943,0.26582280437734496,-0.00630516451347124,0.5499999999999999,0.5499999999999999,0.0,0.0,pure_subsidy_penalty_from_baseline,synthetic_policy_response_surface_3d_fine_grid
critical_infrastructure,subsidy_penalty_response_3d,nash,1.2754241931875268,0.32364468858121753,1.2053492522863782,1.2955729649272323,0.26418762970350335,1.1247711495321997,0.0,72.00352302527602,12.259950055371348,21.46053170925049,0.6368805223569534,0.26311452579392763,-0.006316576476510932,0.5499999999999999,0.6,0.0,0.0,pure_subsidy_penalty_from_baseline,synthetic_policy_response_surface_3d_fine_grid
critical_infrastructure,subsidy_penalty_response_3d,nash,1.2719298131882701,0.3284675361044192,1.2026650669669523,1.2921112203910075,0.2696059876135125,1.1226547228324746,0.0,71.64215336815448,12.963141976457319,20.739098723644233,0.6172924750693961,0.28205787178977687,-0.006243233880501964,0.6,0.0,0.0,0.0,pure_subsidy_penalty_from_baseline,synthetic_policy_response_surface_3d_fine_grid
critical_infrastructure,subsidy_penalty_response_3d,nash,1.2729593725707136,0.3270569393939513,1.2034491923694874,1.2931313134995797,0.2680210971554048,1.123272720591404,0.0,71.42971738752928,13.09530827178766,20.947484618184262,0.6235861081803649,0.27950498316547,-0.006264810177153524,0.6,0.049999999999999996,0.0,0.0,pure_subsidy_penalty_from_baseline,synthetic_policy_response_surface_3d_fine_grid
critical_infrastructure,subsidy_penalty_response_3d,nash,1.2738421292821582,0.3258411267493451,1.2041283061006287,1.294005147105817,0.266656421741893,1.1238086014214623,0.0,71.25428425698813,13.203773516977295,21.128891480618478,0.6287511198560617,0.2766052918039701,-0.0062833067474259985,0.6,0.09999999999999999,0.0,0.0,pure_subsidy_penalty_from_baseline,synthetic_policy_response_surface_3d_fine_grid
critical_infrastructure,subsidy_penalty_response_3d,nash,1.2746629318036802,0.3247035731577686,1.204759046631941,1.294816753529172,0.26538125908378907,1.124305808458071,0.0,71.09176879178355,13.30289840857439,21.29963744172312,0.6334713527892567,0.27362899549474023,-0.006300522926350471,0.6,0.15,0.0,0.0,pure_subsidy_penalty_from_baseline,synthetic_policy_response_surface_3d_fine_grid
critical_infrastructure,subsidy_penalty_response_3d,nash,1.27547408841795,0.323572355767125,1.2053802056920961,1.2956188860227926,0.26411323096582906,1.124794651404759,0.0,70.9259226654508,13.40203075667202,21.470395930714062,0.6381919407939056,0.2707689972048441,-0.006317578443190558,0.6,0.19999999999999998,0.0,0.0,pure_subsidy_penalty_from_baseline,synthetic_policy_response_surface_3d_fine_grid
critical_infrastructure,subsidy_penalty_response_3d,nash,1.2761713544977662,0.32259880058500595,1.2059256730350592,1.2963132659881795,0.26301236057975236,1.1252249639702923,0.0,70.77682255263426,13.489305021774566,21.619931021469604,0.6423478581797413,0.2678938865720357,-0.006332329524808528,0.6,0.24999999999999997,0.0,0.0,pure_subsidy_penalty_from_baseline,synthetic_policy_response_surface_3d_fine_grid
critical_infrastructure,subsidy_penalty_response_3d,nash,1.2767245009262973,0.32182317641690816,1.206359789353245,1.2968624054778972,0.26213845930311147,1.125567596935972,0.0,70.65211979369771,13.560539217128937,21.739555528609138,0.6457399627204256,0.26494670386876285,-0.006344006413722597,0.6,0.3,0.0,0.0,pure_subsidy_penalty_from_baseline,synthetic_policy_response_surface_3d_fine_grid
critical_infrastructure,subsidy_penalty_response_3d,nash,1.2772527823703337,0.32107886333352625,1.2067730648476975,1.2973846375324465,0.26130408556680185,1.1258935969450108,0.0,70.52941833039921,13.629255599830902,21.854431904642446,0.6490121714205193,0.2620812549175427,-0.00635512893223808,0.6,0.35,0.0,0.0,pure_subsidy_penalty_from_baseline,synthetic_policy_response_surface_3d_fine_grid
critical_infrastructure,subsidy_penalty_response_3d,nash,1.2777777298853181,0.32033513403828506,1.2071787858587433,1.2979036596733557,0.26047045422500714,1.1262126303987172,0.0,70.40458337117701,13.697974291634047,21.969312062991715,0.6522844900778118,0.2592672917014054,-0.006366215076422266,0.6,0.39999999999999997,0.0,0.0,pure_subsidy_penalty_from_baseline,synthetic_policy_response_surface_3d_fine_grid
critical_infrastructure,subsidy_penalty_response_3d,nash,1.2783030538922637,0.319581300430692,1.2075600224469552,1.2984233429939827,0.25962607463464016,1.1265080880238856,0.0,70.2778903010682,13.766694859064557,22.084195287934612,0.6555568980506932,0.25653050961486756,-0.006377420378377074,0.6,0.44999999999999996,0.0,0.0,pure_subsidy_penalty_from_baseline,synthetic_policy_response_surface_3d_fine_grid
critical_infrastructure,subsidy_penalty_response_3d,nash,1.2788248353261455,0.3188288644708799,1.2079352015434084,1.2989395659174683,0.25878334499797395,1.1267980414385903,0.0,70.14904395641,13.83541769953641,22.199082236580566,0.6588294142636386,0.25386227190242056,-0.006388577823631947,0.6,0.49999999999999994,0.0,0.0,pure_subsidy_penalty_from_baseline,synthetic_policy_response_surface_3d_fine_grid
critical_infrastructure,subsidy_penalty_response_3d,nash,1.2793422900995985,0.3180802449327279,1.2083082614356941,1.2994515092249634,0.2579448598389225,1.127086348525288,0.0,70.0179841578782,13.904142862532701,22.31397299115757,0.6621020410729859,0.25122851603620777,-0.006399652893160579,0.6,0.5499999999999999,0.0,0.0,pure_subsidy_penalty_from_baseline,synthetic_policy_response_surface_3d_fine_grid
critical_infrastructure,subsidy_penalty_response_3d,nash,1.2798554775249473,0.3173354046423498,1.2086792253635998,1.2999592315939728,0.25711057780127977,1.1273730273839098,0.0,69.88471353989479,13.972870307698905,22.4288674854496,0.6653747765570908,0.2486543810488559,-0.006410646658054464,0.6,0.6,0.0,0.0,pure_subsidy_penalty_from_baseline,synthetic_policy_response_surface_3d_fine_grid
