t,model,s,i,r,R0,beta,gamma
0.0,basic_sir_gamma_comparison,0.9999,0.0001,0.0,8.0,208.0,26.0
0.0027397260273972603,basic_sir_gamma_comparison,0.9998261337294767,0.0001646317220933954,9.2345484299745e-06,8.0,208.0,26.0
0.005479452054794521,basic_sir_gamma_comparison,0.9997045416179059,0.0002710212519694526,2.4437130124741938e-05,8.0,208.0,26.0
0.008219178082191782,basic_sir_gamma_comparison,0.9995044145409192,0.0004461225453087239,4.946291377215352e-05,8.0,208.0,26.0
0.010958904109589041,basic_sir_gamma_comparison,0.9991751010144632,0.0007342446824116854,9.065430312521635e-05,8.0,208.0,26.0
0.0136986301369863,basic_sir_gamma_comparison,0.9986334068925521,0.0012081527560520219,0.00015844035139590376,8.0,208.0,26.0
0.016438356164383564,basic_sir_gamma_comparison,0.9977429007830843,0.001987143532129881,0.0002699556847859763,8.0,208.0,26.0
0.019178082191780823,basic_sir_gamma_comparison,0.9962804224074406,0.003266264106066151,0.0004533134864933107,8.0,208.0,26.0
0.021917808219178082,basic_sir_gamma_comparison,0.993882496723819,0.0053629672605830445,0.0007545360155980306,8.0,208.0,26.0
0.024657534246575342,basic_sir_gamma_comparison,0.9899612451938562,0.008790069649692417,0.001248685156451516,8.0,208.0,26.0
0.0273972602739726,basic_sir_gamma_comparison,0.9835767988720292,0.014365756031546113,0.0020574450964247395,8.0,208.0,26.0
0.030136986301369864,basic_sir_gamma_comparison,0.9732551480364331,0.02336872433286212,0.0033761276307047797,8.0,208.0,26.0
0.03287671232876713,basic_sir_gamma_comparison,0.9567575225822516,0.03772930924235922,0.005513168175389268,8.0,208.0,26.0
0.03561643835616438,basic_sir_gamma_comparison,0.9308628310566229,0.06019423345090172,0.008942935492475353,8.0,208.0,26.0
0.038356164383561646,basic_sir_gamma_comparison,0.8913525428298448,0.09428301043338289,0.014364446736772257,8.0,208.0,26.0
0.0410958904109589,basic_sir_gamma_comparison,0.8335902926017104,0.14367046953516022,0.022739237863129355,8.0,208.0,26.0
0.043835616438356165,basic_sir_gamma_comparison,0.7541917617424962,0.21055701726079484,0.03525122099670887,8.0,208.0,26.0
0.04657534246575343,basic_sir_gamma_comparison,0.6537647180194174,0.29312160406022214,0.053113677920360404,8.0,208.0,26.0
0.049315068493150684,basic_sir_gamma_comparison,0.5391684710649352,0.3836278848029578,0.077203644132107,8.0,208.0,26.0
0.052054794520547946,basic_sir_gamma_comparison,0.42256738280553796,0.4697690691649894,0.10766354802947256,8.0,208.0,26.0
0.0547945205479452,basic_sir_gamma_comparison,0.3166354023611653,0.5396262532228515,0.14373834441598313,8.0,208.0,26.0
0.057534246575342465,basic_sir_gamma_comparison,0.22945902207499025,0.5865491463622388,0.18399183156277094,8.0,208.0,26.0
0.06027397260273973,basic_sir_gamma_comparison,0.16298924755297323,0.6102635857188062,0.22674716672822048,8.0,208.0,26.0
0.06301369863013699,basic_sir_gamma_comparison,0.11487851732930524,0.6146478049751728,0.27047367769552194,8.0,208.0,26.0
0.06575342465753425,basic_sir_gamma_comparison,0.08111261649116384,0.604908733290352,0.31397865021848415,8.0,208.0,26.0
0.0684931506849315,basic_sir_gamma_comparison,0.057755588721451256,0.5858131158272676,0.35643129545128105,8.0,208.0,26.0
0.07123287671232877,basic_sir_gamma_comparison,0.04164770668237451,0.5610489868162374,0.397303306501388,8.0,208.0,26.0
0.07397260273972603,basic_sir_gamma_comparison,0.030488759179804342,0.5332216823643724,0.4362895584558231,8.0,208.0,26.0
0.07671232876712329,basic_sir_gamma_comparison,0.022686482350661986,0.5040751912092015,0.4732383264401364,8.0,208.0,26.0
0.07945205479452055,basic_sir_gamma_comparison,0.01716524334731011,0.4747359760666405,0.5080987805860494,8.0,208.0,26.0
0.0821917808219178,basic_sir_gamma_comparison,0.013205092915033563,0.4459105352951256,0.5408843717898407,8.0,208.0,26.0
0.08493150684931507,basic_sir_gamma_comparison,0.01032421158700548,0.41802750287536633,0.571648285537628,8.0,208.0,26.0
0.08767123287671233,basic_sir_gamma_comparison,0.008198406831580901,0.3913342719909666,0.6004673211774524,8.0,208.0,26.0
0.09041095890410959,basic_sir_gamma_comparison,0.006607645029451232,0.36596093650998035,0.6274314184605683,8.0,208.0,26.0
0.09315068493150686,basic_sir_gamma_comparison,0.005400997499502659,0.3419621053319833,0.6526368971685138,8.0,208.0,26.0
0.0958904109589041,basic_sir_gamma_comparison,0.004473727688017782,0.3193441525455112,0.6761821197664708,8.0,208.0,26.0
0.09863013698630137,basic_sir_gamma_comparison,0.003752270659201806,0.29808299582075726,0.6981647335200407,8.0,208.0,26.0
0.10136986301369863,basic_sir_gamma_comparison,0.0031843224395501344,0.27813573303206035,0.7186799445283893,8.0,208.0,26.0
0.10410958904109589,basic_sir_gamma_comparison,0.002732244346420652,0.2594482872852617,0.7378194683683176,8.0,208.0,26.0
0.10684931506849316,basic_sir_gamma_comparison,0.002368630023922321,0.24196044406701644,0.7556709259090612,8.0,208.0,26.0
0.1095890410958904,basic_sir_gamma_comparison,0.002073294524427925,0.22560917285628415,0.7723175326192878,8.0,208.0,26.0
0.11232876712328767,basic_sir_gamma_comparison,0.0018312070131365173,0.21033081174466656,0.7878379812421968,8.0,208.0,26.0
0.11506849315068493,basic_sir_gamma_comparison,0.0016310558472870632,0.19606249290375713,0.8023064512489557,8.0,208.0,26.0
0.1178082191780822,basic_sir_gamma_comparison,0.0014642418100560995,0.18274305772482985,0.815792700465114,8.0,208.0,26.0
0.12054794520547946,basic_sir_gamma_comparison,0.0013241642512091152,0.17031362694702112,0.8283622088017697,8.0,208.0,26.0
0.12328767123287672,basic_sir_gamma_comparison,0.0012057096887092217,0.1587179365894947,0.840076353721796,8.0,208.0,26.0
0.12602739726027398,basic_sir_gamma_comparison,0.0011048817844428762,0.14790251461638934,0.8509926035991677,8.0,208.0,26.0
0.12876712328767123,basic_sir_gamma_comparison,0.0010185310251442231,0.1378167494144963,0.8611647195603594,8.0,208.0,26.0
0.1315068493150685,basic_sir_gamma_comparison,0.0009441554048640683,0.12841288516691768,0.8706429594282182,8.0,208.0,26.0
0.13424657534246576,basic_sir_gamma_comparison,0.0008797521450952327,0.11964596837751823,0.8794742794773864,8.0,208.0,26.0
0.136986301369863,basic_sir_gamma_comparison,0.000823706436127241,0.11147376240568672,0.887702531158186,8.0,208.0,26.0
0.13972602739726028,basic_sir_gamma_comparison,0.0007747072684361412,0.10385664177728665,0.8953686509542771,8.0,208.0,26.0
0.14246575342465753,basic_sir_gamma_comparison,0.0007316832547813479,0.09675747450120938,0.9025108422440091,8.0,208.0,26.0
0.1452054794520548,basic_sir_gamma_comparison,0.0006937533243046322,0.09014149814740174,0.9091647485282934,8.0,208.0,26.0
0.14794520547945206,basic_sir_gamma_comparison,0.0006601885672516262,0.08397619370053183,0.9153636177322163,8.0,208.0,26.0
0.1506849315068493,basic_sir_gamma_comparison,0.0006303825030760166,0.07823115996981167,0.9211384575271121,8.0,208.0,26.0
0.15342465753424658,basic_sir_gamma_comparison,0.0006038277577646925,0.07287799045739046,0.9265181817848447,8.0,208.0,26.0
0.15616438356164383,basic_sir_gamma_comparison,0.0005800976517486907,0.06789015396028,0.9315297483879712,8.0,208.0,26.0
0.1589041095890411,basic_sir_gamma_comparison,0.0005588315753210376,0.06324287973129415,0.9361982886933847,8.0,208.0,26.0
0.16164383561643836,basic_sir_gamma_comparison,0.0005397233040935013,0.05891304770218842,0.940547228993718,8.0,208.0,26.0
0.1643835616438356,basic_sir_gamma_comparison,0.0005225116107309012,0.0548790840413139,0.9445984043479551,8.0,208.0,26.0
0.16712328767123288,basic_sir_gamma_comparison,0.0005069726808000132,0.051120862153307835,0.9483721651658921,8.0,208.0,26.0
0.16986301369863013,basic_sir_gamma_comparison,0.0004929139541393539,0.04761960911151553,0.9518874769343451,8.0,208.0,26.0
0.1726027397260274,basic_sir_gamma_comparison,0.00048016909878175525,0.04435781743196794,0.9551620134692502,8.0,208.0,26.0
0.17534246575342466,basic_sir_gamma_comparison,0.0004685938894188133,0.04131916204141322,0.9582122440691678,8.0,208.0,26.0
0.1780821917808219,basic_sir_gamma_comparison,0.00045806281196842324,0.03848842225426828,0.9610535149337631,8.0,208.0,26.0
0.18082191780821918,basic_sir_gamma_comparison,0.0004484662538558913,0.035851408549418255,0.9637001251967257,8.0,208.0,26.0
0.18356164383561643,basic_sir_gamma_comparison,0.00043970816898661574,0.03339489392386246,0.9661653979071507,8.0,208.0,26.0
0.1863013698630137,basic_sir_gamma_comparison,0.0004317041291769299,0.031106549593575065,0.9684617462772478,8.0,208.0,26.0
0.18904109589041096,basic_sir_gamma_comparison,0.00042437969158507573,0.02897488481060559,0.9706007354978091,8.0,208.0,26.0
0.1917808219178082,basic_sir_gamma_comparison,0.00041766902561886674,0.02698919056789316,0.9725931404064877,8.0,208.0,26.0
0.19452054794520549,basic_sir_gamma_comparison,0.0004115137537732973,0.02513948696840206,0.9744489992778244,8.0,208.0,26.0
0.19726027397260273,basic_sir_gamma_comparison,0.0004058619695385614,0.023416474042170985,0.9761776639882901,8.0,208.0,26.0
0.2,basic_sir_gamma_comparison,0.00040066740242536354,0.0218114858030906,0.9777878467944837,8.0,208.0,26.0
0.20273972602739726,basic_sir_gamma_comparison,0.00039588870566914703,0.020316447346222333,0.9792876639481083,8.0,208.0,26.0
0.2054794520547945,basic_sir_gamma_comparison,0.00039148884659701634,0.018923834795902837,0.9806846763574999,8.0,208.0,26.0
0.20821917808219179,basic_sir_gamma_comparison,0.0003874345832017125,0.01762663792449368,0.9819859274923043,8.0,208.0,26.0
0.21095890410958903,basic_sir_gamma_comparison,0.00038369601334522737,0.01641832527124622,0.9831979787154083,8.0,208.0,26.0
0.2136986301369863,basic_sir_gamma_comparison,0.00038024618535022745,0.015292811600224832,0.9843269422144246,8.0,208.0,26.0
0.21643835616438356,basic_sir_gamma_comparison,0.00037706076063973926,0.014244427545471755,0.9853785116938882,8.0,208.0,26.0
0.2191780821917808,basic_sir_gamma_comparison,0.0003741177206404853,0.013267891300535118,0.9863579909788242,8.0,208.0,26.0
0.2219178082191781,basic_sir_gamma_comparison,0.00037139711144070376,0.012358282218076428,0.9872703206704826,8.0,208.0,26.0
0.22465753424657534,basic_sir_gamma_comparison,0.000368880820742993,0.011511016193493945,0.9881201029857628,8.0,208.0,26.0
0.2273972602739726,basic_sir_gamma_comparison,0.00036655238251947234,0.01072182271433035,0.9889116249031499,8.0,208.0,26.0
0.23013698630136986,basic_sir_gamma_comparison,0.0003643968054944911,0.009986723464670113,0.9896488797298351,8.0,208.0,26.0
0.23287671232876714,basic_sir_gamma_comparison,0.0003624004221766202,0.009302012380774154,0.990335587197049,8.0,208.0,26.0
0.2356164383561644,basic_sir_gamma_comparison,0.0003605507556587362,0.00866423706085406,0.9909752121834869,8.0,208.0,26.0
0.23835616438356164,basic_sir_gamma_comparison,0.000358836401820426,0.008070181438163054,0.9915709821600163,8.0,208.0,26.0
0.2410958904109589,basic_sir_gamma_comparison,0.0003572469249150783,0.007516849632490222,0.9921259034425944,8.0,208.0,26.0
0.24383561643835616,basic_sir_gamma_comparison,0.0003557727648165819,0.0070014509007003,0.992642776334483,8.0,208.0,26.0
0.24657534246575344,basic_sir_gamma_comparison,0.0003544051544470329,0.00652138561218,0.9931242092333729,8.0,208.0,26.0
0.2493150684931507,basic_sir_gamma_comparison,0.0003531360461150601,0.006074232179948642,0.9935726317739363,8.0,208.0,26.0
0.25205479452054796,basic_sir_gamma_comparison,0.0003519580456706805,0.0056577348827813595,0.993990307071548,8.0,208.0,26.0
0.2547945205479452,basic_sir_gamma_comparison,0.00035086435353225425,0.005269792517994238,0.9943793431284735,8.0,208.0,26.0
0.25753424657534246,basic_sir_gamma_comparison,0.00034984871176844327,0.004908447828567089,0.9947417034596645,8.0,208.0,26.0
0.2602739726027397,basic_sir_gamma_comparison,0.00034890535652666723,0.004571877652047683,0.9950792169914257,8.0,208.0,26.0
0.263013698630137,basic_sir_gamma_comparison,0.0003480289751923661,0.004258383742205065,0.9953935872826026,8.0,208.0,26.0
0.26575342465753427,basic_sir_gamma_comparison,0.00034721466774288387,0.003966384217694263,0.9956864011145629,8.0,208.0,26.0
0.2684931506849315,basic_sir_gamma_comparison,0.0003464579118280358,0.0036944055950734237,0.9959591364930985,8.0,208.0,26.0
0.27123287671232876,basic_sir_gamma_comparison,0.0003457545311681349,0.0034410753663910365,0.9962131701024408,8.0,208.0,26.0
0.273972602739726,basic_sir_gamma_comparison,0.00034510066691086094,0.003205115084247094,0.996449784248842,8.0,208.0,26.0
0.2767123287671233,basic_sir_gamma_comparison,0.0003444927516320721,0.002985333919740582,0.9966701733286273,8.0,208.0,26.0
0.27945205479452057,basic_sir_gamma_comparison,0.0003439274857034938,0.0027806226610572393,0.9968754498532392,8.0,208.0,26.0
0.2821917808219178,basic_sir_gamma_comparison,0.00034340181578302887,0.002589948122636881,0.9970666500615799,8.0,208.0,26.0
0.28493150684931506,basic_sir_gamma_comparison,0.00034291291521194053,0.00241234793689908,0.9972447391478888,8.0,208.0,26.0
0.2876712328767123,basic_sir_gamma_comparison,0.00034245816612797755,0.002246925702408484,0.9974106161314634,8.0,208.0,26.0
0.2904109589041096,basic_sir_gamma_comparison,0.0003420351431251537,0.0020928464641360805,0.9975651183927386,8.0,208.0,26.0
0.29315068493150687,basic_sir_gamma_comparison,0.0003416415983098069,0.001949332503128201,0.9977090258985619,8.0,208.0,26.0
0.2958904109589041,basic_sir_gamma_comparison,0.00034127544761912063,0.0018156594144389713,0.9978430651379419,8.0,208.0,26.0
0.29863013698630136,basic_sir_gamma_comparison,0.0003409347582828091,0.0016911524536217808,0.9979679127880954,8.0,208.0,26.0
0.3013698630136986,basic_sir_gamma_comparison,0.00034061773732142764,0.0015751831334177206,0.9980841991292608,8.0,208.0,26.0
0.3041095890410959,basic_sir_gamma_comparison,0.00034032272098599595,0.0014671660535306456,0.9981925112254834,8.0,208.0,26.0
0.30684931506849317,basic_sir_gamma_comparison,0.0003400481650535261,0.0013665559475453876,0.9982933958874011,8.0,208.0,26.0
0.3095890410958904,basic_sir_gamma_comparison,0.0003397926359017906,0.0012728449321333594,0.9983873624319648,8.0,208.0,26.0
0.31232876712328766,basic_sir_gamma_comparison,0.000339554802294407,0.0011855599447038105,0.9984748852530017,8.0,208.0,26.0
0.3150684931506849,basic_sir_gamma_comparison,0.00033933342781417334,0.001104260356603987,0.9985564062155817,8.0,208.0,26.0
0.3178082191780822,basic_sir_gamma_comparison,0.0003391273638886812,0.0010285357498523412,0.9986323368862589,8.0,208.0,26.0
0.32054794520547947,basic_sir_gamma_comparison,0.00033893554335764887,0.00095800384620985,0.9987030606104325,8.0,208.0,26.0
0.3232876712328767,basic_sir_gamma_comparison,0.0003387569745362448,0.000892308578159526,0.9987689344473042,8.0,208.0,26.0
0.32602739726027397,basic_sir_gamma_comparison,0.0003385907357329782,0.0008311182920772133,0.9988302909721898,8.0,208.0,26.0
0.3287671232876712,basic_sir_gamma_comparison,0.00033843597018458316,0.0007741240745410819,0.9988874399552743,8.0,208.0,26.0
0.3315068493150685,basic_sir_gamma_comparison,0.00033829188137376976,0.0007210381933463448,0.9989406699252799,8.0,208.0,26.0
0.33424657534246577,basic_sir_gamma_comparison,0.00033815772869880687,0.0006715926453685866,0.9989902496259326,8.0,208.0,26.0
0.336986301369863,basic_sir_gamma_comparison,0.0003380328234666768,0.0006255378039565735,0.9990364293725768,8.0,208.0,26.0
0.33972602739726027,basic_sir_gamma_comparison,0.00033791652518403884,0.0005826411590362688,0.9990794423157797,8.0,208.0,26.0
0.3424657534246575,basic_sir_gamma_comparison,0.0003378082381224895,0.0005426861435743622,0.9991195056183031,8.0,208.0,26.0
0.3452054794520548,basic_sir_gamma_comparison,0.000337707408136634,0.0005054710404843964,0.9991568215513789,8.0,208.0,26.0
0.34794520547945207,basic_sir_gamma_comparison,0.000337613519715321,0.00047080796446362036,0.999191578515821,8.0,208.0,26.0
0.3506849315068493,basic_sir_gamma_comparison,0.0003375260932480474,0.00043852191362605186,0.9992239519931259,8.0,208.0,26.0
0.35342465753424657,basic_sir_gamma_comparison,0.0003374446824900456,0.0004084498861488336,0.9992541054313612,8.0,208.0,26.0
0.3561643835616438,basic_sir_gamma_comparison,0.0003373688722109288,0.0003804400574764734,0.9992821910703126,8.0,208.0,26.0
0.3589041095890411,basic_sir_gamma_comparison,0.00033729827601300703,0.00035435101393271266,0.9993083507100543,8.0,208.0,26.0
0.36164383561643837,basic_sir_gamma_comparison,0.00033723253430651453,0.0003300510388740279,0.9993327164268194,8.0,208.0,26.0
0.3643835616438356,basic_sir_gamma_comparison,0.00033717131243001387,0.00030741744778357973,0.9993554112397863,8.0,208.0,26.0
0.36712328767123287,basic_sir_gamma_comparison,0.0003371142989051778,0.0002863359689511365,0.9993765497321436,8.0,208.0,26.0
0.3698630136986301,basic_sir_gamma_comparison,0.00033706120381600275,0.0002667001666142972,0.9993962386295696,8.0,208.0,26.0
0.3726027397260274,basic_sir_gamma_comparison,0.000337011757303288,0.0002484109036504329,0.9994145773390463,8.0,208.0,26.0
0.37534246575342467,basic_sir_gamma_comparison,0.0003369657081659278,0.00023137584110819286,0.9994316584507258,8.0,208.0,26.0
0.3780821917808219,basic_sir_gamma_comparison,0.0003369228225612156,0.00021550897205319209,0.9994475682053855,8.0,208.0,26.0
0.38082191780821917,basic_sir_gamma_comparison,0.0003368828827969599,0.0002007301873755635,0.9994623869298274,8.0,208.0,26.0
0.3835616438356164,basic_sir_gamma_comparison,0.0003368456862087571,0.00018696487136824968,0.9994761894424229,8.0,208.0,26.0
0.3863013698630137,basic_sir_gamma_comparison,0.00033681104411627423,0.00017414352503508182,0.9994890454308485,8.0,208.0,26.0
0.38904109589041097,basic_sir_gamma_comparison,0.00033677878085285355,0.0001622014152275713,0.9995010198039194,8.0,208.0,26.0
0.3917808219178082,basic_sir_gamma_comparison,0.0003367487328631793,0.00015107824783963233,0.999512173019297,8.0,208.0,26.0
0.39452054794520547,basic_sir_gamma_comparison,0.00033672074786413763,0.00014071786341083502,0.9995225613887248,8.0,208.0,26.0
0.3972602739726027,basic_sir_gamma_comparison,0.0003366946840643614,0.00013106795360183615,0.9995322373623334,8.0,208.0,26.0
0.4,basic_sir_gamma_comparison,0.000336670409438284,0.00012207979711095104,0.9995412497934504,8.0,208.0,26.0
0.40273972602739727,basic_sir_gamma_comparison,0.0003366478010508335,0.00011370801369892481,0.9995496441852498,8.0,208.0,26.0
0.4054794520547945,basic_sir_gamma_comparison,0.00033662674442917935,0.00010591033508033131,0.9995574629204901,8.0,208.0,26.0
0.40821917808219177,basic_sir_gamma_comparison,0.00033660713297820744,9.864739152514667e-05,0.9995647454754962,8.0,208.0,26.0
0.410958904109589,basic_sir_gamma_comparison,0.0003365888674366389,9.18825130933174e-05,0.9995715286194696,8.0,208.0,26.0
0.4136986301369863,basic_sir_gamma_comparison,0.00033657185537093096,8.558154449899315e-05,0.9995778466001297,8.0,208.0,26.0
0.41643835616438357,basic_sir_gamma_comparison,0.0003365560107043046,7.971267266987893e-05,0.9995837313166254,8.0,208.0,26.0
0.4191780821917808,basic_sir_gamma_comparison,0.0003365412532784348,7.424626613122987e-05,0.9995892124805899,8.0,208.0,26.0
0.42191780821917807,basic_sir_gamma_comparison,0.00033652750844551473,6.915472540369541e-05,0.9995943177661504,8.0,208.0,26.0
0.4246575342465753,basic_sir_gamma_comparison,0.000336514706688569,6.441234365980408e-05,0.9995990729496512,8.0,208.0,26.0
0.4273972602739726,basic_sir_gamma_comparison,0.00033650278326804225,5.9995176935660565e-05,0.9996035020397959,8.0,208.0,26.0
0.4301369863013699,basic_sir_gamma_comparison,0.00033649167789283026,5.58809232426561e-05,0.999607627398864,8.0,208.0,26.0
0.4328767123287671,basic_sir_gamma_comparison,0.0003364813344140493,5.204880996891378e-05,0.9996114698556166,8.0,208.0,26.0
0.43561643835616437,basic_sir_gamma_comparison,0.0003364717005399611,4.8479489002037255e-05,0.9996150488104575,8.0,208.0,26.0
0.4383561643835616,basic_sir_gamma_comparison,0.0003364627275705817,4.5154939043702845e-05,0.9996183823333853,8.0,208.0,26.0
0.4410958904109589,basic_sir_gamma_comparison,0.00033645437015060713,4.205837462293997e-05,0.999621487255226,8.0,208.0,26.0
0.4438356164383562,basic_sir_gamma_comparison,0.00033644658603938364,3.917416134875864e-05,0.9996243792526114,8.0,208.0,26.0
0.4465753424657534,basic_sir_gamma_comparison,0.00033643933589674044,3.6487736974277514e-05,0.9996270729271285,8.0,208.0,26.0
0.44931506849315067,basic_sir_gamma_comparison,0.0003364325830835857,3.398553787384478e-05,0.9996295818790422,8.0,208.0,26.0
0.452054794520548,basic_sir_gamma_comparison,0.000336426293476243,3.165493056196707e-05,0.9996319187759615,8.0,208.0,26.0
0.4547945205479452,basic_sir_gamma_comparison,0.0003364204352935774,2.948414790831518e-05,0.9996340954167977,8.0,208.0,26.0
0.4575342465753425,basic_sir_gamma_comparison,0.00033641497893602626,2.7462229726780607e-05,0.9996361227913367,8.0,208.0,26.0
0.4602739726027397,basic_sir_gamma_comparison,0.000336409896835712,2.557896743863993e-05,0.9996380111357251,8.0,208.0,26.0
0.46301369863013697,basic_sir_gamma_comparison,0.0003364051633168711,2.382485253044988e-05,0.9996397699841522,8.0,208.0,26.0
0.4657534246575343,basic_sir_gamma_comparison,0.0003364007544658868,2.2191028546453946e-05,0.9996414082169871,8.0,208.0,26.0
0.4684931506849315,basic_sir_gamma_comparison,0.00033639664801026273,2.0669246373124872e-05,0.999642934105616,8.0,208.0,26.0
0.4712328767123288,basic_sir_gamma_comparison,0.00033639282320592045,1.9251822590086974e-05,0.9996443553542034,8.0,208.0,26.0
0.473972602739726,basic_sir_gamma_comparison,0.0003363892607322472,1.7931600677143816e-05,0.99964567913859,8.0,208.0,26.0
0.4767123287671233,basic_sir_gamma_comparison,0.000336385942594359,1.6701914881554725e-05,0.9996469121425235,8.0,208.0,26.0
0.4794520547945206,basic_sir_gamma_comparison,0.00033638285203208235,1.5556556563134675e-05,0.9996480605914043,8.0,208.0,26.0
0.4821917808219178,basic_sir_gamma_comparison,0.0003363799734351915,1.4489742847261444e-05,0.999649130283717,8.0,208.0,26.0
0.4849315068493151,basic_sir_gamma_comparison,0.0003363772922644703,1.3496087427525227e-05,0.9996501266203075,8.0,208.0,26.0
0.4876712328767123,basic_sir_gamma_comparison,0.0003363747949781978,1.2570573370609384e-05,0.9996510546316506,8.0,208.0,26.0
0.4904109589041096,basic_sir_gamma_comparison,0.0003363724689636847,1.170852778609878e-05,0.9996519190032497,8.0,208.0,26.0
0.4931506849315069,basic_sir_gamma_comparison,0.0003363703024735119,1.0905598233328055e-05,0.9996527240992926,8.0,208.0,26.0
0.4958904109589041,basic_sir_gamma_comparison,0.0003363682845661489,1.0157730746151868e-05,0.9996534739846872,8.0,208.0,26.0
0.4986301369863014,basic_sir_gamma_comparison,0.00033636640505065,9.461149364687283e-06,0.9996541724455842,8.0,208.0,26.0
0.5,basic_sir_gamma_comparison,0.0003363655141976682,9.130982274571295e-06,0.9996545035035272,8.0,208.0,26.0
0.0,basic_sir_gamma_comparison,0.9999,0.0001,0.0,8.0,416.0,52.0
0.0027397260273972603,basic_sir_gamma_comparison,0.9997046386922999,0.00027093631113821984,2.4424996561870808e-05,8.0,416.0,52.0
0.005479452054794521,basic_sir_gamma_comparison,0.9991756261865224,0.0007337851750400598,9.058863843735894e-05,8.0,416.0,52.0
0.008219178082191782,basic_sir_gamma_comparison,0.9977450254592231,0.001985284773650472,0.0002696897671263616,8.0,416.0,52.0
0.010958904109589041,basic_sir_gamma_comparison,0.9938900807431351,0.005356335132958369,0.0007535841239063735,8.0,416.0,52.0
0.0136986301369863,basic_sir_gamma_comparison,0.9836016994832751,0.014344006158509188,0.002054294358215546,8.0,416.0,52.0
0.016438356164383564,basic_sir_gamma_comparison,0.9568323335890216,0.037664179931017006,0.00550348647996126,8.0,416.0,52.0
0.019178082191780823,basic_sir_gamma_comparison,0.891547412268673,0.09411494038769463,0.01433764734363235,8.0,416.0,52.0
0.021917808219178082,basic_sir_gamma_comparison,0.7545826730998122,0.21022882586505348,0.03518850103513424,8.0,416.0,52.0
0.024657534246575342,basic_sir_gamma_comparison,0.5396876036455176,0.38322525384914097,0.07708714250534139,8.0,416.0,52.0
0.0273972602739726,basic_sir_gamma_comparison,0.3170697616833127,0.539358713386176,0.1435715249305112,8.0,416.0,52.0
0.030136986301369864,basic_sir_gamma_comparison,0.16325320562910145,0.6101895608982881,0.2265572334726104,8.0,416.0,52.0
0.03287671232876713,basic_sir_gamma_comparison,0.08125189416423001,0.6049582792888549,0.313789826546915,8.0,416.0,52.0
0.03561643835616438,basic_sir_gamma_comparison,0.04171857820918039,0.5611540894130106,0.39712733237780895,8.0,416.0,52.0
0.038356164383561646,basic_sir_gamma_comparison,0.02272320069272825,0.5041974153589771,0.47307938394829463,8.0,416.0,52.0
0.0410958904109589,basic_sir_gamma_comparison,0.013224969127840137,0.44603191030093353,0.5407431205712263,8.0,416.0,52.0
0.043835616438356165,basic_sir_gamma_comparison,0.008209758303602335,0.39144734491190675,0.6003428967844909,8.0,416.0,52.0
0.04657534246575343,basic_sir_gamma_comparison,0.005407847384276328,0.34206430593322695,0.6525278466824967,8.0,416.0,52.0
0.049315068493150684,basic_sir_gamma_comparison,0.003756627793177792,0.2981739278706054,0.6980694443362168,8.0,416.0,52.0
0.052054794520547946,basic_sir_gamma_comparison,0.0027351543213589716,0.25952848652208954,0.7377363591565516,8.0,416.0,52.0
0.0547945205479452,basic_sir_gamma_comparison,0.0020753260488260454,0.22567954051077666,0.7722451334403974,8.0,416.0,52.0
0.057534246575342465,basic_sir_gamma_comparison,0.0016325318542346205,0.19612403614030535,0.8022434320054601,8.0,416.0,52.0
0.06027397260273973,basic_sir_gamma_comparison,0.0013252757068540366,0.1703673406047949,0.8283073836883512,8.0,416.0,52.0
0.06301369863013699,basic_sir_gamma_comparison,0.001105745933857339,0.14794932940239966,0.8509449246637432,8.0,416.0,52.0
0.06575342465753425,basic_sir_gamma_comparison,0.0009448467466883243,0.12845364769599044,0.8706015055573214,8.0,416.0,52.0
0.0684931506849315,basic_sir_gamma_comparison,0.0008242738111223531,0.11150923062945292,0.8876664955594249,8.0,416.0,52.0
0.07123287671232877,basic_sir_gamma_comparison,0.000732159604768077,0.09678832047951105,0.902479519915721,8.0,416.0,52.0
0.07397260273972603,basic_sir_gamma_comparison,0.0006605966901625524,0.0840030096896654,0.9153363936201722,8.0,416.0,52.0
0.07671232876712329,basic_sir_gamma_comparison,0.0006041838038519569,0.0729012962715838,0.9264945199245643,8.0,416.0,52.0
0.07945205479452055,basic_sir_gamma_comparison,0.0005591472301116395,0.0632631303384619,0.9361777224314265,8.0,416.0,52.0
0.0821917808219178,basic_sir_gamma_comparison,0.0005227954928688466,0.05489667687554603,0.9445805276315852,8.0,416.0,52.0
0.08493150684931507,basic_sir_gamma_comparison,0.0004931725315621671,0.047634890860124436,0.9518719366083135,8.0,416.0,52.0
0.08767123287671233,basic_sir_gamma_comparison,0.0004688320928754615,0.04133243481109244,0.9581987330960322,8.0,416.0,52.0
0.09041095890410959,basic_sir_gamma_comparison,0.0004486878959864026,0.03586293539397652,0.9636883767100372,8.0,416.0,52.0
0.09315068493150686,basic_sir_gamma_comparison,0.00043191219608800256,0.03111655942611952,0.9684515283777926,8.0,416.0,52.0
0.0958904109589041,basic_sir_gamma_comparison,0.0004178658832411023,0.026997882500053312,0.9725842516167057,8.0,416.0,52.0
0.09863013698630137,basic_sir_gamma_comparison,0.0004060495120108979,0.023424021201194523,0.9761699292867947,8.0,416.0,52.0
0.10136986301369863,basic_sir_gamma_comparison,0.0003960684636303755,0.02032300022268421,0.9792809313136854,8.0,416.0,52.0
0.10410958904109589,basic_sir_gamma_comparison,0.00038760780392494066,0.017632327301856945,0.9819800648942181,8.0,416.0,52.0
0.10684931506849316,basic_sir_gamma_comparison,0.0003804138928162011,0.015297751114244317,0.9843218349929393,8.0,416.0,52.0
0.1095890410958904,basic_sir_gamma_comparison,0.00037428076112349534,0.013272179672460709,0.9863535395664156,8.0,416.0,52.0
0.11232876712328767,basic_sir_gamma_comparison,0.000369039897800565,0.011514739176754631,0.9881162209254446,8.0,416.0,52.0
0.11506849315068493,basic_sir_gamma_comparison,0.00036455250711322037,0.009989955540508877,0.9896454919523777,8.0,416.0,52.0
0.1178082191780822,basic_sir_gamma_comparison,0.000360703575527246,0.008667042914400605,0.9909722535100719,8.0,416.0,52.0
0.12054794520547946,basic_sir_gamma_comparison,0.00035739727925205076,0.0075192854370833145,0.9921233172836643,8.0,416.0,52.0
0.12328767123287672,basic_sir_gamma_comparison,0.00035455339543032576,0.006523500146414576,0.9931219464581548,8.0,416.0,52.0
0.12602739726027398,basic_sir_gamma_comparison,0.00035210447224185196,0.005659570501759537,0.9939883250259982,8.0,416.0,52.0
0.12876712328767123,basic_sir_gamma_comparison,0.000349993578391659,0.004910041308163046,0.9947399651134449,8.0,416.0,52.0
0.1315068493150685,basic_sir_gamma_comparison,0.0003481724990047796,0.004259767012789271,0.9953920604882056,8.0,416.0,52.0
0.13424657534246576,basic_sir_gamma_comparison,0.000346600278514677,0.0036956063790558745,0.9959577933424292,8.0,416.0,52.0
0.136986301369863,basic_sir_gamma_comparison,0.0003452420355600497,0.00320615744996515,0.9964486005144745,8.0,416.0,52.0
0.13972602739726028,basic_sir_gamma_comparison,0.0003440679928412821,0.002781527503924866,0.9968744045032335,8.0,416.0,52.0
0.14246575342465753,basic_sir_gamma_comparison,0.0003430526781707678,0.0024131333973258324,0.9972438139245031,8.0,416.0,52.0
0.1452054794520548,basic_sir_gamma_comparison,0.0003421742628690054,0.0020935282904929473,0.9975642974466378,8.0,416.0,52.0
0.14794520547945206,basic_sir_gamma_comparison,0.00034141401112229314,0.0018162512782731934,0.9978423347106042,8.0,416.0,52.0
0.1506849315068493,basic_sir_gamma_comparison,0.00034075581957857345,0.0015756969031810206,0.9980835472772401,8.0,416.0,52.0
0.15342465753424658,basic_sir_gamma_comparison,0.0003401858307835448,0.001367001926282774,0.9982928122429334,8.0,416.0,52.0
0.15616438356164383,basic_sir_gamma_comparison,0.00033969210738891287,0.0011859470764382814,0.9984743608161725,8.0,416.0,52.0
0.1589041095890411,basic_sir_gamma_comparison,0.0003392643566464434,0.001028871798781091,0.998631863844572,8.0,416.0,52.0
0.16164383561643836,basic_sir_gamma_comparison,0.00033889369671757447,0.0008926002842380181,0.998768506019044,8.0,416.0,52.0
0.1643835616438356,basic_sir_gamma_comparison,0.0003385724579137091,0.000774377288562273,0.9988870502535236,8.0,416.0,52.0
0.16712328767123288,basic_sir_gamma_comparison,0.0003382940132374993,0.0006718124462366915,0.9989898935405254,8.0,416.0,52.0
0.16986301369863013,basic_sir_gamma_comparison,0.0003380526335958693,0.0005828319555798467,0.9990791154108238,8.0,416.0,52.0
0.1726027397260274,basic_sir_gamma_comparison,0.0003378433638580985,0.0005056366598453159,0.9991565199762962,8.0,416.0,52.0
0.17534246575342466,basic_sir_gamma_comparison,0.00033766191658019326,0.0004386656779930505,0.9992236724054264,8.0,416.0,52.0
0.1780821917808219,basic_sir_gamma_comparison,0.0003375045807429872,0.00038056485069929964,0.9992819305685574,8.0,416.0,52.0
0.18082191780821918,basic_sir_gamma_comparison,0.00033736814328127394,0.0003301593642919721,0.9993324724924265,8.0,416.0,52.0
0.18356164383561643,basic_sir_gamma_comparison,0.00033724982153435944,0.0002864299995941299,0.9993763201788712,8.0,416.0,52.0
0.1863013698630137,basic_sir_gamma_comparison,0.0003371472050399536,0.00024849252581834644,0.9994143602691414,8.0,416.0,52.0
0.18904109589041096,basic_sir_gamma_comparison,0.0003370582053352028,0.00021557982314647953,0.9994473619715181,8.0,416.0,52.0
0.1917808219178082,basic_sir_gamma_comparison,0.00033698101263026796,0.0001870263727280241,0.9994759926146414,8.0,416.0,52.0
0.19452054794520549,basic_sir_gamma_comparison,0.0003369140583885851,0.00016225480064328745,0.9995008311409678,8.0,416.0,52.0
0.19726027397260273,basic_sir_gamma_comparison,0.00033685598298971724,0.00014076420386699158,0.999522379813143,8.0,416.0,52.0
0.2,basic_sir_gamma_comparison,0.0003368056077702445,0.00012212002226889338,0.9995410743699605,8.0,416.0,52.0
0.20273972602739726,basic_sir_gamma_comparison,0.0003367619108392538,0.00010594525192582482,0.9995572928372346,8.0,416.0,52.0
0.2054794520547945,basic_sir_gamma_comparison,0.0003367240061507702,9.191282212377087e-05,0.9995713631717251,8.0,416.0,52.0
0.20821917808219179,basic_sir_gamma_comparison,0.000336691125388433,7.973898194579093e-05,0.9995835698926654,8.0,416.0,52.0
0.21095890410958903,basic_sir_gamma_comparison,0.0003366626022799245,6.917756274608846e-05,0.9995941598349736,8.0,416.0,52.0
0.2136986301369863,basic_sir_gamma_comparison,0.0003366378590118035,6.0015000514104066e-05,0.9996033471404737,8.0,416.0,52.0
0.21643835616438356,basic_sir_gamma_comparison,0.00033661639446088424,5.2066017492472354e-05,0.9996113175880463,8.0,416.0,52.0
0.2191780821917808,basic_sir_gamma_comparison,0.00033659777399730115,4.5169875739136584e-05,0.9996182323502631,8.0,416.0,52.0
0.2219178082191781,basic_sir_gamma_comparison,0.0003365816206478882,3.918712688598597e-05,0.9996242312524657,8.0,416.0,52.0
0.22465753424657534,basic_sir_gamma_comparison,0.0003365676074372889,3.39967923775693e-05,0.9996294356001848,8.0,416.0,52.0
0.2273972602739726,basic_sir_gamma_comparison,0.0003365554507489955,2.9493917176392784e-05,0.9996339506320743,8.0,416.0,52.0
0.23013698630136986,basic_sir_gamma_comparison,0.00033654490456986273,2.558744747185468e-05,0.9996378676479579,8.0,416.0,52.0
0.23287671232876714,basic_sir_gamma_comparison,0.00033653575550005537,2.2198389480561612e-05,0.9996412658550191,8.0,416.0,52.0
0.2356164383561644,basic_sir_gamma_comparison,0.0003365278184262753,1.9258212108997383e-05,0.9996442139694645,8.0,416.0,52.0
0.23835616438356164,basic_sir_gamma_comparison,0.00033652093276983596,1.6707461180117625e-05,0.9996467716060498,8.0,416.0,52.0
0.2410958904109589,basic_sir_gamma_comparison,0.00033651495923300856,1.4494557203087187e-05,0.9996489904835636,8.0,416.0,52.0
0.24383561643835616,basic_sir_gamma_comparison,0.00033650977697731536,1.2574752376513933e-05,0.9996509154706458,8.0,416.0,52.0
0.24657534246575344,basic_sir_gamma_comparison,0.0003365052811763106,1.0909225735184734e-05,0.9996525854930881,8.0,416.0,52.0
0.2493150684931507,basic_sir_gamma_comparison,0.00033650138089306254,9.464298143558682e-06,0.999654034320963,8.0,416.0,52.0
0.25205479452054796,basic_sir_gamma_comparison,0.00033649799723918923,8.2107512625847e-06,0.9996552912514979,8.0,416.0,52.0
0.2547945205479452,basic_sir_gamma_comparison,0.000336495061778051,7.1232367187796975e-06,0.9996563817015028,8.0,416.0,52.0
0.25753424657534246,basic_sir_gamma_comparison,0.00033649251513968197,6.179763528428854e-06,0.9996573277213315,8.0,416.0,52.0
0.2602739726027397,basic_sir_gamma_comparison,0.00033649030581935524,5.361253412130446e-06,0.9996581484407682,8.0,416.0,52.0
0.263013698630137,basic_sir_gamma_comparison,0.0003364883891354153,4.651155007693184e-06,0.9996588604558566,8.0,416.0,52.0
0.26575342465753427,basic_sir_gamma_comparison,0.0003364867263252487,4.035109180362185e-06,0.9996594781644942,8.0,416.0,52.0
0.2684931506849315,basic_sir_gamma_comparison,0.00033648528376107044,3.5006586625788555e-06,0.9996600140575761,8.0,416.0,52.0
0.27123287671232876,basic_sir_gamma_comparison,0.00033648403226963825,3.036996151862796e-06,0.9996604789715783,8.0,416.0,52.0
0.273972602739726,basic_sir_gamma_comparison,0.0003364829465421145,2.6347457730628667e-06,0.9996608823076846,8.0,416.0,52.0
0.2767123287671233,basic_sir_gamma_comparison,0.00033648200462212515,2.2857734858857013e-06,0.9996612322218917,8.0,416.0,52.0
0.27945205479452057,basic_sir_gamma_comparison,0.00033648118746164974,1.9830226039135723e-06,0.9996615357899342,8.0,416.0,52.0
0.2821917808219178,basic_sir_gamma_comparison,0.0003364804785357529,1.7203710991049243e-06,0.9996617991503649,8.0,416.0,52.0
0.28493150684931506,basic_sir_gamma_comparison,0.0003364798635083589,1.4925078062979244e-06,0.9996620276286851,8.0,416.0,52.0
0.2876712328767123,basic_sir_gamma_comparison,0.0003364793299423043,1.2948250244168931e-06,0.999662225845033,8.0,416.0,52.0
0.2904109589041096,basic_sir_gamma_comparison,0.0003364788670478032,1.123325342642196e-06,0.9996623978076092,8.0,416.0,52.0
0.29315068493150687,basic_sir_gamma_comparison,0.0003364784654642331,9.745408074499342e-07,0.999662546993728,8.0,416.0,52.0
0.2958904109589041,basic_sir_gamma_comparison,0.00033647811707082864,8.454627959750948e-07,0.9996626764201328,8.0,416.0,52.0
0.29863013698630136,basic_sir_gamma_comparison,0.00033647781482245203,7.334811776470002e-07,0.9996627887039995,8.0,416.0,52.0
0.3013698630136986,basic_sir_gamma_comparison,0.0003364775526071183,6.363315338662328e-07,0.9996628861158586,8.0,416.0,52.0
0.3041095890410959,basic_sir_gamma_comparison,0.00033647732512239316,5.520493684360331e-07,0.9996629706255088,8.0,416.0,52.0
0.30684931506849317,basic_sir_gamma_comparison,0.0003364771277681637,4.789303828231007e-07,0.9996630439418487,8.0,416.0,52.0
0.3095890410958904,basic_sir_gamma_comparison,0.0003364769565536124,4.1549601296131984e-07,0.9996631075474331,8.0,416.0,52.0
0.31232876712328766,basic_sir_gamma_comparison,0.0003364768080165136,3.6046353070716513e-07,0.9996631627284526,8.0,416.0,52.0
0.3150684931506849,basic_sir_gamma_comparison,0.0003364766791532193,3.1272010535866675e-07,0.9996632106007413,8.0,416.0,52.0
0.3178082191780822,basic_sir_gamma_comparison,0.00033647656735791927,2.713003007274885e-07,0.9996632521323412,8.0,416.0,52.0
0.32054794520547947,basic_sir_gamma_comparison,0.0003364764703699464,2.3536655272504867e-07,0.9996632881630771,8.0,416.0,52.0
0.3232876712328767,basic_sir_gamma_comparison,0.00033647638622806146,2.041922326935029e-07,0.9996633194215391,8.0,416.0,52.0
0.32602739726027397,basic_sir_gamma_comparison,0.0003364763132307934,1.7714695399960693e-07,0.999663346539815,8.0,416.0,52.0
0.3287671232876712,basic_sir_gamma_comparison,0.0003364762499020326,1.536838247711836e-07,0.999663370066273,8.0,416.0,52.0
0.3315068493150685,basic_sir_gamma_comparison,0.0003364761949611812,1.3332838900951713e-07,0.9996633904766496,8.0,416.0,52.0
0.33424657534246577,basic_sir_gamma_comparison,0.00033647614729725756,1.1566903245219526e-07,0.9996634081836702,8.0,416.0,52.0
0.336986301369863,basic_sir_gamma_comparison,0.00033647610594643017,1.0034865918011225e-07,0.9996634235453943,8.0,416.0,52.0
0.33972602739726027,basic_sir_gamma_comparison,0.00033647607007252753,8.70574706584987e-08,0.9996634368724566,8.0,416.0,52.0
0.3424657534246575,basic_sir_gamma_comparison,0.00033647603895012947,7.552670119451427e-08,0.9996634484343485,8.0,416.0,52.0
0.3452054794520548,basic_sir_gamma_comparison,0.00033647601194989804,6.552318313396746e-08,0.9996634584648668,8.0,416.0,52.0
0.34794520547945207,basic_sir_gamma_comparison,0.0003364759885258514,5.684463189815741e-08,0.9996634671668422,8.0,416.0,52.0
0.3506849315068493,basic_sir_gamma_comparison,0.000336475968204323,4.931555551795946e-08,0.9996634747162401,8.0,416.0,52.0
0.35342465753424657,basic_sir_gamma_comparison,0.00033647595057438383,4.2783705950451676e-08,0.9996634812657196,8.0,416.0,52.0
0.3561643835616438,basic_sir_gamma_comparison,0.00033647593527953235,3.711700041894138e-08,0.9996634869477199,8.0,416.0,52.0
0.3589041095890411,basic_sir_gamma_comparison,0.0003364759220104858,3.220085052175708e-08,0.9996634918771389,8.0,416.0,52.0
0.36164383561643837,basic_sir_gamma_comparison,0.00033647591049892607,2.7935845100801427e-08,0.9996634961536559,8.0,416.0,52.0
0.3643835616438356,basic_sir_gamma_comparison,0.0003364759005120737,2.4235740014355438e-08,0.9996634998637478,8.0,416.0,52.0
0.36712328767123287,basic_sir_gamma_comparison,0.000336475891847981,2.102571416464313e-08,0.9996635030824377,8.0,416.0,52.0
0.3698630136986301,basic_sir_gamma_comparison,0.0003364758843314483,1.8240856514690695e-08,0.9996635058748119,8.0,416.0,52.0
0.3726027397260274,basic_sir_gamma_comparison,0.0003364758778104812,1.582485349992977e-08,0.9996635082973359,8.0,416.0,52.0
0.37534246575342467,basic_sir_gamma_comparison,0.0003364758721532168,1.3728850292244712e-08,0.9996635103989963,8.0,416.0,52.0
0.3780821917808219,basic_sir_gamma_comparison,0.00033647586724525763,1.1910462889692551e-08,0.9996635122222917,8.0,416.0,52.0
0.38082191780821917,basic_sir_gamma_comparison,0.00033647586298735815,1.0332921055023706e-08,0.9996635138040914,8.0,416.0,52.0
0.3835616438356164,basic_sir_gamma_comparison,0.00033647585929341787,8.964324772068138e-09,0.9996635151763815,8.0,416.0,52.0
0.3863013698630137,basic_sir_gamma_comparison,0.00033647585608874035,7.77699918453645e-09,0.9996635163669118,8.0,416.0,52.0
0.38904109589041097,basic_sir_gamma_comparison,0.00033647585330852267,6.746934973231815e-09,0.9996635173997562,8.0,416.0,52.0
0.3917808219178082,basic_sir_gamma_comparison,0.0003364758508965451,5.8533028553477244e-09,0.9996635182958004,8.0,416.0,52.0
0.39452054794520547,basic_sir_gamma_comparison,0.00033647584880403415,5.078032388375424e-09,0.9996635190731633,8.0,416.0,52.0
0.3972602739726027,basic_sir_gamma_comparison,0.00033647584698867644,4.4054465614697125e-09,0.9996635197475645,8.0,416.0,52.0
0.4,basic_sir_gamma_comparison,0.00033647584541376306,3.821944785219628e-09,0.9996635203326413,8.0,416.0,52.0
0.40273972602739727,basic_sir_gamma_comparison,0.0003364758440474471,3.3157278694512053e-09,0.9996635208402246,8.0,416.0,52.0
0.4054794520547945,basic_sir_gamma_comparison,0.00033647584286209976,2.87655942774372e-09,0.9996635212805783,8.0,416.0,52.0
0.40821917808219177,basic_sir_gamma_comparison,0.0003364758418337518,2.4955588839383272e-09,0.9996635216626073,8.0,416.0,52.0
0.410958904109589,basic_sir_gamma_comparison,0.0003364758409416086,2.1650218949523324e-09,0.9996635219940365,8.0,416.0,52.0
0.4136986301369863,basic_sir_gamma_comparison,0.00033647584016762984,1.878264558607133e-09,0.9996635222815679,8.0,416.0,52.0
0.41643835616438357,basic_sir_gamma_comparison,0.0003364758394961646,1.6294882561427543e-09,0.9996635225310155,8.0,416.0,52.0
0.4191780821917808,basic_sir_gamma_comparison,0.00033647583891363504,1.4136623963528885e-09,0.9996635227474239,8.0,416.0,52.0
0.42191780821917807,basic_sir_gamma_comparison,0.0003364758384082616,1.2264226902693782e-09,0.999663522935169,8.0,416.0,52.0
0.4246575342465753,basic_sir_gamma_comparison,0.00033647583796982486,1.063982899373454e-09,0.9996635230980473,8.0,416.0,52.0
0.4273972602739726,basic_sir_gamma_comparison,0.00033647583758945914,9.230582727639846e-10,0.9996635232393523,8.0,416.0,52.0
0.4301369863013699,basic_sir_gamma_comparison,0.0003364758372594729,8.007991250793842e-10,0.9996635233619414,8.0,416.0,52.0
0.4328767123287671,basic_sir_gamma_comparison,0.00033647583697319337,6.947332120294535e-10,0.9996635234682937,8.0,416.0,52.0
0.43561643835616437,basic_sir_gamma_comparison,0.0003364758367248316,6.027157382930065e-10,0.9996635235605595,8.0,416.0,52.0
0.4383561643835616,basic_sir_gamma_comparison,0.00033647583650936534,5.228859868737458e-10,0.9996635236406047,8.0,416.0,52.0
0.4410958904109589,basic_sir_gamma_comparison,0.0003364758363224376,4.5362969290168303e-10,0.999663523710048,8.0,416.0,52.0
0.4438356164383562,basic_sir_gamma_comparison,0.00033647583616026845,3.9354640102780545e-10,0.9996635237702934,8.0,416.0,52.0
0.4465753424657534,basic_sir_gamma_comparison,0.00033647583601957863,3.414211463346141e-10,0.9996635238225593,8.0,416.0,52.0
0.44931506849315067,basic_sir_gamma_comparison,0.00033647583589752316,2.9619988611251106e-10,0.9996635238679027,8.0,416.0,52.0
0.452054794520548,basic_sir_gamma_comparison,0.00033647583579163396,2.5696818569951053e-10,0.9996635239072403,8.0,416.0,52.0
0.4547945205479452,basic_sir_gamma_comparison,0.00033647583569976984,2.2293272738332013e-10,0.9996635239413677,8.0,416.0,52.0
0.4575342465753425,basic_sir_gamma_comparison,0.0003364758356200731,1.934052684509246e-10,0.9996635239709748,8.0,416.0,52.0
0.4602739726027397,basic_sir_gamma_comparison,0.0003364758355509322,1.6778872399589068e-10,0.9996635239966605,8.0,416.0,52.0
0.46301369863013697,basic_sir_gamma_comparison,0.000336475835490949,1.4556509305903826e-10,0.9996635240189441,8.0,416.0,52.0
0.4657534246575343,basic_sir_gamma_comparison,0.0003364758354389106,1.2628498395281915e-10,0.9996635240382763,8.0,416.0,52.0
0.4684931506849315,basic_sir_gamma_comparison,0.00033647583539376467,1.0955852695738539e-10,0.9996635240550479,8.0,416.0,52.0
0.4712328767123288,basic_sir_gamma_comparison,0.00033647583535459835,9.504749063084163e-11,0.9996635240695981,8.0,416.0,52.0
0.473972602739726,basic_sir_gamma_comparison,0.0003364758353206196,8.245844231488695e-11,0.9996635240822213,8.0,416.0,52.0
0.4767123287671233,basic_sir_gamma_comparison,0.00033647583529114136,7.153681453207121e-11,0.9996635240931724,8.0,416.0,52.0
0.4794520547945206,basic_sir_gamma_comparison,0.0003364758352655675,6.206175728924569e-11,0.999663524102673,8.0,416.0,52.0
0.4821917808219178,basic_sir_gamma_comparison,0.0003364758352433809,5.384167219386571e-11,0.9996635241109153,8.0,416.0,52.0
0.4849315068493151,basic_sir_gamma_comparison,0.0003364758352241329,4.671033807697161e-11,0.9996635241180659,8.0,416.0,52.0
0.4876712328767123,basic_sir_gamma_comparison,0.0003364758352074343,4.0523549777741164e-11,0.9996635241242694,8.0,416.0,52.0
0.4904109589041096,basic_sir_gamma_comparison,0.0003364758351929474,3.515620212131643e-11,0.9996635241296512,8.0,416.0,52.0
0.4931506849315069,basic_sir_gamma_comparison,0.0003364758351803793,3.049976012401856e-11,0.9996635241343202,8.0,416.0,52.0
0.4958904109589041,basic_sir_gamma_comparison,0.0003364758351694759,2.646006427010012e-11,0.9996635241383709,8.0,416.0,52.0
0.4986301369863014,basic_sir_gamma_comparison,0.0003364758351600166,2.2955426479779577e-11,0.999663524141885,8.0,416.0,52.0
0.5,basic_sir_gamma_comparison,0.0003364758351557677,2.1381225863884947e-11,0.9996635241434634,8.0,416.0,52.0
0.0,basic_sir_gamma_comparison,0.9999,0.0001,0.0,8.0,832.0,104.0
0.0027397260273972603,basic_sir_gamma_comparison,0.9991811041699803,0.0007289921366540372,8.99036933656256e-05,8.0,832.0,104.0
0.005479452054794521,basic_sir_gamma_comparison,0.9939689849534148,0.0052873345810182625,0.0007436804655668461,8.0,832.0,104.0
0.008219178082191782,basic_sir_gamma_comparison,0.9576122554815852,0.0369851414968668,0.005402603021547804,8.0,832.0,104.0
0.010958904109589041,basic_sir_gamma_comparison,0.7587401457937641,0.20673002583515634,0.03452982837107931,8.0,832.0,104.0
0.0136986301369863,basic_sir_gamma_comparison,0.3217872004976997,0.5364192740026692,0.14179352549963084,8.0,832.0,104.0
0.016438356164383564,basic_sir_gamma_comparison,0.08289950638196386,0.6053317985965372,0.3117686950214987,8.0,832.0,104.0
0.019178082191780823,basic_sir_gamma_comparison,0.023196629591335713,0.5054387890173621,0.471364581391302,8.0,832.0,104.0
0.021917808219178082,basic_sir_gamma_comparison,0.008363624264955061,0.39264583573974526,0.5989905399952995,8.0,832.0,104.0
0.024657534246575342,basic_sir_gamma_comparison,0.0038182051282909775,0.2991528917356517,0.6970289031360571,8.0,832.0,104.0
0.0273972602739726,basic_sir_gamma_comparison,0.0021052445712123734,0.22644276592418805,0.7714519895045994,8.0,832.0,104.0
0.030136986301369864,basic_sir_gamma_comparison,0.0013423330730758347,0.17095244223120307,0.8277052246957209,8.0,832.0,104.0
0.03287671232876713,basic_sir_gamma_comparison,0.0009558903260289814,0.12889894745459082,0.8701451622193801,8.0,832.0,104.0
0.03561643835616438,basic_sir_gamma_comparison,0.0007400599387047124,0.09712600577985918,0.902133934281436,8.0,832.0,104.0
0.038356164383561646,basic_sir_gamma_comparison,0.0006102927463180973,0.07315687002148068,0.9262328372322011,8.0,832.0,104.0
0.0410958904109589,basic_sir_gamma_comparison,0.0005278131198105665,0.05508987970830064,0.9443823071718886,8.0,832.0,104.0
0.043835616438356165,basic_sir_gamma_comparison,0.0004731500540762181,0.041478380791657866,0.9580484691542657,8.0,832.0,104.0
0.04657534246575343,basic_sir_gamma_comparison,0.0004357637521891927,0.031226754265167404,0.9683374819826431,8.0,832.0,104.0
0.049315068493150684,basic_sir_gamma_comparison,0.0004095807917690087,0.023507195224126774,0.976083223984104,8.0,832.0,104.0
0.052054794520547946,basic_sir_gamma_comparison,0.000390914139554346,0.017695091848052968,0.9819139940123924,8.0,832.0,104.0
0.0547945205479452,basic_sir_gamma_comparison,0.0003774263863453364,0.013319535107673086,0.9863030385059813,8.0,832.0,104.0
0.057534246575342465,basic_sir_gamma_comparison,0.00036758181915817203,0.010025680647061304,0.9896067375337803,8.0,832.0,104.0
0.06027397260273973,basic_sir_gamma_comparison,0.00036034158346180987,0.0075462342187107324,0.9920934241978272,8.0,832.0,104.0
0.06301369863013699,basic_sir_gamma_comparison,0.00035498618787320864,0.005679897644799145,0.9939651161673274,8.0,832.0,104.0
0.06575342465753425,basic_sir_gamma_comparison,0.00035100787519366073,0.004275098777731731,0.9953738933470744,8.0,832.0,104.0
0.0684931506849315,basic_sir_gamma_comparison,0.0003480429583956455,0.0032177210126050834,0.996434236028999,8.0,832.0,104.0
0.07123287671232877,basic_sir_gamma_comparison,0.00034582790367232544,0.0024218546445664833,0.997232317451761,8.0,832.0,104.0
0.07397260273972603,basic_sir_gamma_comparison,0.0003441700242254692,0.0018228287007573444,0.9978330012750171,8.0,832.0,104.0
0.07671232876712329,basic_sir_gamma_comparison,0.0003429274540328024,0.0013719624225504486,0.9982851101234166,8.0,832.0,104.0
0.07945205479452055,basic_sir_gamma_comparison,0.00034199518745359463,0.001032612803803729,0.9986253920087425,8.0,832.0,104.0
0.0821917808219178,basic_sir_gamma_comparison,0.0003412951860846635,0.0007771985697389633,0.9988815062441762,8.0,832.0,104.0
0.08493150684931507,basic_sir_gamma_comparison,0.0003407692738773303,0.0005849596057442774,0.9990742711203782,8.0,832.0,104.0
0.08767123287671233,basic_sir_gamma_comparison,0.00034037398009755735,0.000440270217748845,0.9992193558021534,8.0,832.0,104.0
0.09041095890410959,basic_sir_gamma_comparison,0.0003400767645714666,0.00033136939846495,0.9993285538369634,8.0,832.0,104.0
0.09315068493150686,basic_sir_gamma_comparison,0.00033985323654949764,0.0002494050450886747,0.9994107417183616,8.0,832.0,104.0
0.0958904109589041,basic_sir_gamma_comparison,0.00033968509522140704,0.00018771452410468482,0.9994726003806738,8.0,832.0,104.0
0.09863013698630137,basic_sir_gamma_comparison,0.0003395585986655992,0.00014128315164681137,0.9995191582496874,8.0,832.0,104.0
0.10136986301369863,basic_sir_gamma_comparison,0.00033946342224046506,0.00010633659822167977,0.9995541999795376,8.0,832.0,104.0
0.10410958904109589,basic_sir_gamma_comparison,0.0003393918054186464,8.003410070102967e-05,0.9995805740938801,8.0,832.0,104.0
0.10684931506849316,basic_sir_gamma_comparison,0.0003393379130814454,6.0237552000141654e-05,0.9996004245349182,8.0,832.0,104.0
0.1095890410958904,basic_sir_gamma_comparison,0.00033929735673713355,4.533770294422012e-05,0.9996153649403183,8.0,832.0,104.0
0.11232876712328767,basic_sir_gamma_comparison,0.0003392668352638514,3.412335120881122e-05,0.999626609813527,8.0,832.0,104.0
0.11506849315068493,basic_sir_gamma_comparison,0.00033924386513632074,2.568288536010824e-05,0.9996350732495033,8.0,832.0,104.0
0.1178082191780822,basic_sir_gamma_comparison,0.0003392265777329702,1.9330181444440564e-05,0.9996414432408223,8.0,832.0,104.0
0.12054794520547946,basic_sir_gamma_comparison,0.0003392135669785273,1.4548828786928482e-05,0.9996462376042342,8.0,832.0,104.0
0.12328767123287672,basic_sir_gamma_comparison,0.00033920377478518495,1.0950151410400865e-05,0.9996498460738041,8.0,832.0,104.0
0.12602739726027398,basic_sir_gamma_comparison,0.00033919640489392264,8.241612801766008e-06,0.999652561982304,8.0,832.0,104.0
0.12876712328767123,basic_sir_gamma_comparison,0.00033919085806347613,6.203035742178721e-06,0.999654606106194,8.0,832.0,104.0
0.1315068493150685,basic_sir_gamma_comparison,0.00033918668331090287,4.668704162737135e-06,0.999656144612526,8.0,832.0,104.0
0.13424657534246576,basic_sir_gamma_comparison,0.00033918354122447583,3.513892114210729e-06,0.999657302566661,8.0,832.0,104.0
0.136986301369863,basic_sir_gamma_comparison,0.0003391811763577658,2.644724806485672e-06,0.9996581740988354,8.0,832.0,104.0
0.13972602739726028,basic_sir_gamma_comparison,0.0003391793964558168,1.990547530168388e-06,0.9996588300560136,8.0,832.0,104.0
0.14246575342465753,basic_sir_gamma_comparison,0.0003391780568218705,1.4981821345455596e-06,0.9996593237610432,8.0,832.0,104.0
0.1452054794520548,basic_sir_gamma_comparison,0.00033917704855220324,1.1276041733680689e-06,0.9996596953472741,8.0,832.0,104.0
0.14794520547945206,basic_sir_gamma_comparison,0.00033917628968177255,8.486893148269107e-07,0.999659975021003,8.0,832.0,104.0
0.1506849315068493,basic_sir_gamma_comparison,0.00033917571852038646,6.387645319415939e-07,0.9996601855169472,8.0,832.0,104.0
0.15342465753424658,basic_sir_gamma_comparison,0.0003391752886374005,4.807650098521378e-07,0.9996603439463524,8.0,832.0,104.0
0.15616438356164383,basic_sir_gamma_comparison,0.000339174965087081,3.6184694506819146e-07,0.9996604631879675,8.0,832.0,104.0
0.1589041095890411,basic_sir_gamma_comparison,0.0003391747215677018,2.723434711095049e-07,0.9996605529349609,8.0,832.0,104.0
0.16164383561643836,basic_sir_gamma_comparison,0.0003391745382833817,2.0497883768552514e-07,0.9996606204828786,8.0,832.0,104.0
0.1643835616438356,basic_sir_gamma_comparison,0.00033917440033482386,1.542769639839646e-07,0.9996606713227009,8.0,832.0,104.0
0.16712328767123288,basic_sir_gamma_comparison,0.00033917429650811984,1.1611628731210965e-07,0.9996607095872043,8.0,832.0,104.0
0.16986301369863013,basic_sir_gamma_comparison,0.0003391742183631535,8.739472069059014e-08,0.9996607383869158,8.0,832.0,104.0
0.1726027397260274,basic_sir_gamma_comparison,0.00033917415954749303,6.5777483763946e-08,0.9996607600629683,8.0,832.0,104.0
0.17534246575342466,basic_sir_gamma_comparison,0.0003391741152799957,4.95073081717295e-08,0.9996607763774115,8.0,832.0,104.0
0.1780821917808219,basic_sir_gamma_comparison,0.00033917408196214505,3.726158895027154e-08,0.9996607886564486,8.0,832.0,104.0
0.18082191780821918,basic_sir_gamma_comparison,0.0003391740568855252,2.8044869783488875e-08,0.9996607978982445,8.0,832.0,104.0
0.18356164383561643,basic_sir_gamma_comparison,0.0003391740380116523,2.110792221403602e-08,0.9996608048540658,8.0,832.0,104.0
0.1863013698630137,basic_sir_gamma_comparison,0.00033917402380626553,1.588684075257923e-08,0.9996608100893527,8.0,832.0,104.0
0.18904109589041096,basic_sir_gamma_comparison,0.00033917401311460644,1.1957202918005236e-08,0.9996608140296822,8.0,832.0,104.0
0.1917808219178082,basic_sir_gamma_comparison,0.00033917400506754814,8.99956787167442e-09,0.9996608169953644,8.0,832.0,104.0
0.19452054794520549,basic_sir_gamma_comparison,0.0003391739990109439,6.773509024725373e-09,0.9996608192274798,8.0,832.0,104.0
0.19726027397260273,basic_sir_gamma_comparison,0.0003391739944524514,5.098069725313215e-09,0.9996608209074777,8.0,832.0,104.0
0.2,basic_sir_gamma_comparison,0.00033917399102151,3.837053265751539e-09,0.9996608221719251,8.0,832.0,104.0
0.20273972602739726,basic_sir_gamma_comparison,0.00033917398843921797,2.8879514320902735e-09,0.9996608231236093,8.0,832.0,104.0
0.2054794520547945,basic_sir_gamma_comparison,0.00033917398649566046,2.1736115963029183e-09,0.9996608238398926,8.0,832.0,104.0
0.20821917808219179,basic_sir_gamma_comparison,0.0003391739850328453,1.6359649677850273e-09,0.999660824379002,8.0,832.0,104.0
0.21095890410958903,basic_sir_gamma_comparison,0.00033917398393186,1.2313061728067442e-09,0.9996608247847618,8.0,832.0,104.0
0.2136986301369863,basic_sir_gamma_comparison,0.00033917398310320536,9.26740438238956e-10,0.9996608250901562,8.0,832.0,104.0
0.21643835616438356,basic_sir_gamma_comparison,0.00033917398247951985,6.975095705954204e-10,0.9996608253200107,8.0,832.0,104.0
0.2191780821917808,basic_sir_gamma_comparison,0.00033917398201010405,5.249793588333292e-10,0.9996608254930103,8.0,832.0,104.0
0.2219178082191781,basic_sir_gamma_comparison,0.00033917398165679905,3.9512479658957306e-10,0.9996608256232181,8.0,832.0,104.0
0.22465753424657534,basic_sir_gamma_comparison,0.00033917398139088464,2.973899873450238e-10,0.9996608257212188,8.0,832.0,104.0
0.2273972602739726,basic_sir_gamma_comparison,0.00033917398119074466,2.2383005403959094e-10,0.9996608257949788,8.0,832.0,104.0
0.23013698630136986,basic_sir_gamma_comparison,0.0003391739810401097,1.6846529884418034e-10,0.9996608258504942,8.0,832.0,104.0
0.23287671232876714,basic_sir_gamma_comparison,0.0003391739809267345,1.267951126421588e-10,0.9996608258922778,8.0,832.0,104.0
0.2356164383561644,basic_sir_gamma_comparison,0.00033917398084140285,9.54321198504172e-11,0.9996608259237261,8.0,832.0,104.0
0.23835616438356164,basic_sir_gamma_comparison,0.00033917398077717813,7.182681815856299e-11,0.9996608259473956,8.0,832.0,104.0
0.2410958904109589,basic_sir_gamma_comparison,0.0003391739807288395,5.406032911004279e-11,0.9996608259652104,8.0,832.0,104.0
0.24383561643835616,basic_sir_gamma_comparison,0.00033917398069245754,4.0688412189360685e-11,0.9996608259786187,8.0,832.0,104.0
0.24657534246575344,basic_sir_gamma_comparison,0.0003391739806650747,3.0624062297534927e-11,0.9996608259887104,8.0,832.0,104.0
0.2493150684931507,basic_sir_gamma_comparison,0.00033917398064446506,2.304914694725981e-11,0.9996608259963059,8.0,832.0,104.0
0.25205479452054796,basic_sir_gamma_comparison,0.0003391739806289532,1.734790015232946e-11,0.9996608260020227,8.0,832.0,104.0
0.2547945205479452,basic_sir_gamma_comparison,0.0003391739806172783,1.3056866719788187e-11,0.9996608260063253,8.0,832.0,104.0
0.25753424657534246,basic_sir_gamma_comparison,0.0003391739806084912,9.827227908930306e-12,0.9996608260095637,8.0,832.0,104.0
0.2602739726027397,basic_sir_gamma_comparison,0.00033917398060187754,7.396445904414018e-12,0.9996608260120012,8.0,832.0,104.0
0.263013698630137,basic_sir_gamma_comparison,0.00033917398059689986,5.56692207852507e-12,0.9996608260138358,8.0,832.0,104.0
0.26575342465753427,basic_sir_gamma_comparison,0.0003391739805931534,4.189934169582084e-12,0.9996608260152164,8.0,832.0,104.0
0.2684931506849315,basic_sir_gamma_comparison,0.00033917398059033366,3.153546627346118e-12,0.9996608260162556,8.0,832.0,104.0
0.27123287671232876,basic_sir_gamma_comparison,0.00033917398058821134,2.3735113556301887e-12,0.9996608260170378,8.0,832.0,104.0
0.273972602739726,basic_sir_gamma_comparison,0.000339173980586614,1.7864191721326718e-12,0.9996608260176264,8.0,832.0,104.0
0.2767123287671233,basic_sir_gamma_comparison,0.00033917398058541177,1.344545266654448e-12,0.9996608260180695,8.0,832.0,104.0
0.27945205479452057,basic_sir_gamma_comparison,0.0003391739805845069,1.011969644237913e-12,0.9996608260184029,8.0,832.0,104.0
0.2821917808219178,basic_sir_gamma_comparison,0.00033917398058382585,7.616571834782252e-13,0.9996608260186539,8.0,832.0,104.0
0.28493150684931506,basic_sir_gamma_comparison,0.0003391739805833133,5.732599475163666e-13,0.9996608260188428,8.0,832.0,104.0
0.2876712328767123,basic_sir_gamma_comparison,0.0003391739805829275,4.3146309725031567e-13,0.999660826018985,8.0,832.0,104.0
0.2904109589041096,basic_sir_gamma_comparison,0.00033917398058263713,3.247399458053351e-13,0.999660826019092,8.0,832.0,104.0
0.29315068493150687,basic_sir_gamma_comparison,0.00033917398058241855,2.4441495245761807e-13,0.9996608260191725,8.0,832.0,104.0
0.2958904109589041,basic_sir_gamma_comparison,0.000339173980582254,1.8395848664909837e-13,0.9996608260192331,8.0,832.0,104.0
0.29863013698630136,basic_sir_gamma_comparison,0.0003391739805821302,1.38456033356202e-13,0.9996608260192787,8.0,832.0,104.0
0.3013698630136986,basic_sir_gamma_comparison,0.0003391739805820371,1.0420869143863265e-13,0.9996608260193132,8.0,832.0,104.0
0.3041095890410959,basic_sir_gamma_comparison,0.00033917398058196693,7.84324894200477e-14,0.999660826019339,8.0,832.0,104.0
0.30684931506849317,basic_sir_gamma_comparison,0.0003391739805819142,5.903207603608161e-14,0.9996608260193585,8.0,832.0,104.0
0.3095890410958904,basic_sir_gamma_comparison,0.0003391739805818745,4.443038882097491e-14,0.9996608260193731,8.0,832.0,104.0
0.31232876712328766,basic_sir_gamma_comparison,0.00033917398058184463,3.3440454467100674e-14,0.9996608260193841,8.0,832.0,104.0
0.3150684931506849,basic_sir_gamma_comparison,0.00033917398058182213,2.5168899589695196e-14,0.9996608260193924,8.0,832.0,104.0
0.3178082191780822,basic_sir_gamma_comparison,0.0003391739805818052,1.8943328272627937e-14,0.9996608260193987,8.0,832.0,104.0
0.32054794520547947,basic_sir_gamma_comparison,0.0003391739805817925,1.4257662905193893e-14,0.9996608260194034,8.0,832.0,104.0
0.3232876712328767,basic_sir_gamma_comparison,0.0003391739805817829,1.0731005058486565e-14,0.999660826019407,8.0,832.0,104.0
0.32602739726027397,basic_sir_gamma_comparison,0.0003391739805817757,8.076672195925944e-15,0.9996608260194096,8.0,832.0,104.0
0.3287671232876712,basic_sir_gamma_comparison,0.0003391739805817702,6.078893207570924e-15,0.9996608260194116,8.0,832.0,104.0
0.3315068493150685,basic_sir_gamma_comparison,0.00033917398058176614,4.575268344763529e-15,0.9996608260194131,8.0,832.0,104.0
0.33424657534246577,basic_sir_gamma_comparison,0.0003391739805817631,3.443567720604851e-15,0.9996608260194142,8.0,832.0,104.0
0.336986301369863,basic_sir_gamma_comparison,0.00033917398058176077,2.5917952244185962e-15,0.9996608260194151,8.0,832.0,104.0
0.33972602739726027,basic_sir_gamma_comparison,0.00033917398058175903,1.950710144343888e-15,0.9996608260194157,8.0,832.0,104.0
0.3424657534246575,basic_sir_gamma_comparison,0.00033917398058175773,1.468198579654289e-15,0.9996608260194162,8.0,832.0,104.0
0.3452054794520548,basic_sir_gamma_comparison,0.00033917398058175676,1.1050370940803647e-15,0.9996608260194166,8.0,832.0,104.0
0.34794520547945207,basic_sir_gamma_comparison,0.00033917398058175605,8.317042368894766e-16,0.9996608260194169,8.0,832.0,104.0
0.3506849315068493,basic_sir_gamma_comparison,0.00033917398058175546,6.259807398009392e-16,0.9996608260194171,8.0,832.0,104.0
0.35342465753424657,basic_sir_gamma_comparison,0.000339173980581755,4.711433093899261e-16,0.9996608260194173,8.0,832.0,104.0
0.3561643835616438,basic_sir_gamma_comparison,0.0003391739805817547,3.5460518809808696e-16,0.9996608260194174,8.0,832.0,104.0
0.3589041095890411,basic_sir_gamma_comparison,0.0003391739805817545,2.668929748549403e-16,0.9996608260194174,8.0,832.0,104.0
0.36164383561643837,basic_sir_gamma_comparison,0.00033917398058175426,2.0087653090742947e-16,0.9996608260194174,8.0,832.0,104.0
0.3643835616438356,basic_sir_gamma_comparison,0.00033917398058175416,1.5118936978890115e-16,0.9996608260194174,8.0,832.0,104.0
0.36712328767123287,basic_sir_gamma_comparison,0.00033917398058175405,1.137924148426225e-16,0.9996608260194174,8.0,832.0,104.0
0.3698630136986301,basic_sir_gamma_comparison,0.00033917398058175394,8.564566208454467e-17,0.9996608260194174,8.0,832.0,104.0
0.3726027397260274,basic_sir_gamma_comparison,0.0003391739805817539,6.446105783100473e-17,0.9996608260194174,8.0,832.0,104.0
0.37534246575342467,basic_sir_gamma_comparison,0.0003391739805817539,4.851650247726906e-17,0.9996608260194174,8.0,832.0,104.0
0.3780821917808219,basic_sir_gamma_comparison,0.0003391739805817539,3.651586076663313e-17,0.9996608260194174,8.0,832.0,104.0
0.38082191780821917,basic_sir_gamma_comparison,0.0003391739805817539,2.7483598764211506e-17,0.9996608260194174,8.0,832.0,104.0
0.3835616438356164,basic_sir_gamma_comparison,0.0003391739805817539,2.0685482559468464e-17,0.9996608260194174,8.0,832.0,104.0
0.3863013698630137,basic_sir_gamma_comparison,0.0003391739805817539,1.5568892283322763e-17,0.9996608260194174,8.0,832.0,104.0
0.38904109589041097,basic_sir_gamma_comparison,0.0003391739805817539,1.171789955747288e-17,0.9996608260194174,8.0,832.0,104.0
0.3917808219178082,basic_sir_gamma_comparison,0.0003391739805817539,8.819456615170192e-18,0.9996608260194174,8.0,832.0,104.0
0.39452054794520547,basic_sir_gamma_comparison,0.0003391739805817539,6.637948602082417e-18,0.9996608260194174,8.0,832.0,104.0
0.3972602739726027,basic_sir_gamma_comparison,0.0003391739805817539,4.9960404100290045e-18,0.9996608260194174,8.0,832.0,104.0
0.4,basic_sir_gamma_comparison,0.0003391739805817539,3.760261079878234e-18,0.9996608260194174,8.0,832.0,104.0
0.40273972602739727,basic_sir_gamma_comparison,0.0003391739805817539,2.830153927591033e-18,0.9996608260194174,8.0,832.0,104.0
0.4054794520547945,basic_sir_gamma_comparison,0.0003391739805817539,2.13011040555682e-18,0.9996608260194174,8.0,832.0,104.0
0.40821917808219177,basic_sir_gamma_comparison,0.0003391739805817539,1.603223872605245e-18,0.9996608260194174,8.0,832.0,104.0
0.410958904109589,basic_sir_gamma_comparison,0.0003391739805817539,1.2066636447510636e-18,0.9996608260194174,8.0,832.0,104.0
0.4136986301369863,basic_sir_gamma_comparison,0.0003391739805817539,9.081932825749699e-19,0.9996608260194174,8.0,832.0,104.0
0.41643835616438357,basic_sir_gamma_comparison,0.0003391739805817539,6.835500863079903e-19,0.9996608260194174,8.0,832.0,104.0
0.4191780821917808,basic_sir_gamma_comparison,0.0003391739805817539,5.14472777388211e-19,0.9996608260194174,8.0,832.0,104.0
0.42191780821917807,basic_sir_gamma_comparison,0.0003391739805817539,3.8721703643276344e-19,0.9996608260194174,8.0,832.0,104.0
0.4246575342465753,basic_sir_gamma_comparison,0.0003391739805817539,2.9143822548774537e-19,0.9996608260194174,8.0,832.0,104.0
0.4273972602739726,basic_sir_gamma_comparison,0.0003391739805817539,2.193504708829974e-19,0.9996608260194174,8.0,832.0,104.0
0.4301369863013699,basic_sir_gamma_comparison,0.0003391739805817539,1.6509374841295872e-19,0.9996608260194174,8.0,832.0,104.0
0.4328767123287671,basic_sir_gamma_comparison,0.0003391739805817539,1.2425752110456952e-19,0.9996608260194174,8.0,832.0,104.0
0.43561643835616437,basic_sir_gamma_comparison,0.0003391739805817539,9.352220601613412e-20,0.9996608260194174,8.0,832.0,104.0
0.4383561643835616,basic_sir_gamma_comparison,0.0003391739805817539,7.038932485031352e-20,0.9996608260194174,8.0,832.0,104.0
0.4410958904109589,basic_sir_gamma_comparison,0.0003391739805817539,5.2978402284781174e-20,0.9996608260194174,8.0,832.0,104.0
0.4438356164383562,basic_sir_gamma_comparison,0.0003391739805817539,3.987410185588138e-20,0.9996608260194174,8.0,832.0,104.0
0.4465753424657534,basic_sir_gamma_comparison,0.0003391739805817539,3.001117304871872e-20,0.9996608260194174,8.0,832.0,104.0
0.44931506849315067,basic_sir_gamma_comparison,0.0003391739805817539,2.258785692566748e-20,0.9996608260194174,8.0,832.0,104.0
0.452054794520548,basic_sir_gamma_comparison,0.0003391739805817539,1.700071102406322e-20,0.9996608260194174,8.0,832.0,104.0
0.4547945205479452,basic_sir_gamma_comparison,0.0003391739805817539,1.2795555429398737e-20,0.9996608260194174,8.0,832.0,104.0
0.4575342465753425,basic_sir_gamma_comparison,0.0003391739805817539,9.630552423076507e-21,0.9996608260194174,8.0,832.0,104.0
0.4602739726027397,basic_sir_gamma_comparison,0.0003391739805817539,7.248418443839523e-21,0.9996608260194174,8.0,832.0,104.0
0.46301369863013697,basic_sir_gamma_comparison,0.0003391739805817539,5.455509469124417e-21,0.9996608260194174,8.0,832.0,104.0
0.4657534246575343,basic_sir_gamma_comparison,0.0003391739805817539,4.106079663902601e-21,0.9996608260194174,8.0,832.0,104.0
0.4684931506849315,basic_sir_gamma_comparison,0.0003391739805817539,3.090433680251778e-21,0.9996608260194174,8.0,832.0,104.0
0.4712328767123288,basic_sir_gamma_comparison,0.0003391739805817539,2.326009506341887e-21,0.9996608260194174,8.0,832.0,104.0
0.473972602739726,basic_sir_gamma_comparison,0.0003391739805817539,1.750666988314743e-21,0.9996608260194174,8.0,832.0,104.0
0.4767123287671233,basic_sir_gamma_comparison,0.0003391739805817539,1.3176364480105138e-21,0.9996608260194174,8.0,832.0,104.0
0.4794520547945206,basic_sir_gamma_comparison,0.0003391739805817539,9.917167689310525e-22,0.9996608260194174,8.0,832.0,104.0
0.4821917808219178,basic_sir_gamma_comparison,0.0003391739805817539,7.464138922872332e-22,0.9996608260194174,8.0,832.0,104.0
0.4849315068493151,basic_sir_gamma_comparison,0.0003391739805817539,5.617871110517757e-22,0.9996608260194174,8.0,832.0,104.0
0.4876712328767123,basic_sir_gamma_comparison,0.0003391739805817539,4.2282808694355047e-22,0.9996608260194174,8.0,832.0,104.0
0.4904109589041096,basic_sir_gamma_comparison,0.0003391739805817539,3.182408203948017e-22,0.9996608260194174,8.0,832.0,104.0
0.4931506849315069,basic_sir_gamma_comparison,0.0003391739805817539,2.3952339707999776e-22,0.9996608260194174,8.0,832.0,104.0
0.4958904109589041,basic_sir_gamma_comparison,0.0003391739805817539,1.802768660461879e-22,0.9996608260194174,8.0,832.0,104.0
0.4986301369863014,basic_sir_gamma_comparison,0.0003391739805817539,1.3568506804611105e-22,0.9996608260194174,8.0,832.0,104.0
0.5,basic_sir_gamma_comparison,0.0003391739805817539,1.1771399126848937e-22,0.9996608260194174,8.0,832.0,104.0
