alpha,peak_index,t_peak,i_peak,prominence
0.0,1,60.58904109589041,0.00027642814042982137,2.785763377769531e-05
0.0,2,62.53972602739726,0.00027256411686138454,3.0275193375727368e-05
0.0,3,64.4876712328767,0.000269455318558119,2.4558602170683533e-05
0.0,4,66.43835616438356,0.00026694977506489757,1.9923043358380937e-05
0.0,5,68.38630136986302,0.0002649281099902303,1.6163710680687667e-05
0.0,6,70.33424657534246,0.0002632948930248977,1.3114362690042655e-05
0.0,7,72.28493150684932,0.00026197457212183536,1.0640817487880686e-05
0.0,8,74.23287671232877,0.00026090628167960085,8.634090281672586e-06
0.0,9,76.18356164383562,0.00026004152060792274,7.005988556438563e-06
0.0,10,78.13150684931507,0.00025934113492968966,5.685050924791196e-06
0.0,11,80.08219178082192,0.000258773682039169,4.613217607238589e-06
0.0,12,82.03013698630137,0.0002583137981901575,3.7435438956847917e-06
0.0,13,83.98082191780821,0.0002579409750399546,3.0378287465729456e-06
0.0,14,85.92876712328767,0.00025763870380975004,2.4651946693856437e-06
0.0,15,87.87671232876713,0.00025739355902005325,2.000504570577968e-06
0.0,16,89.82739726027397,0.00025719474581954775,1.6234247021200648e-06
0.0,17,91.77534246575343,0.0002570334707844302,1.3174286884658844e-06
0.0,18,93.72602739726028,0.00025690264427279775,1.06910846064094e-06
0.0,19,95.67397260273972,0.0002567965074799204,8.676031377003639e-07
0.013333333333333334,1,61.06301369863014,0.00045527329004211605,0.0003253038286317722
0.013333333333333334,2,63.06301369863014,0.0004560138032655535,0.0003382416367003399
0.013333333333333334,3,65.06301369863014,0.00045683913995819007,0.00033944883763333434
0.013333333333333334,4,67.06301369863014,0.00045773208426497757,0.000340692999724427
0.013333333333333334,5,69.06027397260274,0.00045868470754068067,0.00034198117125181757
0.013333333333333334,6,71.06027397260274,0.00045968710606301944,0.0003433128931319742
0.013333333333333334,7,73.06027397260274,0.00046073588505480406,0.0003446910116923353
0.013333333333333334,8,75.06027397260274,0.0004618293885402964,0.0003461185545430461
0.013333333333333334,9,77.06027397260274,0.0004629670226054382,0.00034759627229273966
0.013333333333333334,10,79.06027397260274,0.0004641488656280835,0.0003491257817757774
0.013333333333333334,11,81.06027397260274,0.0004653754165311007,0.00035070857703001435
0.013333333333333334,12,83.06027397260274,0.00046664743114295006,0.0003523463369904174
0.013333333333333334,13,85.06027397260274,0.00046796581428409825,0.0003540416577380382
0.013333333333333334,14,87.06027397260274,0.00046933154675298,0.0003557942991142417
0.013333333333333334,15,89.06027397260274,0.0004707456338747398,0.0003576054218042939
0.013333333333333334,16,91.06027397260274,0.00047220906708457305,0.0003594761479946286
0.013333333333333334,17,93.06027397260274,0.000473722793089175,0.0003614094141010829
0.013333333333333334,18,95.06027397260274,0.00047528768710842725,0.00036340406919155874
0.013333333333333334,19,97.06027397260274,0.000476904527949925,0.0003654607853694949
0.013333333333333334,20,99.06027397260274,0.0004785739734725552,0.00036758108692241324
0.013333333333333334,21,101.06027397260274,0.0004802965355201857,0.00036976558669488206
0.013333333333333334,22,103.06027397260274,0.0004820725537569329,0.0003720130655095222
0.013333333333333334,23,105.06027397260274,0.00048390216808346515,0.00037432396116810916
0.013333333333333334,24,107.06301369863014,0.00048578579503913183,0.000376699600279789
0.013333333333333334,25,109.06301369863014,0.00048772454964843677,0.00037913873145908005
0.013333333333333334,26,111.06301369863014,0.000489716194511258,0.0003816395569504882
0.013333333333333334,27,113.06301369863014,0.0004917597947556774,0.0003842013365127105
0.013333333333333334,28,115.06301369863014,0.0004938540578782202,0.0003868203136058692
0.013333333333333334,29,117.06301369863014,0.0004959972997295869,0.00038949608040549425
0.013333333333333334,30,119.06301369863014,0.0004981874111970026,0.0003922245109713806
0.02666666666666667,1,61.178082191780824,0.0008611052181698037,0.0008020596500986643
0.02666666666666667,2,63.175342465753424,0.000864002057693671,0.0008059101222933878
0.02666666666666667,3,65.17260273972603,0.0008712598539363463,0.0008145639985271183
0.02666666666666667,4,67.17534246575343,0.000877787596725694,0.0008222063432226786
0.02666666666666667,5,69.17808219178082,0.0008804267303111877,0.0008249342755355777
0.02666666666666667,6,71.17808219178082,0.0008791749375004627,0.0008231150373539222
0.02666666666666667,7,73.17808219178082,0.000876026012608164,0.0008199430037223862
0.02666666666666667,8,75.17808219178082,0.0008733190054706412,0.0008167604392931698
0.02666666666666667,9,77.17808219178082,0.0008722767932712337,0.000815567535630261
0.02666666666666667,10,79.17808219178082,0.0008728436218115352,0.000816271932694444
0.02666666666666667,11,81.17534246575343,0.000874187544889365,0.0008178689575156412
0.02666666666666667,12,83.17808219178082,0.0008753322383260217,0.0008192114267504248
0.02666666666666667,13,85.17808219178082,0.0008757688192572238,0.0008196489696283366
0.02666666666666667,14,87.17808219178082,0.000875511396608758,0.0008192936276339985
0.02666666666666667,15,89.17808219178082,0.0008749380865087298,0.0008187104498356004
0.02666666666666667,16,91.17808219178082,0.0008744567959092009,0.000818146045411358
0.02666666666666667,17,93.17808219178082,0.0008742831511259913,0.0008179483674470749
0.02666666666666667,18,95.17808219178082,0.0008743989329910182,0.000818090924471533
0.02666666666666667,19,97.17808219178082,0.000874643674897192,0.0008183816355614707
0.02666666666666667,20,99.17808219178082,0.0008748461877721138,0.0008186188934792459
0.02666666666666667,21,101.17808219178082,0.0008749165391275742,0.0008186869672525954
0.02666666666666667,22,103.17808219178082,0.0008748645451706314,0.0008186182027044544
0.02666666666666667,23,105.17808219178082,0.0008747599052368293,0.0008185107463337486
0.02666666666666667,24,107.17808219178082,0.0008746750923228275,0.0008184114011452012
0.02666666666666667,25,109.17808219178082,0.0008746469419258099,0.0008183795132542899
0.02666666666666667,26,111.17808219178082,0.00087467017344047,0.0008184079574164646
0.02666666666666667,27,113.17808219178082,0.0008747148479762741,0.0008184609740021928
0.02666666666666667,28,115.17808219178082,0.0008747504112420429,0.0008185026085865411
0.02666666666666667,29,117.17808219178082,0.0008747616814403343,0.0008185130456890811
0.02666666666666667,30,119.17808219178082,0.0008747513295839839,0.0008184991430005748
0.04,1,60.14794520547945,0.00114362708505853,0.00042140894901414306
0.04,2,62.224657534246575,0.0011914157570770728,0.001155492118437682
0.04,3,64.23561643835616,0.001026388204815207,0.0009835563241597232
0.04,4,66.20547945205479,0.0009400052197478289,0.000877304998858688
0.04,5,68.17808219178082,0.0009721816968211722,0.0009156365147202061
0.04,6,70.17808219178082,0.0010615711508365944,0.0010195803426032424
0.04,7,72.2,0.0011056579830152036,0.0010660655605417035
0.04,8,74.21095890410959,0.001068671507666424,0.0010273573934505846
0.04,9,76.20547945205479,0.0010233615875152545,0.0009760393230481383
0.04,10,78.1945205479452,0.001019913504584099,0.0009712274789635238
0.04,11,80.1917808219178,0.0010469657419917705,0.0010023427951757209
0.04,12,82.1972602739726,0.0010672751664401931,0.0010255570740782473
0.04,13,84.2027397260274,0.001061293859619032,0.0010183489449468932
0.04,14,86.2027397260274,0.0010448493332808047,0.0010003945816538194
0.04,15,88.1972602739726,0.0010391829408284785,0.0009937756936465605
0.04,16,90.1945205479452,0.0010462464231173006,0.0010020179261273515
0.04,17,92.1972602739726,0.0010544396572473823,0.0010112959865201095
0.04,18,94.2,0.0010546886819413112,0.0010112129424427877
0.04,19,96.2,0.0010495537405522393,0.0010058689531536357
0.04,20,98.1972602739726,0.0010463239830414927,0.001002066876591271
0.04,21,100.1972602739726,0.0010477543736722354,0.0010036420635722648
0.04,22,102.1972602739726,0.001050694991191978,0.0010070377629245151
0.04,23,104.1972602739726,0.0010515306880958238,0.001007868373476649
0.04,24,106.1972602739726,0.0010501101415078483,0.0010064357419704364
0.04,25,108.1972602739726,0.0010487331567632608,0.001004824222349201
0.04,26,110.1972602739726,0.001048824655022392,0.0010049317412002068
0.04,27,112.1972602739726,0.0010497772874145629,0.0010060083942722816
0.04,28,114.1972602739726,0.0010502919296401965,0.0010065833168184121
0.04,29,116.1972602739726,0.0010499790281520965,0.0010061883694192392
0.04,30,118.1972602739726,0.0010494587492291755,0.0010056412367698579
0.05333333333333334,1,61.1972602739726,0.0012278279836642379,0.00119315245238895
0.05333333333333334,2,63.21643835616438,0.0012226408507457873,0.001189910466786868
0.05333333333333334,3,65.21369863013699,0.0011696449383638843,0.0011308645407217695
0.05333333333333334,4,67.2027397260274,0.001173684828800178,0.001136406522435012
0.05333333333333334,5,69.2027397260274,0.001208653971361726,0.0011746113217621292
0.05333333333333334,6,71.21095890410959,0.0012077037477082693,0.001173655001846205
0.05333333333333334,7,73.21095890410959,0.0011850706405161114,0.001148426639978757
0.05333333333333334,8,75.20547945205479,0.001185593740825787,0.0011497874897302672
0.05333333333333334,9,77.20547945205479,0.0012003507095100414,0.0011656794552569387
0.05333333333333334,10,79.20821917808219,0.0012004796386538804,0.0011658530180810628
0.05333333333333334,11,81.20821917808219,0.0011909241294061799,0.0011556057208365
0.05333333333333334,12,83.20821917808219,0.0011906438230638438,0.0011549063728271546
0.05333333333333334,13,85.20821917808219,0.0011968814463294388,0.0011619598894609924
0.05333333333333334,14,87.20821917808219,0.001197250770002543,0.001162374457865016
0.05333333333333334,15,89.20821917808219,0.0011932155671120933,0.0011580655104741601
0.05333333333333334,16,91.20821917808219,0.0011929113200797683,0.0011575602641067375
0.05333333333333334,17,93.20821917808219,0.001195529641992663,0.0011605145598106153
0.05333333333333334,18,95.20821917808219,0.001195795681676149,0.0011608120621741714
0.05333333333333334,19,97.20821917808219,0.0011941005868809553,0.0011590091362525788
0.05333333333333334,20,99.20821917808219,0.0011938957763029962,0.001158709762746665
0.05333333333333334,21,101.20821917808219,0.001194992741885011,0.001159944542877017
0.05333333333333334,22,103.20821917808219,0.0011951521403819746,0.001160122626808082
0.05333333333333334,23,105.20821917808219,0.0011944426701960046,0.0011593709534138046
0.05333333333333334,24,107.20821917808219,0.0011943246420623999,0.0011592090794311294
0.05333333333333334,25,109.20821917808219,0.0011947829800547196,0.0011597237280288144
0.05333333333333334,26,111.20821917808219,0.0011948701704728654,0.0011598211031653002
0.05333333333333334,27,113.20821917808219,0.001194574181097371,0.0011595087375470114
0.05333333333333334,28,115.20821917808219,0.0011945112676927092,0.0011594257202053359
0.05333333333333334,29,117.20821917808219,0.0011947021950709648,0.001159639561212168
0.05333333333333334,30,119.20821917808219,0.0011947473451448501,0.0011596836874503773
0.06666666666666667,1,60.26575342465753,0.0006474500349364701,0.00043275707679772863
0.06666666666666667,2,61.23835616438356,0.00036320433417433046,0.0002414434318722801
0.06666666666666667,3,62.23013698630137,0.0005883486528572991,0.00048074795370961026
0.06666666666666667,4,63.27123287671233,0.0003462174364670615,0.00020701302230635978
0.06666666666666667,5,64.1945205479452,0.000673439303333006,0.0005836052618881854
0.06666666666666667,6,65.32054794520548,0.00022450826976071097,6.630932962248254e-05
0.06666666666666667,7,66.14246575342466,0.0009556154126733709,0.0008981323320340943
0.06666666666666667,8,68.15890410958905,0.0015041466134397697,0.0014829626136661652
0.06666666666666667,9,70.31780821917808,0.0011829431224710653,0.001149625392469335
0.06666666666666667,10,71.2027397260274,0.0001717516710596235,4.972721170074116e-05
0.06666666666666667,11,72.23835616438356,0.0008104611581904527,0.0007314122771907525
0.06666666666666667,12,73.28219178082192,0.00022013944792410826,9.385115218158262e-05
0.06666666666666667,13,74.17260273972603,0.0008952317274452926,0.0008283113062132763
0.06666666666666667,14,76.14246575342466,0.0013324671570268726,0.0013219704718205913
0.06666666666666667,15,78.27397260273973,0.0013487744774166284,0.0013312283946626422
0.06666666666666667,16,80.21643835616439,0.0011009678373082882,0.001047471853076911
0.06666666666666667,17,82.17260273972603,0.0012735998303849954,0.0012330911595949332
0.06666666666666667,18,84.22465753424657,0.0014086059831256701,0.0013834759461588625
0.06666666666666667,19,86.22739726027397,0.001272461130405572,0.0012354425848042727
0.06666666666666667,20,88.2,0.001275782850722415,0.0012462628886048617
0.06666666666666667,21,90.20821917808219,0.0013637478043418544,0.0013385100970268664
0.06666666666666667,22,92.22465753424657,0.0013207005111468269,0.001292426676959284
0.06666666666666667,23,94.20821917808219,0.00128669908087827,0.0012533102559502995
0.06666666666666667,24,96.20821917808219,0.0013372474358593922,0.0013117164745294018
0.06666666666666667,25,98.21917808219177,0.0013322562566402702,0.0013055473682766522
0.06666666666666667,26,100.21369863013699,0.0013023538053704362,0.0012718560737744532
0.06666666666666667,27,102.20821917808219,0.0013242466998483588,0.0012950740567690513
0.06666666666666667,28,104.21643835616439,0.0013313042191109793,0.0013036882684358305
0.06666666666666667,29,106.21369863013699,0.0013133398825639106,0.0012841402498467423
0.06666666666666667,30,108.21095890410959,0.0013194448036884842,0.0012905084368173665
0.06666666666666667,31,110.21369863013699,0.001327602357712422,0.0012994735559625577
0.06666666666666667,32,112.21369863013699,0.0013191154335192056,0.0012907916480288412
0.06666666666666667,33,114.21369863013699,0.0013186607293384292,0.0012897179178391585
0.06666666666666667,34,116.21369863013699,0.001324464935278296,0.001296280607913245
0.06666666666666667,35,118.21369863013699,0.0013214941839299638,0.001292811576365597
0.08,1,60.153424657534245,0.0003283357897280172,6.031223467071594e-05
0.08,2,61.30684931506849,0.00046462538792711136,0.00028709013721121563
0.08,3,62.16164383561644,0.000746423877801158,0.0007062695672535079
0.08,4,64.12054794520547,0.0014350574600905824,0.0014068851963195837
0.08,5,66.34520547945206,0.0011330800387433719,0.0011176723080767415
0.08,6,67.16986301369863,0.00030642243527103253,0.00012037122365453617
0.08,7,68.28767123287672,0.0005459979985386588,0.0003996014774007232
0.08,8,69.1917808219178,0.0006121268724412087,0.0005642454921590999
0.08,9,70.30684931506849,0.00028627748460831234,0.00013351180430037522
0.08,10,71.14520547945206,0.0010072358880115516,0.0009606764371182753
0.08,11,73.16986301369863,0.0016979206965653275,0.0016932903425651814
0.08,12,75.36438356164383,0.0009930227823901966,0.0009807856673491326
0.08,13,76.13698630136986,0.0004002575285960862,0.0001475229177403011
0.08,14,77.33424657534246,0.00033677567151537595,0.00013685613072901283
0.08,15,78.12328767123287,0.0009770283719212677,0.0009433955368227828
0.08,16,80.17534246575343,0.0017460022762402227,0.0017413864292112479
0.08,17,82.36986301369863,0.0009674492759578022,0.0009363654401458458
0.08,18,83.13150684931507,0.0004193695128726925,0.00015183368058768293
0.08,19,84.34246575342466,0.0003004550283132191,0.00010008395133856085
0.08,20,85.11506849315069,0.0010568550760586537,0.0010475356623301697
0.08,21,87.21095890410959,0.001696154665376608,0.0016868700398366926
0.08,22,89.2931506849315,0.0012067716677227314,0.0011661712471705617
0.08,23,90.23561643835616,0.00019457912783691687,0.00010230751623691729
0.08,24,91.21095890410959,0.0009581207229800349,0.0008868942771608885
0.08,25,92.30684931506849,0.00013920648302081313,4.473409146268451e-05
0.08,26,93.14794520547946,0.0013249668226733332,0.0013140712087786103
0.08,27,95.26027397260275,0.0014522966726194916,0.0014286473826102795
0.08,28,96.25479452054795,8.184702558045958e-05,3.6642893050435556e-05
0.08,29,97.20547945205479,0.0012830637075521723,0.001238616526205353
0.08,30,99.1917808219178,0.0015078175610706542,0.0014937608959561931
0.08,31,101.26027397260275,0.0013685796135694903,0.0013478590114125953
0.08,32,102.26027397260275,9.696260934567206e-05,4.32091033610299e-05
0.08,33,103.1945205479452,0.0012706888362364437,0.0012222374126969688
0.08,34,105.1972602739726,0.0015350122109012506,0.0015207414845969523
0.08,35,107.26301369863013,0.0013488954046864644,0.0013277165385273339
0.08,36,108.26027397260275,0.000105589553469683,4.853878764072648e-05
0.08,37,109.1945205479452,0.001244952365297186,0.0011929656376269988
0.08,38,111.1917808219178,0.0015437493761981161,0.001534306663776904
0.08,39,113.27123287671233,0.0013250359857623407,0.0013009427949116311
0.08,40,114.25479452054795,0.00012418507929790948,6.222402728537378e-05
0.08,41,115.1972602739726,0.0011777240831632137,0.0011168700343502887
0.08,42,117.17808219178082,0.0015412440229513754,0.001528640558645826
0.08,43,119.2931506849315,0.001270174258465247,0.0011841764463872912
0.09333333333333334,1,61.45753424657534,0.0019798441318532316,0.00197969255678695
0.09333333333333334,2,64.06027397260274,0.0018449525964487814,0.001836759088169691
0.09333333333333334,3,66.96986301369863,0.00308872835701653,0.00308872752764862
0.09333333333333334,4,70.44109589041096,0.001929140076001817,0.00192875031252122
0.09333333333333334,5,73.06301369863014,0.0016305379931916444,0.0016201536226964875
0.09333333333333334,6,75.92876712328767,0.0020181855810108835,0.0020181662398117786
0.09333333333333334,7,79.07123287671233,0.004116705898548569,0.004116705380734274
0.09333333333333334,8,82.85205479452055,0.003572522151957909,0.0035725219821256555
0.09333333333333334,9,86.51506849315068,0.0018137601752043805,0.0018103117971777234
0.09333333333333334,10,89.12328767123287,0.0023955628975072278,0.0023954694499722902
0.09333333333333334,11,92.03013698630137,0.00360778181654061,0.003607781590642933
0.09333333333333334,12,95.75068493150685,0.0021308446363369933,0.002130771282127403
0.09333333333333334,13,98.94246575342466,0.003139894571743984,0.0031398941862475775
0.09333333333333334,14,102.46575342465754,0.00186596677960937,0.0018584511400236848
0.09333333333333334,15,105.06575342465753,0.001977638915963349,0.0019775360248659017
0.09333333333333334,16,107.9972602739726,0.003446120172717769,0.0034461199431940477
0.09333333333333334,17,111.6986301369863,0.0018663187811527521,0.0018659578833224377
0.09333333333333334,18,114.9041095890411,0.0011457943347910973,0.0011448410342758042
0.09333333333333334,19,117.43835616438356,0.0008972712713839411,0.000891500390374282
0.09333333333333334,20,118.03287671232877,0.000690376223252133,0.00017165175225568405
0.10666666666666667,1,62.30958904109589,0.0014074363714374192,0.001393510825646361
0.10666666666666667,2,63.21643835616438,0.000312855566703447,0.00021497906026022364
0.10666666666666667,3,64.23835616438356,0.00085323147278745,0.0008041223006030672
0.10666666666666667,4,65.26575342465753,0.00035504782435990867,0.00026896475437893503
0.10666666666666667,5,66.18082191780822,0.001104639957234696,0.0010590850753159158
0.10666666666666667,6,68.16164383561645,0.001962955857291237,0.0019609455555463706
0.10666666666666667,7,70.97808219178083,0.0015195062060879472,0.001518583618946346
0.10666666666666667,8,73.96986301369863,0.003458562381912791,0.0034584698282546815
0.10666666666666667,9,77.83287671232877,0.003280140327906611,0.003280140100822695
0.10666666666666667,10,81.41917808219178,0.0020282542734341123,0.0020280203857609333
0.10666666666666667,11,83.35616438356165,0.00024664254365537055,7.592345918685346e-05
0.10666666666666667,12,84.07945205479452,0.0016968600845468772,0.0016855038552933722
0.10666666666666667,13,86.95342465753424,0.002742326848832661,0.0027423262287924557
0.10666666666666667,14,90.36986301369863,0.0022699241067205087,0.0022698412415290722
0.10666666666666667,15,92.2931506849315,0.0007049685144096669,0.0005817485090146566
0.10666666666666667,16,93.18356164383562,0.0007697795179874215,0.0007473945070272329
0.10666666666666667,17,94.31232876712329,0.00018012262163339375,8.423942205103527e-05
0.10666666666666667,18,95.12328767123287,0.0016986001392471808,0.0016789744364570356
0.10666666666666667,19,97.96712328767123,0.00152865443895852,0.0015279028590247194
0.10666666666666667,20,100.97534246575343,0.0035508086611413425,0.003550808589719419
0.10666666666666667,21,104.85479452054794,0.0037923551020243346,0.003792355045470653
0.10666666666666667,22,108.81643835616438,0.0031226354964263574,0.0031226350087073074
0.10666666666666667,23,112.32054794520548,0.0028206956215874007,0.002820474442138939
0.10666666666666667,24,114.32876712328768,0.000797347165546169,0.0006083769418296842
0.10666666666666667,25,115.15068493150685,0.0008003523141093661,0.0007877600751157461
0.10666666666666667,26,117.12876712328767,0.0020617386080970437,0.002054120346962579
0.10666666666666667,27,119.96986301369863,0.0030387052797048912,0.00015092351401325066
0.12000000000000001,1,60.78356164383562,0.0020454264603230027,0.0020449187744734127
0.12000000000000001,2,64.06575342465753,0.0047857849483707565,0.004785774442094064
0.12000000000000001,3,68.08767123287672,0.006641351577352187,0.006641351571715249
0.12000000000000001,4,72.47123287671234,0.002625490440707853,0.002622079670755337
0.12000000000000001,5,75.0931506849315,0.0027415144884779634,0.0027415103937374428
0.12000000000000001,6,78.23561643835616,0.0034294837264348464,0.0034293243628281335
0.12000000000000001,7,81.03561643835617,0.0038507749512366315,0.0038507749234282635
0.12000000000000001,8,84.94246575342466,0.005682095405238172,0.0056820954051193815
0.12000000000000001,9,89.35616438356165,0.0038274961293054913,0.003827474908015721
0.12000000000000001,10,92.03287671232877,0.0018595546126830061,0.0018567212523382239
0.12000000000000001,11,95.07397260273973,0.004529975073053534,0.004529975059646067
0.12000000000000001,12,99.02739726027397,0.006548497756620182,0.006548497756537123
0.12000000000000001,13,103.67945205479452,0.002838281931270312,0.0028382629509527465
0.12000000000000001,14,107.0054794520548,0.004558007553452649,0.0045580075510910445
0.12000000000000001,15,111.10958904109589,0.006671388110501865,0.00667138811019979
0.12000000000000001,16,115.3917808219178,0.003211431043230703,0.0032107246706200563
0.12000000000000001,17,117.33698630136986,0.0004920969215890367,0.00029574360451297885
0.12000000000000001,18,118.1013698630137,0.0014267353863496443,0.0014187960782193788
0.13333333333333333,1,63.80821917808219,0.001664676793820408,0.001664663990615405
0.13333333333333333,2,67.05479452054794,0.004991258334096637,0.004991258291743597
0.13333333333333333,3,71.1917808219178,0.006063154037423884,0.006063153998166283
0.13333333333333333,4,75.03013698630137,0.006618248233547838,0.006618248232384268
0.13333333333333333,5,79.79452054794521,0.004548465036624936,0.0045484650320221035
0.13333333333333333,6,83.93972602739726,0.006286984247606521,0.006286984247599937
0.13333333333333333,7,88.73698630136987,0.0033111239888124404,0.0033111234370542257
0.13333333333333333,8,92.24657534246576,0.0037535297678768986,0.0037534065605304024
0.13333333333333333,9,95.04931506849316,0.004187303672005084,0.004187303664212852
0.13333333333333333,10,99.03835616438356,0.006986545771005026,0.0069865457709987555
0.13333333333333333,11,103.85205479452055,0.00633991349130325,0.00633991349128328
0.13333333333333333,12,108.4,0.003285374872583066,0.003285279964879529
0.13333333333333333,13,110.32602739726028,0.000426875885977393,0.0002756030839354707
0.13333333333333333,14,111.0986301369863,0.001760754381163038,0.0017529714035842733
0.13333333333333333,15,113.99178082191781,0.004005429662649556,0.004005429658999032
0.13333333333333333,16,118.05753424657534,0.007136145852023167,0.007136145852010794
0.14666666666666667,1,64.03287671232877,0.007429076280008477,0.007429076275941629
0.14666666666666667,2,68.97260273972603,0.009425751695002812,0.009425751695002562
0.14666666666666667,3,74.26849315068493,0.007106986045324976,0.007106986045205993
0.14666666666666667,4,77.92054794520548,0.004830143660850522,0.00483014323056775
0.14666666666666667,5,82.26301369863013,0.005232068061826532,0.0052320680568313386
0.14666666666666667,6,85.23561643835616,0.0032481633869106013,0.0032478823250284648
0.14666666666666667,7,87.9972602739726,0.0036420198005463907,0.0036420085191890814
0.14666666666666667,8,92.02739726027397,0.007372502183952577,0.00737250218395234
0.14666666666666667,9,96.97260273972603,0.009432546474553908,0.009432546474553908
0.14666666666666667,10,102.26849315068493,0.007096009638421643,0.007096009638271841
0.14666666666666667,11,105.91780821917808,0.004739651717497903,0.004739651266108366
0.14666666666666667,12,110.24109589041096,0.005628882378602147,0.005628882378036546
0.14666666666666667,13,113.46301369863014,0.0009937713489871602,0.00023978831826851365
0.14666666666666667,14,113.97808219178083,0.0014277462915218756,0.0014277329529009334
0.14666666666666667,15,117.06575342465753,0.005174362383072713,0.005174360954061891
0.16,1,61.87671232876713,0.00759496602052834,0.007594966020514415
0.16,2,66.97534246575343,0.010150936470660944,0.01015093647066089
0.16,3,72.48219178082192,0.003425245111396476,0.0034251150174319
0.16,4,75.2,0.0027758276676037516,0.0027748661698962273
0.16,5,78.0054794520548,0.004370422879283024,0.004370422878913112
0.16,6,82.21643835616439,0.006064077831041684,0.006064077712510198
0.16,7,85.95342465753424,0.006152867460347453,0.006152867460346502
0.16,8,90.86575342465754,0.007169724402477605,0.007169724402477357
0.16,9,95.8986301369863,0.008440982555721592,0.008440982555721588
0.16,10,101.10958904109589,0.01028919821303106,0.010289198213031056
0.16,11,106.23835616438356,0.007594419629340479,0.00759441962933895
0.16,12,110.08219178082192,0.007155349325381281,0.0071553492967328216
0.16,13,114.9013698630137,0.008033182538931087,0.008033182538931078
0.17333333333333334,1,62.92602739726028,0.005724087635354392,0.005724087538641865
0.17333333333333334,2,67.83835616438357,0.005976685783524686,0.005976685783517646
0.17333333333333334,3,72.46301369863014,0.002121040855439725,0.0021210016894786846
0.17333333333333334,4,73.00821917808219,0.001007986359818532,0.0002631746498409683
0.17333333333333334,5,75.99178082191781,0.005028594984373462,0.005028594984354657
0.17333333333333334,6,80.4931506849315,0.001798967924312758,0.0017989608366763131
0.17333333333333334,7,80.93698630136987,0.0011936637626287585,0.0001202211437404681
0.17333333333333334,8,84.07671232876713,0.005781521305755797,0.005781521305722519
0.17333333333333334,9,88.5013698630137,0.0016932138875434058,0.0016932096147105873
0.17333333333333334,10,88.92328767123287,0.0012789361990957163,0.00012815900994242262
0.17333333333333334,11,92.10684931506849,0.005658245581509431,0.005658245581302096
0.17333333333333334,12,96.30410958904109,0.004159872492760235,0.004159871207459843
0.17333333333333334,13,98.32602739726028,0.0006519628966593088,0.0005165482604400658
0.17333333333333334,14,99.08493150684932,0.0022807356740365088,0.0022791141098458673
0.17333333333333334,15,102.24657534246576,0.0036142065658184516,0.0036140078952798032
0.17333333333333334,16,105.00821917808219,0.004317154367838506,0.004317154367526607
0.17333333333333334,17,109.24931506849315,0.0054795983644163005,0.005479594732341115
0.17333333333333334,18,112.28767123287672,0.0025997265565950727,0.002598157835256553
0.17333333333333334,19,113.24383561643836,0.00015038984609002797,0.0001286194858701032
0.17333333333333334,20,114.2,0.00192292914239104,0.001908019627680954
0.17333333333333334,21,116.2931506849315,0.0012791779249449358,0.0012746244206938897
0.17333333333333334,22,117.18630136986302,0.0011136805203557818,0.001051352683537669
0.17333333333333334,23,119.16164383561645,0.0028567099606206085,0.002856437722251357
0.18666666666666668,1,65.47123287671234,0.00309614434042555,0.0030960344306783204
0.18666666666666668,2,68.98082191780821,0.003739962824885642,0.003739962824611507
0.18666666666666668,3,73.18904109589042,0.006894115721201901,0.006894115721201872
0.18666666666666668,4,77.18082191780822,0.006640019702485251,0.006640019699465261
0.18666666666666668,5,81.18082191780822,0.0066403520631227834,0.00664035206028045
0.18666666666666668,6,85.17808219178082,0.006727065259610709,0.0067270652569654706
0.18666666666666668,7,89.21369863013699,0.006005233989768214,0.0060052338901980555
0.18666666666666668,8,92.94794520547946,0.006580348346344891,0.006580348344614325
0.18666666666666668,9,98.02191780821917,0.011185735585443748,0.011185735585443748
0.18666666666666668,10,103.87397260273973,0.010595037800598351,0.010595037800598351
0.18666666666666668,11,109.46849315068494,0.0031257563321019483,0.0031256279090585855
0.18666666666666668,12,112.98356164383561,0.003534939551727865,0.0035349395511898923
0.18666666666666668,13,117.14246575342466,0.007721454153136651,0.0077214541531318
0.2,1,62.38356164383562,0.0014119587645746038,0.0010544883033143113
0.2,2,63.032876712328765,0.0021971446160050415,0.0021971445485671893
0.2,3,66.92602739726027,0.0032573832537370557,0.0032573831997970773
0.2,4,71.12876712328767,0.008263223704817847,0.008263223704459392
0.2,5,76.00821917808219,0.01103995094672634,0.01103995094672614
0.2,6,81.91232876712328,0.012349631360643109,0.012349631360643109
0.2,7,87.97534246575343,0.014214594228966064,0.014214594228966064
0.2,8,94.18904109589042,0.012081593887619474,0.012081593887619474
0.2,9,99.18904109589042,0.009010135839284632,0.009010135839284608
0.2,10,103.87123287671233,0.006862852983820958,0.006862852983813073
0.2,11,108.9972602739726,0.011541606661342543,0.011541606661342532
0.2,12,114.96438356164384,0.013748222458139748,0.013748222458139748
0.21333333333333335,1,62.413698630136984,0.0017314080454075263,0.0011659838679879935
0.21333333333333335,2,63.0027397260274,0.002144363594227834,0.002144363576383977
0.21333333333333335,3,66.91506849315068,0.00624914846648043,0.006249148466422201
0.21333333333333335,4,72.03287671232877,0.012043778452292857,0.012043778452292844
0.21333333333333335,5,78.01917808219179,0.014747446196835726,0.014747446196835726
0.21333333333333335,6,84.27123287671233,0.009397055007276852,0.00939705500727685
0.21333333333333335,7,88.07945205479452,0.008269224779050332,0.008269224752678325
0.21333333333333335,8,93.18630136986302,0.00952758752800953,0.009527587528008195
0.21333333333333335,9,97.94520547945206,0.010167818016256566,0.010167818016256566
0.21333333333333335,10,103.86027397260274,0.010633157296558962,0.010633157296558962
0.21333333333333335,11,109.75068493150685,0.0032506450185008466,0.0032506450141148086
0.21333333333333335,12,113.93150684931507,0.007419371576352743,0.007419371576352743
0.21333333333333335,13,119.1972602739726,0.009531822594269648,0.009531821159670684
0.22666666666666668,1,62.8986301369863,0.00897947711806306,0.008979477118061624
0.22666666666666668,2,68.45479452054795,0.0024890827466487334,0.002489082711036551
0.22666666666666668,3,68.98082191780821,0.0017021131038128896,0.0007925473705134282
0.22666666666666668,4,72.93424657534247,0.004004383793966787,0.004004383793958877
0.22666666666666668,5,77.42191780821918,0.0016685996267336673,0.0010089510700089462
0.22666666666666668,6,77.97808219178083,0.0024547907566047026,0.002454790754948049
0.22666666666666668,7,82.03287671232877,0.009457217402700686,0.009457217402700686
0.22666666666666668,8,87.81095890410958,0.006870199365626328,0.006870199365626231
0.22666666666666668,9,92.91506849315068,0.010362553466664,0.010362553466664
0.22666666666666668,10,98.88767123287671,0.012149534365629221,0.012149534365629221
0.22666666666666668,11,104.98630136986301,0.015233528254407715,0.015233528254407715
0.22666666666666668,12,111.3972602739726,0.00500784812477588,0.005007848124770353
0.22666666666666668,13,112.15068493150685,0.0008032717674024288,0.0006578671699129241
0.22666666666666668,14,114.21917808219179,0.002790898529982591,0.002790134894139939
0.22666666666666668,15,117.01917808219179,0.004442508584006982,0.00444231480405765
0.24000000000000002,1,62.86027397260274,0.0027362823522806058,0.0027362823519545146
0.24000000000000002,2,67.08767123287672,0.00970390214296497,0.00970390214296497
0.24000000000000002,3,72.84931506849315,0.0027896134813848402,0.0027896134810599885
0.24000000000000002,4,77.08493150684932,0.009738073990255733,0.009738073990255733
0.24000000000000002,5,82.81917808219178,0.0034230213863685162,0.003423021386260899
0.24000000000000002,6,87.14246575342466,0.008893508703535983,0.008893508703535962
0.24000000000000002,7,92.0958904109589,0.0118266380547917,0.0118266380547917
0.24000000000000002,8,97.94520547945206,0.014195886565151632,0.014195886565151632
0.24000000000000002,9,104.2904109589041,0.00878645182702722,0.0087864518270269
0.24000000000000002,10,107.95890410958904,0.004574958796471173,0.0045749582222357945
0.24000000000000002,11,112.9068493150685,0.010003246040281927,0.010003246040281927
0.24000000000000002,12,118.88219178082191,0.012145656642820279,0.01214565664280783
0.25333333333333335,1,61.0,0.013046757535519482,0.01304675749641755
0.25333333333333335,2,67.23561643835616,0.01102935858970522,0.01102935858970522
0.25333333333333335,3,71.87945205479453,0.006763679770832646,0.006763679770819744
0.25333333333333335,4,77.14246575342466,0.011782604144223155,0.011782604144223155
0.25333333333333335,5,82.82191780821918,0.006100198317205473,0.006100198317205412
0.25333333333333335,6,87.93424657534247,0.011649437899697782,0.011649437899697782
0.25333333333333335,7,94.08767123287672,0.015801329342676675,0.015801329342676675
0.25333333333333335,8,100.34520547945206,0.006168619806056796,0.006168619794946676
0.25333333333333335,9,102.25479452054795,0.0011909263865349281,0.0011811467120933557
0.25333333333333335,10,103.22191780821917,0.0012603132160174764,0.001257230373656898
0.25333333333333335,11,105.13698630136986,0.003726367556250032,0.0037238340977545684
0.25333333333333335,12,108.98356164383561,0.009259518889051603,0.009259518889051603
0.25333333333333335,13,114.9068493150685,0.013492494186325619,0.013492494186325619
0.26666666666666666,1,60.964383561643835,0.012221756830568661,0.012221756464087775
0.26666666666666666,2,67.1945205479452,0.01293683879988932,0.01293683879988932
0.26666666666666666,3,72.28493150684932,0.006258217965416038,0.006258173894205995
0.26666666666666666,4,75.05205479452054,0.00674170952539996,0.006741709525399959
0.26666666666666666,5,80.17808219178082,0.010641417077539546,0.010641417077539538
0.26666666666666666,6,85.14246575342466,0.01137780715570067,0.01137780715570067
0.26666666666666666,7,90.83287671232877,0.005137027553746841,0.005137027553746664
0.26666666666666666,8,95.8958904109589,0.010132367327836104,0.010132367327836104
0.26666666666666666,9,101.94520547945206,0.01545257054633496,0.01545257054633496
0.26666666666666666,10,108.77808219178083,0.006876762467893749,0.0068767624678936394
0.26666666666666666,11,113.8986301369863,0.01045146099396826,0.01045146099396826
0.26666666666666666,12,119.97808219178083,0.016216533535268803,0.0027384241107327213
0.28,1,65.0931506849315,0.01958921317041297,0.01958921317041297
0.28,2,71.95616438356164,0.01895734260424764,0.01895734260424764
0.28,3,79.02465753424657,0.020364036061228868,0.020364036061228868
0.28,4,86.0958904109589,0.01938417860792233,0.01938417860792233
0.28,5,92.93424657534247,0.018278008050110008,0.018278008050110008
0.28,6,99.96986301369863,0.019799345044342515,0.019799345044342515
0.28,7,107.07671232876713,0.019931878845759258,0.019931878845759258
0.28,8,114.00821917808219,0.019916404437594917,0.019916404437594917
0.29333333333333333,1,62.2,0.012718917185494285,0.012718917185494285
0.29333333333333333,2,67.21643835616439,0.009087374938575789,0.009087374938575029
0.29333333333333333,3,71.31780821917808,0.0031260391969356502,0.003126038873513076
0.29333333333333333,4,72.14794520547946,0.0023841419479156446,0.002353621543289153
0.29333333333333333,5,75.22465753424657,0.004668304471867127,0.004668302863109673
0.29333333333333333,6,78.17260273972603,0.005895066406328024,0.005895066405770079
0.29333333333333333,7,82.17534246575343,0.008277754323219647,0.008277754323151181
0.29333333333333333,8,86.93698630136987,0.011894493432964491,0.01189449343296449
0.29333333333333333,9,93.20821917808219,0.012680723478125676,0.012680723478125676
0.29333333333333333,10,98.15342465753425,0.011421981393297354,0.011421981393297347
0.29333333333333333,11,103.87945205479453,0.004761884380071349,0.004761884380071338
0.29333333333333333,12,109.0054794520548,0.014157317744739675,0.014157317744739675
0.29333333333333333,13,115.79452054794521,0.006071552708902088,0.006071552708902057
0.3066666666666667,1,62.83287671232877,0.013021247567885818,0.013021247567885818
0.3066666666666667,2,69.06575342465753,0.01783497602796247,0.01783497602796247
0.3066666666666667,3,75.96438356164384,0.02009940309482496,0.02009940309482496
0.3066666666666667,4,83.13972602739726,0.01893790632439382,0.01893790632439382
0.3066666666666667,5,89.81643835616438,0.010106417064581884,0.010106417064581884
0.3066666666666667,6,95.83835616438357,0.007038103734404568,0.007038103734404568
0.3066666666666667,7,101.1917808219178,0.011073432021646913,0.011073432021646906
0.3066666666666667,8,106.12602739726027,0.012551220228210619,0.012551220228210619
0.3066666666666667,9,112.02191780821919,0.017271679468481075,0.017271679468481075
0.3066666666666667,10,118.99178082191781,0.020762262984461575,0.02076226298446138
0.32,1,63.07397260273973,0.017871250323013545,0.017871250323013545
0.32,2,69.97260273972603,0.020658320194599965,0.020658320194599965
0.32,3,77.1972602739726,0.01645075584855962,0.01645075584855962
0.32,4,82.96986301369863,0.016763679385309278,0.016763679385309278
0.32,5,90.0,0.021438352095884506,0.021438352095884506
0.32,6,97.24657534246576,0.013478281018944669,0.013478281018944669
0.32,7,101.96438356164384,0.013149756169998795,0.013149756169997973
0.32,8,108.82191780821918,0.005828531329818276,0.005828531329818274
0.32,9,114.05205479452054,0.01501791615558698,0.01501791615558698
0.33333333333333337,1,61.868493150684934,0.011881048775506964,0.011881048775506931
0.33333333333333337,2,68.14520547945206,0.016257695627164743,0.016257695627164743
0.33333333333333337,3,74.24383561643836,0.010638553651955669,0.010638553651702652
0.33333333333333337,4,78.22191780821917,0.006774904793607254,0.00677490478242226
0.33333333333333337,5,82.0027397260274,0.011203153457207609,0.011203153457207609
0.33333333333333337,6,88.26027397260275,0.01003910350530961,0.010039103493790622
0.33333333333333337,7,92.03835616438356,0.011272384243403431,0.011272384243403431
0.33333333333333337,8,98.21369863013699,0.012582954433535815,0.012582954433535803
0.33333333333333337,9,103.1041095890411,0.013569945264834514,0.013569945264834514
0.33333333333333337,10,109.21917808219177,0.012166529749272853,0.012166529749272785
0.33333333333333337,11,114.04109589041096,0.014459660992254396,0.014459660992254396
0.3466666666666667,1,60.38356164383562,0.0019023934158111126,0.0015706096550153763
0.3466666666666667,2,60.93424657534246,0.006215858073324284,0.006215844786159733
0.3466666666666667,3,66.86027397260274,0.008387247934588213,0.008387247934588213
0.3466666666666667,4,72.8986301369863,0.015436935617611265,0.015436935617611265
0.3466666666666667,5,79.8958904109589,0.018787675821970697,0.018787675821970697
0.3466666666666667,6,87.05205479452054,0.022463848698060267,0.022463848698060267
0.3466666666666667,7,94.31232876712329,0.009041639666149938,0.009041639666149938
0.3466666666666667,8,96.2931506849315,0.00046639210539105855,0.000455516817060858
0.3466666666666667,9,97.06575342465753,0.006670194631975315,0.006670112592072688
0.3466666666666667,10,102.31780821917808,0.0046358423675312834,0.004635842233680552
0.3466666666666667,11,103.16164383561645,0.002476296622101331,0.002460887181852529
0.3466666666666667,12,106.23013698630137,0.004739427102406947,0.004739425364127329
0.3466666666666667,13,109.12602739726027,0.007845566127983495,0.007845566127983495
0.3466666666666667,14,114.1945205479452,0.010784775443207632,0.010784775443207618
0.3466666666666667,15,119.08219178082192,0.01441811122589186,0.014418111225846835
0.36000000000000004,1,60.03013698630137,0.02293561630726534,0.010798059094994818
0.36000000000000004,2,67.45205479452055,0.0020352243927666534,0.0007366622897594128
0.36000000000000004,3,67.85753424657534,0.005410808986489168,0.005410808986489168
0.36000000000000004,4,73.17534246575343,0.012410124450590806,0.012410124450590806
0.36000000000000004,5,78.86849315068493,0.009576496611466602,0.009576496611466602
0.36000000000000004,6,85.03287671232877,0.019489145666383566,0.019489145666383566
0.36000000000000004,7,92.18630136986302,0.017501979953021624,0.017501979953021624
0.36000000000000004,8,98.11506849315069,0.01706639562494025,0.01706639562494025
0.36000000000000004,9,104.87945205479453,0.017196692109050952,0.017196692109050952
0.36000000000000004,10,111.96438356164384,0.022240193282898724,0.022240193282898724
0.36000000000000004,11,119.3972602739726,0.003963667110917119,0.003565918600295134
0.36000000000000004,12,119.95616438356164,0.005144156392889095,0.001016341342071631
0.37333333333333335,1,60.967123287671235,0.011222723917428326,0.011222660409118778
0.37333333333333335,2,67.3890410958904,0.0025664134166772734,0.0021892477635893207
0.37333333333333335,3,67.92602739726027,0.006570039327303861,0.006570039327303861
0.37333333333333335,4,73.91232876712328,0.016750692875439722,0.016750692875439722
0.37333333333333335,5,81.03287671232877,0.023354224372367626,0.023354224372367626
0.37333333333333335,6,88.8027397260274,0.010993586428487008,0.010993586428487008
0.37333333333333335,7,94.93972602739726,0.01833665495619493,0.01833665495619493
0.37333333333333335,8,102.14246575342466,0.02032011237102451,0.02032011237102451
0.37333333333333335,9,108.96438356164384,0.02181364215195375,0.02181364215195375
0.37333333333333335,10,116.4,0.003576568433679241,0.003120780908077518
0.37333333333333335,11,116.93424657534247,0.005752617328815075,0.005752617328815075
0.3866666666666667,1,65.89315068493151,0.019478967774182968,0.019478967774182968
0.3866666666666667,2,73.13424657534247,0.021051675775711327,0.021051675775711327
0.3866666666666667,3,80.03835616438356,0.023013891220952102,0.023013891220952102
0.3866666666666667,4,87.8082191780822,0.011622090160212603,0.011622090160212603
0.3866666666666667,5,94.01369863013699,0.020363385495189304,0.020363385495189304
0.3866666666666667,6,101.31780821917808,0.008409973203487901,0.008409973203449
0.3866666666666667,7,103.23561643835616,0.0017992826666621705,0.0017987000026510114
0.3866666666666667,8,105.15616438356165,0.004828505526206049,0.0048280397261295915
0.3866666666666667,9,109.22191780821917,0.007439892826588935,0.007439892824754339
0.3866666666666667,10,113.06575342465753,0.012489440065293657,0.012489440065293657
0.3866666666666667,11,119.3945205479452,0.0019886623740545963,0.001564028135248004
0.3866666666666667,12,119.8986301369863,0.0075229775220523355,0.005238481735697518
0.4,1,63.4,0.0015984543711313336,0.0011373182557589498
0.4,2,63.87945205479452,0.00846763133625289,0.00846763133625289
0.4,3,70.04383561643836,0.02049925918605152,0.02049925918605152
0.4,4,77.30684931506849,0.009078460530373719,0.009078460530373719
0.4,5,79.25479452054795,0.0016367869287461602,0.0016355414086347269
0.4,6,80.21643835616439,0.0020359791999601364,0.0020358584586817846
0.4,7,82.23561643835616,0.002844257982610986,0.002844076956609646
0.4,8,84.20821917808219,0.00373117814430997,0.0037311025205741363
0.4,9,87.15068493150685,0.008073933311902969,0.008073932940497268
0.4,10,92.14794520547946,0.013628681497745234,0.013628681497745234
0.4,11,98.1013698630137,0.01858300784272986,0.01858300784272986
0.4,12,105.05479452054794,0.023334331395329335,0.023334331395329335
0.4,13,112.81917808219178,0.01448103212124647,0.01448103212124647
0.4,14,119.24383561643836,0.011632551035364098,0.011632545784594682
0.4133333333333334,1,67.88493150684931,0.02311404930315288,0.02311404930315288
0.4133333333333334,2,75.35890410958905,0.005208801163362059,0.005128982093860838
0.4133333333333334,3,76.0054794520548,0.006682773853353211,0.006682773853353211
0.4133333333333334,4,82.0,0.02053978395214289,0.02053978395214289
0.4133333333333334,5,89.40821917808219,0.002136702396436921,0.0015159108010508462
0.4133333333333334,6,89.87123287671233,0.008172969282081449,0.008172969282081449
0.4133333333333334,7,96.02739726027397,0.020964770971516455,0.020964770971516455
0.4133333333333334,8,103.41369863013699,0.0019129309779274402,0.0012475083791379804
0.4133333333333334,9,103.86301369863014,0.00834903341712523,0.00834903341712523
0.4133333333333334,10,110.01917808219179,0.020975171293430794,0.020975171293430794
0.4133333333333334,11,117.42465753424658,0.0014537540622513892,0.0007124953212497758
0.4133333333333334,12,117.84383561643835,0.008859431352658093,0.008859431352658093
0.4266666666666667,1,60.821917808219176,0.01502147967931743,0.015021479673433886
0.4266666666666667,2,67.35890410958905,0.003454869517510963,0.003352960638431235
0.4266666666666667,3,67.96438356164384,0.008349778775761303,0.008349778775761303
0.4266666666666667,4,74.18356164383562,0.015685442514780303,0.015685442514780303
0.4266666666666667,5,80.05479452054794,0.02022332680576339,0.02022332680576339
0.4266666666666667,6,87.31232876712329,0.008244503423891008,0.008244503423891002
0.4266666666666667,7,88.22191780821917,0.0009920142748911134,0.0009892237868726296
0.4266666666666667,8,90.13698630136986,0.006120827362709377,0.006120644657074972
0.4266666666666667,9,95.04931506849316,0.017086610129987703,0.017086610129987703
0.4266666666666667,10,102.13424657534247,0.021497357973300726,0.021497357973300726
0.4266666666666667,11,109.0958904109589,0.022920702841013996,0.022920702841013996
0.4266666666666667,12,116.35068493150685,0.005263933190639,0.005211767050457859
0.4266666666666667,13,117.01643835616439,0.006973738751734004,0.006973738751734004
0.44,1,63.016438356164386,0.02864826632048809,0.02864826632048809
0.44,2,71.06849315068493,0.028184966767537952,0.028184966767537952
0.44,3,79.00821917808219,0.028607293912457504,0.028607293912457504
0.44,4,87.07123287671233,0.028190977156059092,0.028190977156059092
0.44,5,95.0054794520548,0.028577834466701483,0.028577834466701483
0.44,6,103.07123287671233,0.02820279602415643,0.02820279602415643
0.44,7,111.0054794520548,0.02860446675707941,0.02860446675707941
0.44,8,119.07123287671233,0.028200026646507653,0.028200026646507583
0.45333333333333337,1,63.01917808219178,0.02564047813856912,0.02564047813856912
0.45333333333333337,2,71.0027397260274,0.02917746642681006,0.02917746642681006
0.45333333333333337,3,79.0986301369863,0.0275496268111897,0.0275496268111897
0.45333333333333337,4,86.94520547945206,0.027398420702124233,0.027398420702124233
0.45333333333333337,5,95.03013698630137,0.0294778838309256,0.0294778838309256
0.45333333333333337,6,103.0958904109589,0.027604785105004137,0.027604785105004137
0.45333333333333337,7,110.95342465753424,0.027755918569777677,0.027755918569777677
0.45333333333333337,8,119.04657534246576,0.02927682817637159,0.029276828176371575
0.4666666666666667,1,60.35068493150685,0.005032200336182289,0.004984970973599425
0.4666666666666667,2,60.989041095890414,0.008848651669424277,0.008848651438164124
0.4666666666666667,3,67.32054794520548,0.005401265154980827,0.0053927058668559475
0.4666666666666667,4,68.08219178082192,0.006483651729803383,0.006483651729803383
0.4666666666666667,5,73.91780821917808,0.01881049738705463,0.01881049738705463
0.4666666666666667,6,81.28493150684932,0.010725294923665368,0.010725294923665368
0.4666666666666667,7,84.10684931506849,0.009947877502777234,0.009947876310227362
0.4666666666666667,8,90.1013698630137,0.02024160421296117,0.02024160421296117
0.4666666666666667,9,97.20821917808219,0.01715834342258355,0.01715834342258355
0.4666666666666667,10,102.99178082191781,0.02122568120018069,0.02122568120018069
0.4666666666666667,11,110.88767123287671,0.024535062699844054,0.024535062699844054
0.4666666666666667,12,118.87671232876713,0.023942402319116173,0.023942402319116173
0.48000000000000004,1,63.153424657534245,0.025240478272830946,0.025240478272830946
0.48000000000000004,2,70.21917808219177,0.01622087118505529,0.01622087118505529
0.48000000000000004,3,75.34794520547945,0.0012883069288361657,0.0012388768489185495
0.48000000000000004,4,75.92876712328767,0.012918228417548867,0.012918228417548867
0.48000000000000004,5,83.02191780821917,0.02643296368904343,0.02643296368904343
0.48000000000000004,6,91.04931506849316,0.029772724690270126,0.029772724690270126
0.48000000000000004,7,99.11232876712329,0.027458779410361386,0.027458779410361386
0.48000000000000004,8,106.93424657534247,0.027613967058893032,0.027613967058893032
0.48000000000000004,9,115.05205479452054,0.03000691372305379,0.03000691372305379
0.49333333333333335,1,60.06301369863014,0.026369227360891655,0.025319252678380325
0.49333333333333335,2,68.01917808219179,0.03028819132404018,0.03028819132404018
0.49333333333333335,3,76.16438356164383,0.024649562513035003,0.024649562513035003
0.49333333333333335,4,83.14246575342466,0.02208118422812839,0.02208118422812839
0.49333333333333335,5,90.14246575342466,0.022125038702085507,0.022125038702085507
0.49333333333333335,6,97.14246575342466,0.02210830884874803,0.02210830884874803
0.49333333333333335,7,104.14246575342466,0.022202354629264575,0.022202354629264575
0.49333333333333335,8,111.15342465753425,0.021541346729609417,0.021541346729609417
0.49333333333333335,9,118.07671232876713,0.02516847856023577,0.02516847856023577
0.5066666666666667,1,63.09315068493151,0.024851851481994456,0.024851851481994456
0.5066666666666667,2,70.93150684931507,0.028320333615815832,0.028320333615815832
0.5066666666666667,3,79.09041095890412,0.029554585098550405,0.029554585098550405
0.5066666666666667,4,87.06575342465753,0.029891971431331786,0.029891971431331786
0.5066666666666667,5,95.12054794520547,0.027659372304556642,0.027659372304556642
0.5066666666666667,6,102.94246575342466,0.028767516512581807,0.028767516512581807
0.5066666666666667,7,111.11232876712329,0.028512619036783954,0.028512619036783954
0.5066666666666667,8,118.98904109589041,0.030247253009721458,0.030247253009721458
0.52,1,64.9972602739726,0.031431403579372956,0.031431403579372956
0.52,2,73.23013698630137,0.01902953971760778,0.01902953971760778
0.52,3,78.92602739726027,0.019876093560146572,0.019876093560146572
0.52,4,86.86849315068493,0.023683189973888418,0.023683189973888418
0.52,5,94.86575342465754,0.023798852891903647,0.023798852891903647
0.52,6,102.86849315068493,0.02399600099137136,0.02399600099137136
0.52,7,110.87671232876713,0.02508810609909845,0.02508810609909845
0.52,8,118.93150684931507,0.029379233348507727,0.029379233348507727
0.5333333333333333,1,60.16164383561644,0.02158808658299916,0.021587189308495704
0.5333333333333333,2,67.06301369863014,0.02652342432061077,0.02652342432061077
0.5333333333333333,3,75.05753424657534,0.030898009202987114,0.030898009202987114
0.5333333333333333,4,83.17808219178082,0.023920073784646643,0.023920073784646643
0.5333333333333333,5,90.05205479452054,0.026717785791504012,0.026717785791504012
0.5333333333333333,6,98.07945205479452,0.030314909227853574,0.030314909227853574
0.5333333333333333,7,106.13150684931507,0.027587500464426803,0.027587500464426803
0.5333333333333333,8,113.93150684931507,0.02891493632033263,0.02891493632033263
0.5466666666666667,1,63.19178082191781,0.0129410494623628,0.0129410494623628
0.5466666666666667,2,68.92054794520548,0.019656505478794845,0.019656505478794845
0.5466666666666667,3,76.88493150684931,0.02627295602469163,0.02627295602469163
0.5466666666666667,4,85.0,0.03238929984664489,0.03238929984664489
0.5466666666666667,5,93.2931506849315,0.011662489290335391,0.011662488995071225
0.5466666666666667,6,95.25205479452055,0.001849489291630365,0.0018493544039434424
0.5466666666666667,7,96.21095890410959,0.002867817363443237,0.0028678075459595553
0.5466666666666667,8,99.07123287671233,0.012699409135216404,0.012699409135216404
0.5466666666666667,9,106.01917808219179,0.027853298826964842,0.027853298826964842
0.5466666666666667,10,114.14794520547946,0.026906451873458196,0.026906451873458196
0.56,1,60.227397260273975,0.003908137830616146,0.0039024442988610094
0.56,2,63.06849315068493,0.012679709214585989,0.012679708810788143
0.56,3,70.03835616438356,0.028077196018216996,0.028077196018216996
0.56,4,78.15068493150685,0.02681874874572378,0.02681874874572378
0.56,5,85.86575342465754,0.02059479552467997,0.02059479552467997
0.56,6,93.34246575342466,0.004023419869342953,0.003999069768516371
0.56,7,93.94794520547946,0.013900887517637005,0.013900887517637005
0.56,8,101.18356164383562,0.020908368886650062,0.020908368886650062
0.56,9,107.93424657534247,0.025662293354989107,0.025662293354989107
0.56,10,116.07671232876713,0.03153050112973438,0.03153050112973438
0.5733333333333334,1,64.34246575342466,0.0037253907205533625,0.003702018643317111
0.5733333333333334,2,64.93972602739726,0.014920973676376858,0.014920973676376858
0.5733333333333334,3,72.24931506849315,0.01431856898290043,0.01431856898290043
0.5733333333333334,4,76.26849315068493,0.004751605833402568,0.004751576661112753
0.5733333333333334,5,77.23287671232877,0.001399562174705935,0.0013994297580643847
0.5733333333333334,6,79.16164383561645,0.006462336083032877,0.006462336083031383
0.5733333333333334,7,84.07123287671233,0.020018020790638427,0.020018020790638427
0.5733333333333334,8,91.8986301369863,0.02761545031355339,0.02761545031355339
0.5733333333333334,9,100.07397260273973,0.032014144803557174,0.032014144803557174
0.5733333333333334,10,108.21643835616439,0.020798081177897595,0.020798081177897595
0.5733333333333334,11,114.12054794520549,0.021276825276698285,0.021276825276698285
0.5866666666666667,1,62.3041095890411,0.007870461915350738,0.007870461915350738
0.5866666666666667,2,63.12602739726027,0.006404340994644446,0.006403493031973331
0.5866666666666667,3,68.32054794520548,0.0022304958724538816,0.0022252495971047705
0.5866666666666667,4,68.97534246575343,0.015035995089847841,0.015035995089847841
0.5866666666666667,5,76.31780821917808,0.006259861142859551,0.006256897630910482
0.5866666666666667,6,77.04109589041096,0.010594325295914694,0.010594325295914694
0.5866666666666667,7,84.00821917808219,0.028968165967850523,0.028968165967850523
0.5866666666666667,8,92.22191780821917,0.02054465471084596,0.02054465471084596
0.5866666666666667,9,98.06575342465753,0.023732008124500333,0.023732008124500333
0.5866666666666667,10,106.02465753424657,0.03286772889412601,0.03286772889412601
0.5866666666666667,11,114.34794520547945,0.0043297357061289725,0.0043009833742200035
0.5866666666666667,12,114.92876712328767,0.015562331013901117,0.015562331013901117
0.6000000000000001,1,66.98904109589041,0.03292715523251748,0.03292715523251748
0.6000000000000001,2,75.36712328767123,0.0018605430200390241,0.0017977057976486556
0.6000000000000001,3,75.86849315068493,0.020215903837329952,0.020215903837329952
0.6000000000000001,4,83.36438356164383,0.0007074081856263388,0.0006772750581842235
0.6000000000000001,5,83.87123287671233,0.022637774012947514,0.022637774012947514
0.6000000000000001,6,91.92876712328767,0.0314554562412003,0.0314554562412003
0.6000000000000001,7,100.24657534246576,0.017811657832538783,0.017811657832538783
0.6000000000000001,8,105.08493150684932,0.019724362686635112,0.019724362686635112
0.6000000000000001,9,112.88493150684931,0.026654725293441633,0.026654725293441633
0.6133333333333334,1,62.99452054794521,0.029140780942945792,0.029140780942945792
0.6133333333333334,2,71.25205479452055,0.01676301334301284,0.016763013343012757
0.6133333333333334,3,75.97260273972603,0.019556690573364947,0.019556690573364947
0.6133333333333334,4,83.99178082191781,0.03386833688652981,0.03386833688652981
0.6133333333333334,5,92.85753424657534,0.027152959551574835,0.027152959551574835
0.6133333333333334,6,101.00821917808219,0.034402764455945894,0.034402764455945894
0.6133333333333334,7,109.86575342465754,0.02876035517528809,0.02876035517528809
0.6133333333333334,8,118.05753424657534,0.033787895203110443,0.033787895203110443
0.6266666666666667,1,60.057534246575344,0.010444307013413895,0.007418185004940998
0.6266666666666667,2,67.01095890410959,0.030015820155119693,0.030015820155119693
0.6266666666666667,3,75.2958904109589,0.010867052271226077,0.010867052271226077
0.6266666666666667,4,76.22191780821917,0.0016671139960328489,0.0016669559176440603
0.6266666666666667,5,78.1917808219178,0.006378397322668339,0.006378392132605502
0.6266666666666667,6,82.28493150684932,0.0034204189743120084,0.003420114501596206
0.6266666666666667,7,83.1013698630137,0.009260237949163426,0.009260237949163263
0.6266666666666667,8,89.26027397260275,0.010357399133732204,0.010357399133732204
0.6266666666666667,9,92.18904109589042,0.008447636035165849,0.008447636021095366
0.6266666666666667,10,97.06575342465753,0.021202436505946155,0.021202436505946155
0.6266666666666667,11,104.99178082191781,0.03387054525363227,0.03387054525363227
0.6266666666666667,12,113.86575342465754,0.029362760120456948,0.029362760120456948
0.64,1,60.04383561643836,0.034645219250040486,0.03162823526574879
0.64,2,68.87397260273973,0.030715006906739457,0.030715006906739457
0.64,3,77.13698630136986,0.03006708253626194,0.03006708253626194
0.64,4,85.04109589041096,0.03382624558457105,0.03382624558457105
0.64,5,93.86575342465754,0.028650608213768868,0.028650608213768868
0.64,6,102.07397260273973,0.03389892364842596,0.03389892364842596
0.64,7,110.34794520547945,0.0032946419437593012,0.003277001817527232
0.64,8,110.90958904109588,0.019764321033489567,0.019764321033489567
0.64,9,118.96164383561644,0.034032520548892754,0.034032520548892754
0.6533333333333333,1,68.07945205479452,0.033616535687950824,0.033616535687950824
0.6533333333333333,2,76.33424657534246,0.004957380897803821,0.004951257035380503
0.6533333333333333,3,76.95342465753424,0.017372132092624146,0.017372132092624146
0.6533333333333333,4,84.95616438356164,0.033921988054231376,0.033921988054231376
0.6533333333333333,5,93.87397260273973,0.030881211796650394,0.030881211796650394
0.6533333333333333,6,102.14246575342466,0.029838546463428033,0.029838546463428033
0.6533333333333333,7,110.02465753424657,0.03440679387981219,0.03440679387981219
0.6533333333333333,8,118.89315068493151,0.033301805473384315,0.033301805473384315
0.6666666666666667,1,63.92328767123288,0.036818092626246926,0.036818092626246926
0.6666666666666667,2,72.89315068493151,0.03423249060252132,0.03423249060252132
0.6666666666666667,3,81.3013698630137,0.010069428292791843,0.010069428292791843
0.6666666666666667,4,82.15068493150685,0.005994912223498434,0.005994700670792174
0.6666666666666667,5,87.16438356164383,0.016756149834001633,0.016756149834001633
0.6666666666666667,6,93.93972602739726,0.02857581720810036,0.02857581720810036
0.6666666666666667,7,102.23561643835616,0.01943490440538361,0.01943490440538361
0.6666666666666667,8,107.27945205479452,0.005609384551471837,0.005609384551471828
0.6666666666666667,9,108.17260273972603,0.005262193546841939,0.005262107465596448
0.6666666666666667,10,112.97808219178083,0.021559907887569587,0.021559907887569587
0.68,1,63.97534246575343,0.03959630875489762,0.03959630875489762
0.68,2,72.97534246575343,0.03958255938831841,0.03958255938831841
0.68,3,81.97534246575343,0.03956149072337143,0.03956149072337143
0.68,4,90.97534246575343,0.03954303475110868,0.03954303475110868
0.68,5,99.97534246575343,0.03952904161111273,0.03952904161111273
0.68,6,108.97534246575343,0.039519061618842326,0.039519061618842326
0.68,7,117.97534246575343,0.03951216262717383,0.03951216262717383
0.6933333333333334,1,63.99452054794521,0.04024978488847503,0.04024978488847503
0.6933333333333334,2,72.9945205479452,0.04025013897300701,0.04025013897300701
0.6933333333333334,3,81.9945205479452,0.040250133561980865,0.040250133561980865
0.6933333333333334,4,90.9945205479452,0.04025011695802085,0.04025011695802085
0.6933333333333334,5,99.9945205479452,0.040250112283611646,0.040250112283611646
0.6933333333333334,6,108.9945205479452,0.0402501116106515,0.0402501116106515
0.6933333333333334,7,117.9945205479452,0.04025011161110712,0.04025011161110712
0.7066666666666667,1,64.0054794520548,0.040689861968318,0.040689861968318
0.7066666666666667,2,73.0054794520548,0.040689894888433886,0.040689894888433886
0.7066666666666667,3,82.0054794520548,0.04068993548416874,0.04068993548416874
0.7066666666666667,4,91.0054794520548,0.04068993644879094,0.04068993644879094
0.7066666666666667,5,100.0054794520548,0.04068993480883675,0.04068993480883675
0.7066666666666667,6,109.0054794520548,0.040689934674491335,0.040689934674491335
0.7066666666666667,7,118.0054794520548,0.040689934735415316,0.040689934735415316
0.7200000000000001,1,64.01369863013699,0.041012682421908794,0.041012682421908794
0.7200000000000001,2,73.01369863013699,0.04101220742841765,0.04101220742841765
0.7200000000000001,3,82.01369863013699,0.041012225879484374,0.041012225879484374
0.7200000000000001,4,91.01369863013699,0.04101224340136795,0.04101224340136795
0.7200000000000001,5,100.01369863013699,0.041012240525838864,0.041012240525838864
0.7200000000000001,6,109.01369863013699,0.041012240151295634,0.041012240151295634
0.7200000000000001,7,118.01369863013699,0.04101224031517199,0.04101224031517199
0.7333333333333334,1,64.02191780821917,0.04129169641561914,0.04129169641561914
0.7333333333333334,2,73.02191780821917,0.041290825400911835,0.041290825400911835
0.7333333333333334,3,82.02191780821917,0.04129087183077764,0.04129087183077764
0.7333333333333334,4,91.02191780821917,0.04129089517393727,0.04129089517393727
0.7333333333333334,5,100.02191780821917,0.04129088705714383,0.04129088705714383
0.7333333333333334,6,109.02191780821919,0.04129088827367227,0.04129088827367227
0.7333333333333334,7,118.02191780821919,0.04129088827939707,0.04129088827939707
0.7466666666666667,1,64.02739726027397,0.04155192728554358,0.04155192728554358
0.7466666666666667,2,73.02739726027397,0.041551297859399296,0.041551297859399296
0.7466666666666667,3,82.02739726027397,0.041551404594615995,0.041551404594615995
0.7466666666666667,4,91.02739726027397,0.0415513890072149,0.0415513890072149
0.7466666666666667,5,100.02739726027397,0.041551390846073795,0.041551390846073795
0.7466666666666667,6,109.02739726027397,0.04155139075341179,0.04155139075341179
0.7466666666666667,7,118.02739726027397,0.041551390715756004,0.041551390715756004
0.76,1,64.03287671232877,0.04178959869872253,0.04178959869872253
0.76,2,73.03287671232877,0.041768061899735566,0.041768061899735566
0.76,3,82.03287671232877,0.0417790371474166,0.0417790371474166
0.76,4,91.03287671232877,0.0417749923202309,0.0417749923202309
0.76,5,100.03287671232877,0.041776681036576065,0.041776681036576065
0.76,6,109.03287671232877,0.041776011005926005,0.041776011005926005
0.76,7,118.03287671232877,0.04177628232703544,0.04177628232703544
0.7733333333333334,1,64.03835616438356,0.04195600874554313,0.04195600874554313
0.7733333333333334,2,73.03835616438356,0.04197675240506316,0.04197675240506316
0.7733333333333334,3,82.03835616438356,0.04200412466800904,0.04200412466800904
0.7733333333333334,4,91.03835616438356,0.04200024512326115,0.04200024512326115
0.7733333333333334,5,100.03835616438356,0.042005166328308745,0.042005166328308745
0.7733333333333334,6,109.03835616438356,0.04200337846424417,0.04200337846424417
0.7733333333333334,7,118.03835616438356,0.042004534469085995,0.042004534469085995
0.7866666666666667,1,64.04109589041096,0.042225897206331464,0.042225897206331464
0.7866666666666667,2,73.04383561643836,0.042146687588990144,0.042146687588990144
0.7866666666666667,3,82.04109589041096,0.04217154124586587,0.04217154124586587
0.7866666666666667,4,91.04383561643836,0.042190121026155505,0.042190121026155505
0.7866666666666667,5,100.04383561643836,0.04211744527126299,0.04211744527126299
0.7866666666666667,6,109.04383561643836,0.042177089662234005,0.042177089662234005
0.7866666666666667,7,118.04383561643836,0.042145267889181236,0.042145267889181236
0.8,1,64.04109589041096,0.04242693558325249,0.04242693558325249
0.8,2,73.04931506849316,0.0422175182638131,0.0422175182638131
0.8,3,82.04383561643836,0.042404166013990045,0.042404166013990045
0.8,4,91.04931506849316,0.042345570719940266,0.042345570719940266
0.8,5,100.04657534246576,0.0424007779482545,0.0424007779482545
0.8,6,109.04931506849316,0.04228105920198168,0.04228105920198168
0.8,7,118.04657534246576,0.042412351253265285,0.042412351253265285
