alpha,pattern,regime_label,rule_reason,poincare_level_count,poincare_range,long_i_min,long_i_max,long_i_mean,long_i_range,relative_amplitude,n_peaks,mean_peak_interval,peak_height_cv,peak_interval_cv
0.0,near equilibrium / small oscillation,small oscillation,long-run absolute or relative infection amplitude is small,22,8.4037922331887e-06,0.00023910117998104344,0.00027642814042982137,0.00025643843243963835,3.7326960448777924e-05,0.14555915076248999,19,1.9491628614916285,0.022106673863426855,0.0007186927897987516
0.013333333333333334,near equilibrium / small oscillation,small oscillation,long-run absolute or relative infection amplitude is small,9,0.0003739040071818011,0.0001054199396133636,0.0004981874111970026,0.0002563822220913001,0.00039276747158363903,1.5319606343210914,30,2.0000000000000004,0.027711401795487228,0.00036611129029136166
0.02666666666666667,near equilibrium / small oscillation,small oscillation,long-run absolute or relative infection amplitude is small,3,0.0005022511437535645,5.519848294619706e-05,0.0008804267303111877,0.0002563333630495735,0.0008252282473649907,3.219355598301092,30,1.9999999999999998,0.004140395640950566,0.0006341233560073181
0.04,near equilibrium / small oscillation,small oscillation,long-run absolute or relative infection amplitude is small,14,0.0005455241852247912,2.3466224948372746e-05,0.0011914157570770728,0.00025607654369144494,0.0011679495321287,4.560939144570777,30,2.001700519603212,0.040715840533271694,0.008682759127719283
0.05333333333333334,near equilibrium / small oscillation,small oscillation,long-run absolute or relative infection amplitude is small,9,0.0004426008570329407,2.98077077921862e-05,0.0012278279836642379,0.000256415492650774,0.0011980202758720517,4.672183663659122,30,2.000377893245158,0.009286499364581416,0.002307056932157676
0.06666666666666667,near equilibrium / small oscillation,small oscillation,long-run absolute or relative infection amplitude is small,22,0.0007548761748909922,8.92890091105679e-06,0.0015041466134397697,0.0002551889977202424,0.001495217712528713,5.859256182227277,35,1.7043513295729251,0.3759083472105646,0.28347144571335253
0.08,near equilibrium / small oscillation,small oscillation,long-run absolute or relative infection amplitude is small,21,0.0009108557381531186,4.547791393635161e-06,0.0017460022762402227,0.0002561838187339726,0.0017414544848465875,6.797675565352375,43,1.40808871493803,0.5815980970139365,0.4021161944186886
0.09333333333333334,multi-year cycle,multi-year,regular recurrent peaks occur on a multi-year timescale,15,0.0034443107727101874,1.3625980810568493e-10,0.004116705898548569,0.0002546215754685441,0.004116705762288761,16.167937672655466,20,2.9776496034607067,0.4171497400688691,0.24143778211827094
0.10666666666666667,irregular or complex oscillation,irregular / complex,peak intervals or peak heights vary strongly,14,0.0034061052444075528,3.803650185899539e-11,0.0037923551020243346,0.0002575147540869766,0.0037923550639878327,14.726748676726112,27,2.2177028451001055,0.6309625764919913,0.509846071768529
0.12000000000000001,irregular or complex oscillation,irregular / complex,"peak intervals do not match a stable annual, biennial, or multi-year rule",15,0.005918307495319623,1.995214766392347e-14,0.006671388110501865,0.0002587337507284881,0.006671388110481913,25.7847617162354,18,3.3716357775987107,0.4855355720538193,0.301545160675634
0.13333333333333333,irregular or complex oscillation,irregular / complex,"peak intervals do not match a stable annual, biennial, or multi-year rule",12,0.005681966815651962,2.725938671597362e-15,0.007136145852023167,0.00025152491728275034,0.007136145852020441,28.371526483789207,16,3.6166210045662104,0.4586677676316222,0.31553810480225414
0.14666666666666667,irregular or complex oscillation,irregular / complex,"peak intervals do not match a stable annual, biennial, or multi-year rule",8,0.008242432361794606,5.132098260465001e-19,0.009432546474553908,0.00025058235242339386,0.009432546474553908,37.64250109128317,15,3.788062622309197,0.45908324775202536,0.33667538393730284
0.16,multi-year cycle,multi-year,regular recurrent peaks occur on a multi-year timescale,10,0.008917300729041247,3.561775898238468e-20,0.01028919821303106,0.0002501424011123031,0.01028919821303106,41.13336310548828,13,4.418721461187214,0.3352893285454978,0.21462454900106903
0.17333333333333334,irregular or complex oscillation,irregular / complex,peak intervals or peak heights vary strongly,11,0.005002745936291692,1.3986027933603163e-15,0.005976685783524686,0.0002549258666615006,0.005976685783523288,23.444799312810957,23,2.556164383561644,0.6514161765209984,0.5988606764643524
0.18666666666666668,multi-year cycle,multi-year,regular recurrent peaks occur on a multi-year timescale,7,0.009910245250413372,1.2690491794546143e-21,0.011185735585443748,0.00024336537305648596,0.011185735585443748,45.96272446223276,13,4.30593607305936,0.4063774236123384,0.1801504376405234
0.2,irregular or complex oscillation,irregular / complex,"peak intervals do not match a stable annual, biennial, or multi-year rule",10,0.012086568745409977,7.980035245139678e-25,0.014214594228966064,0.0002452258862795686,0.014214594228966064,57.96530882045944,12,4.780074719800748,0.5094577722106389,0.329081609868734
0.21333333333333335,irregular or complex oscillation,irregular / complex,"peak intervals do not match a stable annual, biennial, or multi-year rule",9,0.012906157204010256,3.17515109709483e-25,0.014747446196835726,0.00026119017894097875,0.014747446196835726,56.46248360727304,13,4.731963470319635,0.4785513429201855,0.326106311503995
0.22666666666666668,irregular or complex oscillation,irregular / complex,peak intervals or peak heights vary strongly,9,0.014339503372696493,2.9385649175655435e-26,0.015233528254407715,0.0002515302735615827,0.015233528254407715,60.563398746028305,15,3.8657534246575347,0.7455219955772315,0.5582354195412939
0.24000000000000002,multi-year cycle,multi-year,regular recurrent peaks occur on a multi-year timescale,9,0.006825871921646156,5.1337347177107634e-26,0.014195886565151632,0.00026529664706421123,0.014195886565151632,53.50948352436479,12,5.092901618929016,0.4752063521445284,0.17477966541147588
0.25333333333333335,irregular or complex oscillation,irregular / complex,peak intervals or peak heights vary strongly,8,0.013046757535519482,1.2823109092058643e-25,0.015801329342676675,0.00025502532091803464,0.015801329342676675,61.959844951063644,13,4.492237442922375,0.5535250969068283,0.42198863032027895
0.26666666666666666,multi-year cycle,multi-year,regular recurrent peaks occur on a multi-year timescale,8,0.013478109424536082,7.747864963493043e-28,0.016216533535268803,0.0002679836026939654,0.016216533535268803,60.51315592539415,12,5.364881693648818,0.34504538852952843,0.1970940898003323
0.28,multi-year cycle,multi-year,regular recurrent peaks occur on a multi-year timescale,7,0.01899768148899237,8.149318364862666e-32,0.020364036061228868,0.0002392640021952318,0.020364036061228868,85.11115702483511,8,6.987866927592955,0.0335197019044423,0.015567751627890562
0.29333333333333333,irregular or complex oscillation,irregular / complex,"peak intervals do not match a stable annual, biennial, or multi-year rule",5,0.013987266586108434,1.7573154234077483e-27,0.014157317744739675,0.00025275942382809396,0.014157317744739675,56.011038205120734,13,4.466210045662101,0.48846297242539344,0.3641781871958032
0.3066666666666667,multi-year cycle,multi-year,regular recurrent peaks occur on a multi-year timescale,7,0.020072636789122942,1.0470425419569329e-32,0.020762262984461575,0.0002705525591253577,0.020762262984461575,76.74022027949697,10,6.239878234398783,0.31735012288035724,0.12269417449620383
0.32,multi-year cycle,multi-year,regular recurrent peaks occur on a multi-year timescale,8,0.021438352095884506,8.396057207702077e-34,0.021438352095884506,0.0002451136522253304,0.021438352095884506,87.46290506975292,9,6.372260273972602,0.2977457933984846,0.15509925233114893
0.33333333333333337,multi-year cycle,multi-year,regular recurrent peaks occur on a multi-year timescale,5,0.011201592586012818,2.2356533113002097e-28,0.016257695627164743,0.0002499908234157047,0.016257695627164743,65.03316963811166,11,5.217260273972602,0.20774905443049332,0.2083915518262965
0.3466666666666667,irregular or complex oscillation,irregular / complex,peak intervals or peak heights vary strongly,8,0.003861835346504428,3.269901723217761e-34,0.022463848698060267,0.0002759386692732996,0.022463848698060267,81.40884623826052,15,4.192759295499021,0.7121039562360488,0.5874122062111002
0.36000000000000004,irregular or complex oscillation,irregular / complex,peak intervals or peak heights vary strongly,5,0.012719575648787059,1.4777236113597002e-35,0.02293561630726534,0.00027492729432481154,0.02293561630726534,83.42429718952592,12,5.447820672478207,0.5784251732384112,0.4690968274594871
0.37333333333333335,irregular or complex oscillation,irregular / complex,peak intervals or peak heights vary strongly,8,0.012546801530867917,6.860874451344514e-36,0.023354224372367626,0.00026006563369802745,0.023354224372367626,89.80127070339923,11,5.596712328767124,0.5927800280172939,0.48700255608443127
0.3866666666666667,irregular or complex oscillation,irregular / complex,peak intervals or peak heights vary strongly,6,0.01820588330807565,6.638619568351523e-36,0.023013891220952102,0.0002569827060106237,0.023013891220952102,89.55424113247801,12,4.90958904109589,0.6525418396005263,0.5239192831137552
0.4,irregular or complex oscillation,irregular / complex,peak intervals or peak heights vary strongly,6,0.005960121972447576,5.079476457843929e-36,0.023334331395329335,0.00026086978505439264,0.023334331395329335,89.44819497000778,14,4.295679662802951,0.7352278482177795,0.6113731463540943
0.4133333333333334,irregular or complex oscillation,irregular / complex,peak intervals or peak heights vary strongly,7,0.02053978395214289,1.445929101650599e-37,0.02311404930315288,0.00025613692385859766,0.02311404930315288,90.24098890136264,12,4.5417185554171855,0.7767572530123673,0.7167974574009859
0.4266666666666667,irregular or complex oscillation,irregular / complex,peak intervals or peak heights vary strongly,7,0.006616701090634003,8.366072869398502e-35,0.022920702841013996,0.00027007503920516027,0.022920702841013996,84.86790526244253,13,4.682876712328768,0.6307048464330308,0.5975414853244883
0.44,multi-year cycle,multi-year,regular recurrent peaks occur on a multi-year timescale,5,0.028102714971725624,1.971458230803594e-40,0.02864826632048809,0.00027342373099533996,0.02864826632048809,104.77607856567633,8,8.007827788649706,0.007836973191332978,0.00840470511869427
0.45333333333333337,multi-year cycle,multi-year,regular recurrent peaks occur on a multi-year timescale,7,0.029036416381810017,5.57954386999563e-41,0.0294778838309256,0.0002718589397814522,0.0294778838309256,108.43080552959897,8,8.003913894324855,0.04589406597991608,0.013819495411218607
0.4666666666666667,irregular or complex oscillation,irregular / complex,peak intervals or peak heights vary strongly,7,0.020423334196700473,2.9921496963231205e-38,0.024535062699844054,0.0002822658899291586,0.024535062699844054,86.9218122884126,12,5.32054794520548,0.5129596731183815,0.5044581335325211
0.48000000000000004,irregular or complex oscillation,irregular / complex,"peak intervals do not match a stable annual, biennial, or multi-year rule",6,0.016712270718735087,5.740507236818498e-41,0.03000691372305379,0.0002563715737488088,0.03000691372305379,117.0446211499812,9,6.487328767123287,0.44560228478695124,0.39826765025024136
0.49333333333333335,multi-year cycle,multi-year,regular recurrent peaks occur on a multi-year timescale,3,0.02033802513802299,5.317297552912924e-42,0.03028819132404018,0.0002797597692164294,0.03028819132404018,108.26499967766433,9,7.251712328767124,0.12025081269816433,0.06846207781322179
0.5066666666666667,multi-year cycle,multi-year,regular recurrent peaks occur on a multi-year timescale,5,0.027297212588984567,5.470515062571525e-42,0.030247253009721458,0.0002714780697963433,0.030247253009721458,111.4169296710127,8,7.985127201565558,0.05968167060949489,0.018377522651344187
0.52,multi-year cycle,multi-year,regular recurrent peaks occur on a multi-year timescale,5,0.031177829298698147,3.3125038432516804e-43,0.031431403579372956,0.0002653480939106858,0.031431403579372956,118.45347413708022,8,7.7048923679060675,0.1721678050329171,0.1156000434650694
0.5333333333333333,multi-year cycle,multi-year,regular recurrent peaks occur on a multi-year timescale,6,0.004752038147841998,1.867516671928361e-42,0.030898009202987114,0.00026236037251922727,0.030898009202987114,117.76934491401795,8,7.681409001956948,0.11624197351399969,0.07174817736023975
0.5466666666666667,irregular or complex oscillation,irregular / complex,peak intervals or peak heights vary strongly,6,0.03238929984664489,3.548966544010408e-44,0.03238929984664489,0.00024416013195481,0.03238929984664489,132.65597289503273,10,5.661796042617961,0.6127162967402265,0.5212090055123961
0.56,irregular or complex oscillation,irregular / complex,peak intervals or peak heights vary strongly,7,0.006544602701543443,3.541774755025403e-42,0.03153050112973438,0.00026076456533563386,0.03153050112973438,120.91558946726911,10,6.205479452054795,0.5223134836534783,0.4259942318578608
0.5733333333333334,irregular or complex oscillation,irregular / complex,peak intervals or peak heights vary strongly,5,0.005214003563587601,8.301191705225773e-43,0.032014144803557174,0.00024398300051627973,0.032014144803557174,131.21465321687867,11,4.977808219178082,0.6694950394714237,0.5995856301802477
0.5866666666666667,irregular or complex oscillation,irregular / complex,peak intervals or peak heights vary strongly,7,0.026420772456573725,6.669051352289797e-45,0.03286772889412601,0.00025642900466603977,0.03286772889412601,128.17477077888003,12,4.784059775840597,0.6932116114788996,0.7053786845043586
0.6000000000000001,irregular or complex oscillation,irregular / complex,peak intervals or peak heights vary strongly,4,0.029504684354588646,1.3898671773214376e-45,0.03292715523251748,0.00023054354574651953,0.03292715523251748,142.82401672055732,9,5.736986301369862,0.5930797207590002,0.5963847294728399
0.6133333333333334,multi-year cycle,multi-year,regular recurrent peaks occur on a multi-year timescale,5,0.031971836468213284,2.851574485165084e-46,0.034402764455945894,0.00026831440456693325,0.034402764455945894,128.21810484410219,8,7.86614481409002,0.23790712928906085,0.1815771729606117
0.6266666666666667,irregular or complex oscillation,irregular / complex,peak intervals or peak heights vary strongly,4,0.03138193300977734,1.827463198649582e-46,0.03387054525363227,0.0002507171530479253,0.03387054525363227,135.09464686350285,12,4.891656288916564,0.7572340093146666,0.6057423531773986
0.64,irregular or complex oscillation,irregular / complex,"peak intervals do not match a stable annual, biennial, or multi-year rule",5,0.01385296250895272,3.1078602781713255e-46,0.034645219250040486,0.00028716501603249676,0.034645219250040486,120.64568215412386,9,7.364726027397261,0.37019092888985533,0.37597339899408777
0.6533333333333333,irregular or complex oscillation,irregular / complex,peak intervals or peak heights vary strongly,6,0.015256608923651013,6.445397901081994e-47,0.03440679387981219,0.0002622704646699107,0.03440679387981219,131.18821413275037,8,7.2590998043052855,0.38865541064558556,0.4070340780457868
0.6666666666666667,irregular or complex oscillation,irregular / complex,peak intervals or peak heights vary strongly,5,0.01623176223559108,1.0605699088688831e-47,0.036818092626246926,0.0002465237794827726,0.036818092626246926,149.34905145253876,10,5.450532724505328,0.6436575901887586,0.5568574040108845
0.68,multi-year cycle,multi-year,regular recurrent peaks occur on a multi-year timescale,3,0.02363748402155201,2.773857895275691e-49,0.03959630875489762,0.00026904694552912976,0.03959630875489762,147.1724894591324,7,9.0,0.0008132932056304604,0.0
0.6933333333333334,multi-year cycle,multi-year,regular recurrent peaks occur on a multi-year timescale,2,0.0384637837449505,1.1762692927017192e-49,0.04025013897300701,0.0002691064235911292,0.04025013897300701,149.56959568591216,7,8.999999999999998,3.1668495892257645e-06,3.302681689748001e-16
0.7066666666666667,multi-year cycle,multi-year,regular recurrent peaks occur on a multi-year timescale,2,0.03896181244523815,6.645908601734451e-50,0.04068993644879094,0.0002691364260153565,0.04068993644879094,151.18702827119074,7,9.0,7.202506620223422e-07,0.0
0.7200000000000001,multi-year cycle,multi-year,regular recurrent peaks occur on a multi-year timescale,2,0.02898303674414128,4.133560340023804e-50,0.041012682421908794,0.00026916066613977475,0.041012682421908794,152.37249561795545,7,9.0,4.153911560625993e-06,0.0
0.7333333333333334,multi-year cycle,multi-year,regular recurrent peaks occur on a multi-year timescale,2,0.017695416866835484,2.709148945741498e-50,0.04129169641561914,0.000269181481025888,0.04129169641561914,153.39724062090283,7,9.000000000000002,7.5316915936060586e-06,6.486338074120658e-16
0.7466666666666667,multi-year cycle,multi-year,regular recurrent peaks occur on a multi-year timescale,2,0.009906651866712617,1.8356303813321046e-50,0.04155192728554358,0.0002692000201747697,0.04155192728554358,154.35335873514157,7,9.0,5.076968033903833e-06,0.0
0.76,multi-year cycle,multi-year,regular recurrent peaks occur on a multi-year timescale,3,0.005583509074407142,1.259350899324908e-50,0.04178959869872253,0.00026921750416288747,0.04178959869872253,155.22615748431474,7,9.0,0.00015388901898615191,0.0
0.7733333333333334,multi-year cycle,multi-year,regular recurrent peaks occur on a multi-year timescale,6,0.003375309537822894,8.539874167469633e-51,0.042005166328308745,0.0002692354495510907,0.042005166328308745,156.01647702167747,7,9.0,0.0004557123209321666,0.0
0.7866666666666667,multi-year cycle,multi-year,regular recurrent peaks occur on a multi-year timescale,8,0.0022896625267249133,5.574127578568012e-51,0.042225897206331464,0.00026925568270582187,0.042225897206331464,156.82453488814872,7,9.000456621004567,0.0008363632850556767,0.00022914291087509727
0.8,multi-year cycle,multi-year,regular recurrent peaks occur on a multi-year timescale,8,0.0017934066595567421,3.426624443160585e-51,0.04242693558325249,0.00026928038103825775,0.04242693558325249,157.55672737712266,7,9.000913242009133,0.0018648311398530978,0.0005985341397632916
