experiment,replicate,N,I0,R0_basic,S0,R_init,alpha,phase,phase_label,t_max,outbreak_threshold,outbreak_threshold_count,extinct,extinction_time,early_fadeout,major_outbreak,establishment_time,t_final,final_S,final_I,final_R,peak_I,peak_i,t_peak,n_events
seasonal_near_threshold_alpha,1,10000,5,8.0,1500,8495,0.0,0.0,phase 0,2.0,0.005,50,True,0.06574628118350631,True,False,,0.06574628118350631,1506,0,8494,6,0.0006,0.004480457596327515,23
seasonal_near_threshold_alpha,2,10000,5,8.0,1500,8495,0.0,0.0,phase 0,2.0,0.005,50,True,0.6434996802836903,True,False,,0.6434996802836903,1063,0,8937,44,0.0044,0.20012445904737075,1116
seasonal_near_threshold_alpha,3,10000,5,8.0,1500,8495,0.0,0.0,phase 0,2.0,0.005,50,True,0.19718677957926228,True,False,,0.19718677957926228,1493,0,8507,10,0.001,0.016277765582075034,100
seasonal_near_threshold_alpha,4,10000,5,8.0,1500,8495,0.0,0.0,phase 0,2.0,0.005,50,True,0.5387940854711857,True,False,,0.5387940854711857,967,0,9033,48,0.0048,0.2117972556503949,1271
seasonal_near_threshold_alpha,5,10000,5,8.0,1500,8495,0.0,0.0,phase 0,2.0,0.005,50,True,0.5165519823411863,True,False,,0.5165519823411863,1174,0,8826,41,0.0041,0.39954101671394476,852
seasonal_near_threshold_alpha,6,10000,5,8.0,1500,8495,0.0,0.0,phase 0,2.0,0.005,50,True,0.8657114054325113,True,False,,0.8657114054325113,976,0,9024,47,0.0047,0.45558211664368015,1368
seasonal_near_threshold_alpha,7,10000,5,8.0,1500,8495,0.0,0.0,phase 0,2.0,0.005,50,False,,False,True,0.13428757870563732,0.13428757870563732,1313,50,8637,50,0.005,0.13428757870563732,386
seasonal_near_threshold_alpha,8,10000,5,8.0,1500,8495,0.0,0.0,phase 0,2.0,0.005,50,True,0.9218280383786263,True,False,,0.9218280383786263,998,0,9002,43,0.0043,0.6199456621568552,1360
seasonal_near_threshold_alpha,9,10000,5,8.0,1500,8495,0.0,0.0,phase 0,2.0,0.005,50,False,,False,True,0.12291905800576151,0.12291905800576151,1378,50,8572,50,0.005,0.12291905800576151,238
seasonal_near_threshold_alpha,10,10000,5,8.0,1500,8495,0.0,0.0,phase 0,2.0,0.005,50,True,0.3969046362932486,True,False,,0.3969046362932486,1381,0,8619,25,0.0025,0.17351363520966406,381
seasonal_near_threshold_alpha,11,10000,5,8.0,1500,8495,0.0,0.0,phase 0,2.0,0.005,50,True,0.3941363955937006,True,False,,0.3941363955937006,1207,0,8793,40,0.004,0.07676548028252299,741
seasonal_near_threshold_alpha,12,10000,5,8.0,1500,8495,0.0,0.0,phase 0,2.0,0.005,50,True,0.25668071767390327,True,False,,0.25668071767390327,1315,0,8685,38,0.0038,0.16104221678813058,453
seasonal_near_threshold_alpha,13,10000,5,8.0,1500,8495,0.0,0.0,phase 0,2.0,0.005,50,True,0.11342533368503879,True,False,,0.11342533368503879,1499,0,8501,7,0.0007,0.05383725802820419,61
seasonal_near_threshold_alpha,14,10000,5,8.0,1500,8495,0.0,0.0,phase 0,2.0,0.005,50,False,,False,True,0.20310134611902536,0.20310134611902536,1311,50,8639,50,0.005,0.20310134611902536,411
seasonal_near_threshold_alpha,15,10000,5,8.0,1500,8495,0.0,0.0,phase 0,2.0,0.005,50,False,,False,True,0.1586375879616827,0.1586375879616827,1319,50,8631,50,0.005,0.1586375879616827,374
seasonal_near_threshold_alpha,16,10000,5,8.0,1500,8495,0.0,0.0,phase 0,2.0,0.005,50,True,0.8634030966084856,True,False,,0.8634030966084856,992,0,9008,38,0.0038,0.1318681785378064,1381
seasonal_near_threshold_alpha,17,10000,5,8.0,1500,8495,0.0,0.0,phase 0,2.0,0.005,50,False,,False,True,0.15260805288498405,0.15260805288498405,1367,50,8583,50,0.005,0.15260805288498405,281
seasonal_near_threshold_alpha,18,10000,5,8.0,1500,8495,0.0,0.0,phase 0,2.0,0.005,50,False,,False,True,0.2797421302719506,0.2797421302719506,1296,50,8654,50,0.005,0.2797421302719506,441
seasonal_near_threshold_alpha,19,10000,5,8.0,1500,8495,0.0,0.0,phase 0,2.0,0.005,50,False,,False,True,0.15981770113576407,0.15981770113576407,1329,50,8621,50,0.005,0.15981770113576407,387
seasonal_near_threshold_alpha,20,10000,5,8.0,1500,8495,0.0,0.0,phase 0,2.0,0.005,50,False,,False,True,0.33118672960548046,0.33118672960548046,1226,50,8724,50,0.005,0.33118672960548046,607
seasonal_near_threshold_alpha,21,10000,5,8.0,1500,8495,0.0,0.0,phase 0,2.0,0.005,50,True,0.8856981774074938,True,False,,0.8856981774074938,1014,0,8986,32,0.0032,0.422856555111007,1352
seasonal_near_threshold_alpha,22,10000,5,8.0,1500,8495,0.0,0.0,phase 0,2.0,0.005,50,True,0.020495160052033393,True,False,,0.020495160052033393,1501,0,8499,6,0.0006,0.00014915754295010048,15
seasonal_near_threshold_alpha,23,10000,5,8.0,1500,8495,0.0,0.0,phase 0,2.0,0.005,50,True,0.6094353579201419,True,False,,0.6094353579201419,973,0,9027,43,0.0043,0.3075251326665563,1278
seasonal_near_threshold_alpha,24,10000,5,8.0,1500,8495,0.0,0.0,phase 0,2.0,0.005,50,True,0.4978520425528394,True,False,,0.4978520425528394,1049,0,8951,46,0.0046,0.2341887031688225,1126
seasonal_near_threshold_alpha,25,10000,5,8.0,1500,8495,0.0,0.0,phase 0,2.0,0.005,50,False,,False,True,0.19596943009556894,0.19596943009556894,1302,50,8648,50,0.005,0.19596943009556894,423
seasonal_near_threshold_alpha,26,10000,5,8.0,1500,8495,0.0,0.0,phase 0,2.0,0.005,50,True,0.5929432058303198,True,False,,0.5929432058303198,1029,0,8971,49,0.0049,0.3067726306028328,1151
seasonal_near_threshold_alpha,27,10000,5,8.0,1500,8495,0.0,0.0,phase 0,2.0,0.005,50,True,0.155055480020528,True,False,,0.155055480020528,1490,0,8510,7,0.0007,0.0018083838371234554,73
seasonal_near_threshold_alpha,28,10000,5,8.0,1500,8495,0.0,0.0,phase 0,2.0,0.005,50,True,0.011964452408596303,True,False,,0.011964452408596303,1502,0,8498,5,0.0005,0.0,10
seasonal_near_threshold_alpha,29,10000,5,8.0,1500,8495,0.0,0.0,phase 0,2.0,0.005,50,True,0.030435156563653427,True,False,,0.030435156563653427,1503,0,8497,5,0.0005,0.0,17
seasonal_near_threshold_alpha,30,10000,5,8.0,1500,8495,0.0,0.0,phase 0,2.0,0.005,50,False,,False,True,0.20622461660051924,0.20622461660051924,1308,50,8642,50,0.005,0.20622461660051924,390
seasonal_near_threshold_alpha,31,10000,5,8.0,1500,8495,0.0,0.0,phase 0,2.0,0.005,50,True,0.5442615674044868,True,False,,0.5442615674044868,1129,0,8871,40,0.004,0.23731261161922532,933
seasonal_near_threshold_alpha,32,10000,5,8.0,1500,8495,0.0,0.0,phase 0,2.0,0.005,50,True,0.5017272032255456,True,False,,0.5017272032255456,1126,0,8874,42,0.0042,0.28626238827331674,921
seasonal_near_threshold_alpha,33,10000,5,8.0,1500,8495,0.0,0.0,phase 0,2.0,0.005,50,False,,False,True,0.10067652983505991,0.10067652983505991,1356,50,8594,50,0.005,0.10067652983505991,276
seasonal_near_threshold_alpha,34,10000,5,8.0,1500,8495,0.0,0.0,phase 0,2.0,0.005,50,True,0.008922330722002287,True,False,,0.008922330722002287,1499,0,8501,6,0.0006,0.0004638152942432445,7
seasonal_near_threshold_alpha,35,10000,5,8.0,1500,8495,0.0,0.0,phase 0,2.0,0.005,50,True,0.047833245460336155,True,False,,0.047833245460336155,1494,0,8506,7,0.0007,0.010237367304288168,32
seasonal_near_threshold_alpha,36,10000,5,8.0,1500,8495,0.0,0.0,phase 0,2.0,0.005,50,True,0.17963748827681175,True,False,,0.17963748827681175,1468,0,8532,14,0.0014,0.11694099619506153,144
seasonal_near_threshold_alpha,37,10000,5,8.0,1500,8495,0.0,0.0,phase 0,2.0,0.005,50,True,0.044572521086926935,True,False,,0.044572521086926935,1499,0,8501,7,0.0007,0.004935939648313954,34
seasonal_near_threshold_alpha,38,10000,5,8.0,1500,8495,0.0,0.0,phase 0,2.0,0.005,50,True,0.0889484332346314,True,False,,0.0889484332346314,1497,0,8503,8,0.0008,0.008262701253159546,53
seasonal_near_threshold_alpha,39,10000,5,8.0,1500,8495,0.0,0.0,phase 0,2.0,0.005,50,False,,False,True,0.14590697597123767,0.14590697597123767,1336,50,8614,50,0.005,0.14590697597123767,340
seasonal_near_threshold_alpha,40,10000,5,8.0,1500,8495,0.0,0.0,phase 0,2.0,0.005,50,True,0.47179733656805917,True,False,,0.47179733656805917,1216,0,8784,36,0.0036,0.1745460219362468,798
seasonal_near_threshold_alpha,41,10000,5,8.0,1500,8495,0.0,0.0,phase 0,2.0,0.005,50,True,0.5389213964468821,True,False,,0.5389213964468821,1175,0,8825,28,0.0028,0.4093092509625246,874
seasonal_near_threshold_alpha,42,10000,5,8.0,1500,8495,0.0,0.0,phase 0,2.0,0.005,50,True,0.017370428029789352,True,False,,0.017370428029789352,1500,0,8500,5,0.0005,0.0,5
seasonal_near_threshold_alpha,43,10000,5,8.0,1500,8495,0.0,0.0,phase 0,2.0,0.005,50,False,,False,True,0.14076938780553994,0.14076938780553994,1303,50,8647,50,0.005,0.14076938780553994,382
seasonal_near_threshold_alpha,44,10000,5,8.0,1500,8495,0.0,0.0,phase 0,2.0,0.005,50,True,0.08260884823328053,True,False,,0.08260884823328053,1491,0,8509,9,0.0009,0.01601557158494327,50
seasonal_near_threshold_alpha,45,10000,5,8.0,1500,8495,0.0,0.0,phase 0,2.0,0.005,50,True,0.6572805413067289,True,False,,0.6572805413067289,1110,0,8890,37,0.0037,0.09488899285936973,1034
seasonal_near_threshold_alpha,46,10000,5,8.0,1500,8495,0.0,0.0,phase 0,2.0,0.005,50,False,,False,True,0.09390676472145203,0.09390676472145203,1372,50,8578,50,0.005,0.09390676472145203,262
seasonal_near_threshold_alpha,47,10000,5,8.0,1500,8495,0.0,0.0,phase 0,2.0,0.005,50,True,0.28705312816935585,True,False,,0.28705312816935585,1301,0,8699,40,0.004,0.07641691663667283,547
seasonal_near_threshold_alpha,48,10000,5,8.0,1500,8495,0.0,0.0,phase 0,2.0,0.005,50,True,0.5043324199044799,True,False,,0.5043324199044799,1160,0,8840,35,0.0035,0.12130130575719665,868
seasonal_near_threshold_alpha,49,10000,5,8.0,1500,8495,0.0,0.0,phase 0,2.0,0.005,50,True,0.04147343041199364,True,False,,0.04147343041199364,1500,0,8500,5,0.0005,0.0,8
seasonal_near_threshold_alpha,50,10000,5,8.0,1500,8495,0.0,0.0,phase 0,2.0,0.005,50,False,,False,True,0.12134090339732549,0.12134090339732549,1364,50,8586,50,0.005,0.12134090339732549,275
seasonal_near_threshold_alpha,51,10000,5,8.0,1500,8495,0.0,0.0,phase 0,2.0,0.005,50,False,,False,True,0.24986103410748264,0.24986103410748264,1115,50,8835,50,0.005,0.24986103410748264,833
seasonal_near_threshold_alpha,52,10000,5,8.0,1500,8495,0.0,0.0,phase 0,2.0,0.005,50,True,0.1211641628626088,True,False,,0.1211641628626088,1482,0,8518,7,0.0007,0.020875042557528763,83
seasonal_near_threshold_alpha,53,10000,5,8.0,1500,8495,0.0,0.0,phase 0,2.0,0.005,50,True,0.7749126087009849,True,False,,0.7749126087009849,1121,0,8879,35,0.0035,0.30942339503515154,1099
seasonal_near_threshold_alpha,54,10000,5,8.0,1500,8495,0.0,0.0,phase 0,2.0,0.005,50,True,0.3326966212097433,True,False,,0.3326966212097433,1239,0,8761,48,0.0048,0.15140184625185343,674
seasonal_near_threshold_alpha,55,10000,5,8.0,1500,8495,0.0,0.0,phase 0,2.0,0.005,50,False,,False,True,0.08137781860732027,0.08137781860732027,1402,50,8548,50,0.005,0.08137781860732027,178
seasonal_near_threshold_alpha,56,10000,5,8.0,1500,8495,0.0,0.0,phase 0,2.0,0.005,50,True,0.05925433728691982,True,False,,0.05925433728691982,1495,0,8505,9,0.0009,0.008379894449675011,33
seasonal_near_threshold_alpha,57,10000,5,8.0,1500,8495,0.0,0.0,phase 0,2.0,0.005,50,False,,False,True,0.38704554338190716,0.38704554338190716,1156,50,8794,50,0.005,0.38704554338190716,781
seasonal_near_threshold_alpha,58,10000,5,8.0,1500,8495,0.0,0.0,phase 0,2.0,0.005,50,True,0.03701893254324767,True,False,,0.03701893254324767,1501,0,8499,7,0.0007,0.015019948869898006,18
seasonal_near_threshold_alpha,59,10000,5,8.0,1500,8495,0.0,0.0,phase 0,2.0,0.005,50,True,0.034181823146040215,True,False,,0.034181823146040215,1501,0,8499,5,0.0005,0.0,18
seasonal_near_threshold_alpha,60,10000,5,8.0,1500,8495,0.0,0.0,phase 0,2.0,0.005,50,True,0.09506196575953232,True,False,,0.09506196575953232,1493,0,8507,7,0.0007,0.02252036804807472,52
seasonal_near_threshold_alpha,61,10000,5,8.0,1500,8495,0.0,0.0,phase 0,2.0,0.005,50,True,0.17635025099955456,True,False,,0.17635025099955456,1451,0,8549,14,0.0014,0.09705143984019014,163
seasonal_near_threshold_alpha,62,10000,5,8.0,1500,8495,0.0,0.0,phase 0,2.0,0.005,50,True,0.5507292359888039,True,False,,0.5507292359888039,1134,0,8866,44,0.0044,0.30320820604110543,950
seasonal_near_threshold_alpha,63,10000,5,8.0,1500,8495,0.0,0.0,phase 0,2.0,0.005,50,True,0.02098038908671434,True,False,,0.02098038908671434,1502,0,8498,5,0.0005,0.0,10
seasonal_near_threshold_alpha,64,10000,5,8.0,1500,8495,0.0,0.0,phase 0,2.0,0.005,50,True,0.4278136424089687,True,False,,0.4278136424089687,1322,0,8678,30,0.003,0.2577717792767875,511
seasonal_near_threshold_alpha,65,10000,5,8.0,1500,8495,0.0,0.0,phase 0,2.0,0.005,50,True,0.15252429260853123,True,False,,0.15252429260853123,1489,0,8511,7,0.0007,0.001975876699770644,57
seasonal_near_threshold_alpha,66,10000,5,8.0,1500,8495,0.0,0.0,phase 0,2.0,0.005,50,True,0.14400672507563855,True,False,,0.14400672507563855,1497,0,8503,7,0.0007,0.04857736227315518,68
seasonal_near_threshold_alpha,67,10000,5,8.0,1500,8495,0.0,0.0,phase 0,2.0,0.005,50,True,0.559032059209055,True,False,,0.559032059209055,991,0,9009,49,0.0049,0.2782225198727945,1242
seasonal_near_threshold_alpha,68,10000,5,8.0,1500,8495,0.0,0.0,phase 0,2.0,0.005,50,True,0.503796066414461,True,False,,0.503796066414461,1255,0,8745,27,0.0027,0.3057615810379658,696
seasonal_near_threshold_alpha,69,10000,5,8.0,1500,8495,0.0,0.0,phase 0,2.0,0.005,50,True,0.0913086002452616,True,False,,0.0913086002452616,1493,0,8507,9,0.0009,0.01658397154490866,52
seasonal_near_threshold_alpha,70,10000,5,8.0,1500,8495,0.0,0.0,phase 0,2.0,0.005,50,True,0.5689514621667622,True,False,,0.5689514621667622,1029,0,8971,42,0.0042,0.09820237873089603,1196
seasonal_near_threshold_alpha,71,10000,5,8.0,1500,8495,0.0,0.0,phase 0,2.0,0.005,50,False,,False,True,0.10355539741788798,0.10355539741788798,1397,50,8553,50,0.005,0.10355539741788798,182
seasonal_near_threshold_alpha,72,10000,5,8.0,1500,8495,0.0,0.0,phase 0,2.0,0.005,50,True,0.8173254264126195,True,False,,0.8173254264126195,1149,0,8851,38,0.0038,0.38604186966393256,1034
seasonal_near_threshold_alpha,73,10000,5,8.0,1500,8495,0.0,0.0,phase 0,2.0,0.005,50,True,1.3030622865224906,True,False,,1.3030622865224906,1092,0,8908,25,0.0025,0.8703276030134276,1322
seasonal_near_threshold_alpha,74,10000,5,8.0,1500,8495,0.0,0.0,phase 0,2.0,0.005,50,True,0.08195510081881817,True,False,,0.08195510081881817,1489,0,8511,9,0.0009,0.00593237427463947,57
seasonal_near_threshold_alpha,75,10000,5,8.0,1500,8495,0.0,0.0,phase 0,2.0,0.005,50,False,,False,True,0.5478799398859221,0.5478799398859221,1141,50,8809,50,0.005,0.5478799398859221,898
seasonal_near_threshold_alpha,76,10000,5,8.0,1500,8495,0.0,0.0,phase 0,2.0,0.005,50,False,,False,True,0.14469491975117396,0.14469491975117396,1387,50,8563,50,0.005,0.14469491975117396,238
seasonal_near_threshold_alpha,77,10000,5,8.0,1500,8495,0.0,0.0,phase 0,2.0,0.005,50,True,0.07891656488776275,True,False,,0.07891656488776275,1501,0,8499,10,0.001,0.024305142393831573,57
seasonal_near_threshold_alpha,78,10000,5,8.0,1500,8495,0.0,0.0,phase 0,2.0,0.005,50,True,0.5747063212637891,True,False,,0.5747063212637891,1077,0,8923,44,0.0044,0.08481419394552556,1094
seasonal_near_threshold_alpha,79,10000,5,8.0,1500,8495,0.0,0.0,phase 0,2.0,0.005,50,True,0.1661079402930679,True,False,,0.1661079402930679,1461,0,8539,12,0.0012,0.11214772402339147,134
seasonal_near_threshold_alpha,80,10000,5,8.0,1500,8495,0.0,0.0,phase 0,2.0,0.005,50,False,,False,True,0.10154667387928391,0.10154667387928391,1363,50,8587,50,0.005,0.10154667387928391,265
seasonal_near_threshold_alpha,81,10000,5,8.0,1500,8495,0.0,0.0,phase 0,2.0,0.005,50,True,0.2832832668422751,True,False,,0.2832832668422751,1442,0,8558,16,0.0016,0.028776608964681046,196
seasonal_near_threshold_alpha,82,10000,5,8.0,1500,8495,0.0,0.0,phase 0,2.0,0.005,50,True,0.04020210274892993,True,False,,0.04020210274892993,1497,0,8503,7,0.0007,0.004432096910782852,26
seasonal_near_threshold_alpha,83,10000,5,8.0,1500,8495,0.0,0.0,phase 0,2.0,0.005,50,False,,False,True,0.12030346164092438,0.12030346164092438,1345,50,8605,50,0.005,0.12030346164092438,316
seasonal_near_threshold_alpha,84,10000,5,8.0,1500,8495,0.0,0.0,phase 0,2.0,0.005,50,False,,False,True,0.3026846218562084,0.3026846218562084,1174,50,8776,50,0.005,0.3026846218562084,730
seasonal_near_threshold_alpha,85,10000,5,8.0,1500,8495,0.0,0.0,phase 0,2.0,0.005,50,False,,False,True,0.1171755545762316,0.1171755545762316,1355,50,8595,50,0.005,0.1171755545762316,290
seasonal_near_threshold_alpha,86,10000,5,8.0,1500,8495,0.0,0.0,phase 0,2.0,0.005,50,True,0.049077238690608455,True,False,,0.049077238690608455,1503,0,8497,6,0.0006,0.002154914634822264,17
seasonal_near_threshold_alpha,87,10000,5,8.0,1500,8495,0.0,0.0,phase 0,2.0,0.005,50,True,0.07701981418969897,True,False,,0.07701981418969897,1490,0,8510,8,0.0008,0.006507196227978736,58
seasonal_near_threshold_alpha,88,10000,5,8.0,1500,8495,0.0,0.0,phase 0,2.0,0.005,50,True,0.08506944958615272,True,False,,0.08506944958615272,1502,0,8498,5,0.0005,0.0,37
seasonal_near_threshold_alpha,89,10000,5,8.0,1500,8495,0.0,0.0,phase 0,2.0,0.005,50,False,,False,True,0.1620578889062702,0.1620578889062702,1215,50,8735,50,0.005,0.1620578889062702,573
seasonal_near_threshold_alpha,90,10000,5,8.0,1500,8495,0.0,0.0,phase 0,2.0,0.005,50,True,0.8684262370636265,True,False,,0.8684262370636265,864,0,9136,40,0.004,0.2630793487125409,1619
seasonal_near_threshold_alpha,91,10000,5,8.0,1500,8495,0.0,0.0,phase 0,2.0,0.005,50,True,0.6568753269135583,True,False,,0.6568753269135583,1103,0,8897,48,0.0048,0.3065151404416784,1027
seasonal_near_threshold_alpha,92,10000,5,8.0,1500,8495,0.0,0.0,phase 0,2.0,0.005,50,True,0.41795232441629904,True,False,,0.41795232441629904,1344,0,8656,22,0.0022,0.10645896504144768,467
seasonal_near_threshold_alpha,93,10000,5,8.0,1500,8495,0.0,0.0,phase 0,2.0,0.005,50,False,,False,True,0.1437319512300238,0.1437319512300238,1378,50,8572,50,0.005,0.1437319512300238,259
seasonal_near_threshold_alpha,94,10000,5,8.0,1500,8495,0.0,0.0,phase 0,2.0,0.005,50,False,,False,True,0.22984539155786496,0.22984539155786496,1276,50,8674,50,0.005,0.22984539155786496,487
seasonal_near_threshold_alpha,95,10000,5,8.0,1500,8495,0.0,0.0,phase 0,2.0,0.005,50,False,,False,True,0.1763376957279348,0.1763376957279348,1319,50,8631,50,0.005,0.1763376957279348,371
seasonal_near_threshold_alpha,96,10000,5,8.0,1500,8495,0.0,0.0,phase 0,2.0,0.005,50,True,0.09646466254871994,True,False,,0.09646466254871994,1486,0,8514,10,0.001,0.0364983000983163,69
seasonal_near_threshold_alpha,97,10000,5,8.0,1500,8495,0.0,0.0,phase 0,2.0,0.005,50,True,0.613954705433028,True,False,,0.613954705433028,1140,0,8860,48,0.0048,0.23097292833369193,1006
seasonal_near_threshold_alpha,98,10000,5,8.0,1500,8495,0.0,0.0,phase 0,2.0,0.005,50,False,,False,True,0.1381380245920181,0.1381380245920181,1325,50,8625,50,0.005,0.1381380245920181,350
seasonal_near_threshold_alpha,99,10000,5,8.0,1500,8495,0.0,0.0,phase 0,2.0,0.005,50,False,,False,True,0.08958248903556766,0.08958248903556766,1358,50,8592,50,0.005,0.08958248903556766,263
seasonal_near_threshold_alpha,100,10000,5,8.0,1500,8495,0.0,0.0,phase 0,2.0,0.005,50,True,0.1158487021017226,True,False,,0.1158487021017226,1464,0,8536,14,0.0014,0.043303868107912535,104
seasonal_near_threshold_alpha,1,10000,5,8.0,1500,8495,0.1,0.0,phase 0,2.0,0.005,50,False,,False,True,0.046230807832596005,0.046230807832596005,1404,50,8546,50,0.005,0.046230807832596005,164
seasonal_near_threshold_alpha,2,10000,5,8.0,1500,8495,0.1,0.0,phase 0,2.0,0.005,50,True,0.36380450973636724,True,False,,0.36380450973636724,1389,0,8611,20,0.002,0.22844041978199475,344
seasonal_near_threshold_alpha,3,10000,5,8.0,1500,8495,0.1,0.0,phase 0,2.0,0.005,50,False,,False,True,0.11900798483103567,0.11900798483103567,1307,50,8643,50,0.005,0.11900798483103567,368
seasonal_near_threshold_alpha,4,10000,5,8.0,1500,8495,0.1,0.0,phase 0,2.0,0.005,50,True,0.1582842117992376,True,False,,0.1582842117992376,1499,0,8501,10,0.001,0.004212640938391778,70
seasonal_near_threshold_alpha,5,10000,5,8.0,1500,8495,0.1,0.0,phase 0,2.0,0.005,50,False,,False,True,0.21934881121507013,0.21934881121507013,1266,50,8684,50,0.005,0.21934881121507013,501
seasonal_near_threshold_alpha,6,10000,5,8.0,1500,8495,0.1,0.0,phase 0,2.0,0.005,50,True,0.046760792494190496,True,False,,0.046760792494190496,1501,0,8499,9,0.0009,0.024566855388754437,39
seasonal_near_threshold_alpha,7,10000,5,8.0,1500,8495,0.1,0.0,phase 0,2.0,0.005,50,True,0.41397736424401915,True,False,,0.41397736424401915,1191,0,8809,37,0.0037,0.11610301426030505,734
seasonal_near_threshold_alpha,8,10000,5,8.0,1500,8495,0.1,0.0,phase 0,2.0,0.005,50,True,0.9389296381718164,True,False,,0.9389296381718164,1067,0,8933,36,0.0036,0.7279608201179735,1204
seasonal_near_threshold_alpha,9,10000,5,8.0,1500,8495,0.1,0.0,phase 0,2.0,0.005,50,True,0.5074822291505541,True,False,,0.5074822291505541,1179,0,8821,39,0.0039,0.213676850613286,836
seasonal_near_threshold_alpha,10,10000,5,8.0,1500,8495,0.1,0.0,phase 0,2.0,0.005,50,True,0.2692396178418844,True,False,,0.2692396178418844,1470,0,8530,14,0.0014,0.1484053612717388,182
seasonal_near_threshold_alpha,11,10000,5,8.0,1500,8495,0.1,0.0,phase 0,2.0,0.005,50,False,,False,True,0.2324264493152175,0.2324264493152175,1167,50,8783,50,0.005,0.2324264493152175,708
seasonal_near_threshold_alpha,12,10000,5,8.0,1500,8495,0.1,0.0,phase 0,2.0,0.005,50,False,,False,True,0.1407486012382255,0.1407486012382255,1279,50,8671,50,0.005,0.1407486012382255,442
seasonal_near_threshold_alpha,13,10000,5,8.0,1500,8495,0.1,0.0,phase 0,2.0,0.005,50,True,0.08010632857892995,True,False,,0.08010632857892995,1504,0,8496,5,0.0005,0.0,24
seasonal_near_threshold_alpha,14,10000,5,8.0,1500,8495,0.1,0.0,phase 0,2.0,0.005,50,True,0.23940745946791467,True,False,,0.23940745946791467,1464,0,8536,14,0.0014,0.09601340274432088,152
seasonal_near_threshold_alpha,15,10000,5,8.0,1500,8495,0.1,0.0,phase 0,2.0,0.005,50,True,0.4606151842055033,True,False,,0.4606151842055033,1093,0,8907,44,0.0044,0.23399276711244787,981
seasonal_near_threshold_alpha,16,10000,5,8.0,1500,8495,0.1,0.0,phase 0,2.0,0.005,50,True,0.02641294654881125,True,False,,0.02641294654881125,1501,0,8499,6,0.0006,0.001600122267707168,12
seasonal_near_threshold_alpha,17,10000,5,8.0,1500,8495,0.1,0.0,phase 0,2.0,0.005,50,True,0.43378157616696905,True,False,,0.43378157616696905,1053,0,8947,46,0.0046,0.20613730071073008,1037
seasonal_near_threshold_alpha,18,10000,5,8.0,1500,8495,0.1,0.0,phase 0,2.0,0.005,50,False,,False,True,0.13615608913880098,0.13615608913880098,1379,50,8571,50,0.005,0.13615608913880098,254
seasonal_near_threshold_alpha,19,10000,5,8.0,1500,8495,0.1,0.0,phase 0,2.0,0.005,50,False,,False,True,0.12351980265728309,0.12351980265728309,1337,50,8613,50,0.005,0.12351980265728309,347
seasonal_near_threshold_alpha,20,10000,5,8.0,1500,8495,0.1,0.0,phase 0,2.0,0.005,50,True,0.09597497044641508,True,False,,0.09597497044641508,1475,0,8525,11,0.0011,0.05687993578897405,76
seasonal_near_threshold_alpha,21,10000,5,8.0,1500,8495,0.1,0.0,phase 0,2.0,0.005,50,True,0.36596280174788665,True,False,,0.36596280174788665,1188,0,8812,47,0.0047,0.10012719248548017,758
seasonal_near_threshold_alpha,22,10000,5,8.0,1500,8495,0.1,0.0,phase 0,2.0,0.005,50,False,,False,True,0.08024994069646148,0.08024994069646148,1376,50,8574,50,0.005,0.08024994069646148,224
seasonal_near_threshold_alpha,23,10000,5,8.0,1500,8495,0.1,0.0,phase 0,2.0,0.005,50,False,,False,True,0.1184545216075008,0.1184545216075008,1320,50,8630,50,0.005,0.1184545216075008,363
seasonal_near_threshold_alpha,24,10000,5,8.0,1500,8495,0.1,0.0,phase 0,2.0,0.005,50,False,,False,True,0.1886715587505205,0.1886715587505205,1234,50,8716,50,0.005,0.1886715587505205,538
seasonal_near_threshold_alpha,25,10000,5,8.0,1500,8495,0.1,0.0,phase 0,2.0,0.005,50,True,0.19602949026668426,True,False,,0.19602949026668426,1507,0,8493,6,0.0006,0.009003036245343432,50
seasonal_near_threshold_alpha,26,10000,5,8.0,1500,8495,0.1,0.0,phase 0,2.0,0.005,50,True,0.19843666524707249,True,False,,0.19843666524707249,1469,0,8531,13,0.0013,0.09679994471548227,169
seasonal_near_threshold_alpha,27,10000,5,8.0,1500,8495,0.1,0.0,phase 0,2.0,0.005,50,True,0.04327372452826106,True,False,,0.04327372452826106,1503,0,8497,5,0.0005,0.0,23
seasonal_near_threshold_alpha,28,10000,5,8.0,1500,8495,0.1,0.0,phase 0,2.0,0.005,50,False,,False,True,0.20201767799641834,0.20201767799641834,1308,50,8642,50,0.005,0.20201767799641834,411
seasonal_near_threshold_alpha,29,10000,5,8.0,1500,8495,0.1,0.0,phase 0,2.0,0.005,50,True,0.07000636993929452,True,False,,0.07000636993929452,1492,0,8508,9,0.0009,0.03505347646819705,45
seasonal_near_threshold_alpha,30,10000,5,8.0,1500,8495,0.1,0.0,phase 0,2.0,0.005,50,True,0.7244510475462618,True,False,,0.7244510475462618,1106,0,8894,39,0.0039,0.33833169429308513,1045
seasonal_near_threshold_alpha,31,10000,5,8.0,1500,8495,0.1,0.0,phase 0,2.0,0.005,50,False,,False,True,0.22549520477702575,0.22549520477702575,1343,50,8607,50,0.005,0.22549520477702575,362
seasonal_near_threshold_alpha,32,10000,5,8.0,1500,8495,0.1,0.0,phase 0,2.0,0.005,50,False,,False,True,0.1585223582590435,0.1585223582590435,1296,50,8654,50,0.005,0.1585223582590435,438
seasonal_near_threshold_alpha,33,10000,5,8.0,1500,8495,0.1,0.0,phase 0,2.0,0.005,50,False,,False,True,0.14377856241810402,0.14377856241810402,1309,50,8641,50,0.005,0.14377856241810402,367
seasonal_near_threshold_alpha,34,10000,5,8.0,1500,8495,0.1,0.0,phase 0,2.0,0.005,50,True,0.291841320090992,True,False,,0.291841320090992,1468,0,8532,13,0.0013,0.22187587998694377,183
seasonal_near_threshold_alpha,35,10000,5,8.0,1500,8495,0.1,0.0,phase 0,2.0,0.005,50,False,,False,True,0.18925287211116323,0.18925287211116323,1260,50,8690,50,0.005,0.18925287211116323,546
seasonal_near_threshold_alpha,36,10000,5,8.0,1500,8495,0.1,0.0,phase 0,2.0,0.005,50,True,0.5327948615550923,True,False,,0.5327948615550923,1220,0,8780,36,0.0036,0.2647334075407926,745
seasonal_near_threshold_alpha,37,10000,5,8.0,1500,8495,0.1,0.0,phase 0,2.0,0.005,50,False,,False,True,0.08313741169334693,0.08313741169334693,1361,50,8589,50,0.005,0.08313741169334693,278
seasonal_near_threshold_alpha,38,10000,5,8.0,1500,8495,0.1,0.0,phase 0,2.0,0.005,50,False,,False,True,0.17944820713212437,0.17944820713212437,1347,50,8603,50,0.005,0.17944820713212437,330
seasonal_near_threshold_alpha,39,10000,5,8.0,1500,8495,0.1,0.0,phase 0,2.0,0.005,50,True,0.019470858378993115,True,False,,0.019470858378993115,1502,0,8498,5,0.0005,0.0,7
seasonal_near_threshold_alpha,40,10000,5,8.0,1500,8495,0.1,0.0,phase 0,2.0,0.005,50,True,0.027705884642113487,True,False,,0.027705884642113487,1499,0,8501,7,0.0007,0.006765834453964454,16
seasonal_near_threshold_alpha,41,10000,5,8.0,1500,8495,0.1,0.0,phase 0,2.0,0.005,50,True,0.2549265144657279,True,False,,0.2549265144657279,1453,0,8547,15,0.0015,0.039408296388782495,207
seasonal_near_threshold_alpha,42,10000,5,8.0,1500,8495,0.1,0.0,phase 0,2.0,0.005,50,True,0.745396387902751,True,False,,0.745396387902751,1263,0,8737,26,0.0026,0.3899964141368835,764
seasonal_near_threshold_alpha,43,10000,5,8.0,1500,8495,0.1,0.0,phase 0,2.0,0.005,50,False,,False,True,0.07648109863628104,0.07648109863628104,1369,50,8581,50,0.005,0.07648109863628104,232
seasonal_near_threshold_alpha,44,10000,5,8.0,1500,8495,0.1,0.0,phase 0,2.0,0.005,50,True,0.045735268682276176,True,False,,0.045735268682276176,1505,0,8495,5,0.0005,0.0,13
seasonal_near_threshold_alpha,45,10000,5,8.0,1500,8495,0.1,0.0,phase 0,2.0,0.005,50,True,0.055519957628894286,True,False,,0.055519957628894286,1500,0,8500,5,0.0005,0.0,20
seasonal_near_threshold_alpha,46,10000,5,8.0,1500,8495,0.1,0.0,phase 0,2.0,0.005,50,True,0.41735010156982383,True,False,,0.41735010156982383,1083,0,8917,42,0.0042,0.22723361357012006,977
seasonal_near_threshold_alpha,47,10000,5,8.0,1500,8495,0.1,0.0,phase 0,2.0,0.005,50,False,,False,True,0.18889577348813744,0.18889577348813744,1302,50,8648,50,0.005,0.18889577348813744,420
seasonal_near_threshold_alpha,48,10000,5,8.0,1500,8495,0.1,0.0,phase 0,2.0,0.005,50,True,0.46516120321697796,True,False,,0.46516120321697796,1204,0,8796,47,0.0047,0.1782845210845595,804
seasonal_near_threshold_alpha,49,10000,5,8.0,1500,8495,0.1,0.0,phase 0,2.0,0.005,50,False,,False,True,0.24168733121276306,0.24168733121276306,1339,50,8611,50,0.005,0.24168733121276306,385
seasonal_near_threshold_alpha,50,10000,5,8.0,1500,8495,0.1,0.0,phase 0,2.0,0.005,50,True,0.632487586576443,True,False,,0.632487586576443,1126,0,8874,29,0.0029,0.24844615028717468,1005
seasonal_near_threshold_alpha,51,10000,5,8.0,1500,8495,0.1,0.0,phase 0,2.0,0.005,50,False,,False,True,0.2232405109399087,0.2232405109399087,1292,50,8658,50,0.005,0.2232405109399087,446
seasonal_near_threshold_alpha,52,10000,5,8.0,1500,8495,0.1,0.0,phase 0,2.0,0.005,50,True,0.6300368072233566,True,False,,0.6300368072233566,1112,0,8888,49,0.0049,0.22491879442878263,1030
seasonal_near_threshold_alpha,53,10000,5,8.0,1500,8495,0.1,0.0,phase 0,2.0,0.005,50,False,,False,True,0.10385581603084065,0.10385581603084065,1325,50,8625,50,0.005,0.10385581603084065,347
seasonal_near_threshold_alpha,54,10000,5,8.0,1500,8495,0.1,0.0,phase 0,2.0,0.005,50,False,,False,True,0.19264091174630749,0.19264091174630749,1225,50,8725,50,0.005,0.19264091174630749,565
seasonal_near_threshold_alpha,55,10000,5,8.0,1500,8495,0.1,0.0,phase 0,2.0,0.005,50,True,0.04445530881318324,True,False,,0.04445530881318324,1505,0,8495,6,0.0006,0.002238622307681155,22
seasonal_near_threshold_alpha,56,10000,5,8.0,1500,8495,0.1,0.0,phase 0,2.0,0.005,50,True,0.23503466619149474,True,False,,0.23503466619149474,1466,0,8534,14,0.0014,0.07593347519597281,184
seasonal_near_threshold_alpha,57,10000,5,8.0,1500,8495,0.1,0.0,phase 0,2.0,0.005,50,False,,False,True,0.13223978144653606,0.13223978144653606,1336,50,8614,50,0.005,0.13223978144653606,334
seasonal_near_threshold_alpha,58,10000,5,8.0,1500,8495,0.1,0.0,phase 0,2.0,0.005,50,False,,False,True,0.10834257617721493,0.10834257617721493,1334,50,8616,50,0.005,0.10834257617721493,341
seasonal_near_threshold_alpha,59,10000,5,8.0,1500,8495,0.1,0.0,phase 0,2.0,0.005,50,False,,False,True,0.14144166379870693,0.14144166379870693,1378,50,8572,50,0.005,0.14144166379870693,268
seasonal_near_threshold_alpha,60,10000,5,8.0,1500,8495,0.1,0.0,phase 0,2.0,0.005,50,False,,False,True,0.12125070030090875,0.12125070030090875,1376,50,8574,50,0.005,0.12125070030090875,239
seasonal_near_threshold_alpha,61,10000,5,8.0,1500,8495,0.1,0.0,phase 0,2.0,0.005,50,False,,False,True,0.09667238041541394,0.09667238041541394,1373,50,8577,50,0.005,0.09667238041541394,236
seasonal_near_threshold_alpha,62,10000,5,8.0,1500,8495,0.1,0.0,phase 0,2.0,0.005,50,True,0.01241313650894598,True,False,,0.01241313650894598,1500,0,8500,6,0.0006,0.003817066263420678,11
seasonal_near_threshold_alpha,63,10000,5,8.0,1500,8495,0.1,0.0,phase 0,2.0,0.005,50,True,0.03426701264507966,True,False,,0.03426701264507966,1501,0,8499,7,0.0007,0.0023279276074016225,18
seasonal_near_threshold_alpha,64,10000,5,8.0,1500,8495,0.1,0.0,phase 0,2.0,0.005,50,False,,False,True,0.1464626288425146,0.1464626288425146,1310,50,8640,50,0.005,0.1464626288425146,377
seasonal_near_threshold_alpha,65,10000,5,8.0,1500,8495,0.1,0.0,phase 0,2.0,0.005,50,True,0.05604157807150464,True,False,,0.05604157807150464,1498,0,8502,8,0.0008,0.0017943052443255857,21
seasonal_near_threshold_alpha,66,10000,5,8.0,1500,8495,0.1,0.0,phase 0,2.0,0.005,50,False,,False,True,0.12200703893489445,0.12200703893489445,1385,50,8565,50,0.005,0.12200703893489445,212
seasonal_near_threshold_alpha,67,10000,5,8.0,1500,8495,0.1,0.0,phase 0,2.0,0.005,50,False,,False,True,0.0816175839790489,0.0816175839790489,1396,50,8554,50,0.005,0.0816175839790489,181
seasonal_near_threshold_alpha,68,10000,5,8.0,1500,8495,0.1,0.0,phase 0,2.0,0.005,50,True,0.012017885290730383,True,False,,0.012017885290730383,1501,0,8499,5,0.0005,0.0,6
seasonal_near_threshold_alpha,69,10000,5,8.0,1500,8495,0.1,0.0,phase 0,2.0,0.005,50,True,0.455560125047261,True,False,,0.455560125047261,1275,0,8725,41,0.0041,0.21788037697248916,602
seasonal_near_threshold_alpha,70,10000,5,8.0,1500,8495,0.1,0.0,phase 0,2.0,0.005,50,False,,False,True,0.19766249567931507,0.19766249567931507,1346,50,8604,50,0.005,0.19766249567931507,332
seasonal_near_threshold_alpha,71,10000,5,8.0,1500,8495,0.1,0.0,phase 0,2.0,0.005,50,True,0.14286581669271886,True,False,,0.14286581669271886,1486,0,8514,11,0.0011,0.005264550560162041,87
seasonal_near_threshold_alpha,72,10000,5,8.0,1500,8495,0.1,0.0,phase 0,2.0,0.005,50,True,0.04835532387732311,True,False,,0.04835532387732311,1501,0,8499,7,0.0007,0.013302512711431945,24
seasonal_near_threshold_alpha,73,10000,5,8.0,1500,8495,0.1,0.0,phase 0,2.0,0.005,50,True,0.10064902964176056,True,False,,0.10064902964176056,1508,0,8492,5,0.0005,0.0,22
seasonal_near_threshold_alpha,74,10000,5,8.0,1500,8495,0.1,0.0,phase 0,2.0,0.005,50,False,,False,True,0.1004195484589437,0.1004195484589437,1338,50,8612,50,0.005,0.1004195484589437,321
seasonal_near_threshold_alpha,75,10000,5,8.0,1500,8495,0.1,0.0,phase 0,2.0,0.005,50,False,,False,True,0.16058528560103372,0.16058528560103372,1325,50,8625,50,0.005,0.16058528560103372,356
seasonal_near_threshold_alpha,76,10000,5,8.0,1500,8495,0.1,0.0,phase 0,2.0,0.005,50,True,0.06025225314406797,True,False,,0.06025225314406797,1503,0,8497,6,0.0006,6.224332672418663e-05,35
seasonal_near_threshold_alpha,77,10000,5,8.0,1500,8495,0.1,0.0,phase 0,2.0,0.005,50,True,0.057475497334295036,True,False,,0.057475497334295036,1504,0,8496,5,0.0005,0.0,18
seasonal_near_threshold_alpha,78,10000,5,8.0,1500,8495,0.1,0.0,phase 0,2.0,0.005,50,False,,False,True,0.12761917992189134,0.12761917992189134,1329,50,8621,50,0.005,0.12761917992189134,345
seasonal_near_threshold_alpha,79,10000,5,8.0,1500,8495,0.1,0.0,phase 0,2.0,0.005,50,False,,False,True,0.3127586939276265,0.3127586939276265,1176,50,8774,50,0.005,0.3127586939276265,711
seasonal_near_threshold_alpha,80,10000,5,8.0,1500,8495,0.1,0.0,phase 0,2.0,0.005,50,True,0.0868293564608442,True,False,,0.0868293564608442,1487,0,8513,12,0.0012,0.014857663301985622,103
seasonal_near_threshold_alpha,81,10000,5,8.0,1500,8495,0.1,0.0,phase 0,2.0,0.005,50,True,0.07984350864700933,True,False,,0.07984350864700933,1490,0,8510,7,0.0007,0.041847541812719824,43
seasonal_near_threshold_alpha,82,10000,5,8.0,1500,8495,0.1,0.0,phase 0,2.0,0.005,50,False,,False,True,0.14491256900987573,0.14491256900987573,1339,50,8611,50,0.005,0.14491256900987573,319
seasonal_near_threshold_alpha,83,10000,5,8.0,1500,8495,0.1,0.0,phase 0,2.0,0.005,50,True,0.3081901070936565,True,False,,0.3081901070936565,1480,0,8520,10,0.001,0.06757331799529329,162
seasonal_near_threshold_alpha,84,10000,5,8.0,1500,8495,0.1,0.0,phase 0,2.0,0.005,50,True,0.057081051881580226,True,False,,0.057081051881580226,1500,0,8500,6,0.0006,8.533930893432626e-05,32
seasonal_near_threshold_alpha,85,10000,5,8.0,1500,8495,0.1,0.0,phase 0,2.0,0.005,50,False,,False,True,0.2249931263401982,0.2249931263401982,1280,50,8670,50,0.005,0.2249931263401982,476
seasonal_near_threshold_alpha,86,10000,5,8.0,1500,8495,0.1,0.0,phase 0,2.0,0.005,50,False,,False,True,0.1461838960038211,0.1461838960038211,1333,50,8617,50,0.005,0.1461838960038211,340
seasonal_near_threshold_alpha,87,10000,5,8.0,1500,8495,0.1,0.0,phase 0,2.0,0.005,50,True,0.05455760245865096,True,False,,0.05455760245865096,1506,0,8494,5,0.0005,0.0,32
seasonal_near_threshold_alpha,88,10000,5,8.0,1500,8495,0.1,0.0,phase 0,2.0,0.005,50,True,0.028624161178985724,True,False,,0.028624161178985724,1503,0,8497,5,0.0005,0.0,14
seasonal_near_threshold_alpha,89,10000,5,8.0,1500,8495,0.1,0.0,phase 0,2.0,0.005,50,False,,False,True,0.11393741454876732,0.11393741454876732,1377,50,8573,50,0.005,0.11393741454876732,255
seasonal_near_threshold_alpha,90,10000,5,8.0,1500,8495,0.1,0.0,phase 0,2.0,0.005,50,False,,False,True,0.11353923522590993,0.11353923522590993,1306,50,8644,50,0.005,0.11353923522590993,379
seasonal_near_threshold_alpha,91,10000,5,8.0,1500,8495,0.1,0.0,phase 0,2.0,0.005,50,False,,False,True,0.07862418969767987,0.07862418969767987,1400,50,8550,50,0.005,0.07862418969767987,185
seasonal_near_threshold_alpha,92,10000,5,8.0,1500,8495,0.1,0.0,phase 0,2.0,0.005,50,False,,False,True,0.14717005822379162,0.14717005822379162,1326,50,8624,50,0.005,0.14717005822379162,357
seasonal_near_threshold_alpha,93,10000,5,8.0,1500,8495,0.1,0.0,phase 0,2.0,0.005,50,False,,False,True,0.18426599597059065,0.18426599597059065,1330,50,8620,50,0.005,0.18426599597059065,370
seasonal_near_threshold_alpha,94,10000,5,8.0,1500,8495,0.1,0.0,phase 0,2.0,0.005,50,True,0.15276509433357174,True,False,,0.15276509433357174,1475,0,8525,8,0.0008,0.039644183629952576,100
seasonal_near_threshold_alpha,95,10000,5,8.0,1500,8495,0.1,0.0,phase 0,2.0,0.005,50,False,,False,True,0.16591613791582807,0.16591613791582807,1288,50,8662,50,0.005,0.16591613791582807,436
seasonal_near_threshold_alpha,96,10000,5,8.0,1500,8495,0.1,0.0,phase 0,2.0,0.005,50,False,,False,True,0.1351845191963268,0.1351845191963268,1359,50,8591,50,0.005,0.1351845191963268,285
seasonal_near_threshold_alpha,97,10000,5,8.0,1500,8495,0.1,0.0,phase 0,2.0,0.005,50,False,,False,True,0.11492697638976605,0.11492697638976605,1340,50,8610,50,0.005,0.11492697638976605,314
seasonal_near_threshold_alpha,98,10000,5,8.0,1500,8495,0.1,0.0,phase 0,2.0,0.005,50,True,0.6054838349459848,True,False,,0.6054838349459848,1092,0,8908,43,0.0043,0.24247454567320628,1028
seasonal_near_threshold_alpha,99,10000,5,8.0,1500,8495,0.1,0.0,phase 0,2.0,0.005,50,False,,False,True,0.12447032497153462,0.12447032497153462,1344,50,8606,50,0.005,0.12447032497153462,297
seasonal_near_threshold_alpha,100,10000,5,8.0,1500,8495,0.1,0.0,phase 0,2.0,0.005,50,False,,False,True,0.10200587248156229,0.10200587248156229,1369,50,8581,50,0.005,0.10200587248156229,247
seasonal_near_threshold_alpha,1,10000,5,8.0,1500,8495,0.3,0.0,phase 0,2.0,0.005,50,False,,False,True,0.0809560945860045,0.0809560945860045,1375,50,8575,50,0.005,0.0809560945860045,232
seasonal_near_threshold_alpha,2,10000,5,8.0,1500,8495,0.3,0.0,phase 0,2.0,0.005,50,True,0.09748222258525978,True,False,,0.09748222258525978,1499,0,8501,8,0.0008,0.05639077228362619,55
seasonal_near_threshold_alpha,3,10000,5,8.0,1500,8495,0.3,0.0,phase 0,2.0,0.005,50,False,,False,True,0.05140404515194618,0.05140404515194618,1412,50,8538,50,0.005,0.05140404515194618,149
seasonal_near_threshold_alpha,4,10000,5,8.0,1500,8495,0.3,0.0,phase 0,2.0,0.005,50,False,,False,True,0.08361957063132879,0.08361957063132879,1398,50,8552,50,0.005,0.08361957063132879,201
seasonal_near_threshold_alpha,5,10000,5,8.0,1500,8495,0.3,0.0,phase 0,2.0,0.005,50,False,,False,True,0.1308124216691888,0.1308124216691888,1274,50,8676,50,0.005,0.1308124216691888,470
seasonal_near_threshold_alpha,6,10000,5,8.0,1500,8495,0.3,0.0,phase 0,2.0,0.005,50,False,,False,True,0.10186972356752343,0.10186972356752343,1363,50,8587,50,0.005,0.10186972356752343,262
seasonal_near_threshold_alpha,7,10000,5,8.0,1500,8495,0.3,0.0,phase 0,2.0,0.005,50,False,,False,True,0.09501493224418944,0.09501493224418944,1390,50,8560,50,0.005,0.09501493224418944,220
seasonal_near_threshold_alpha,8,10000,5,8.0,1500,8495,0.3,0.0,phase 0,2.0,0.005,50,False,,False,True,0.08106633187370225,0.08106633187370225,1386,50,8564,50,0.005,0.08106633187370225,219
seasonal_near_threshold_alpha,9,10000,5,8.0,1500,8495,0.3,0.0,phase 0,2.0,0.005,50,False,,False,True,0.08766512968825088,0.08766512968825088,1403,50,8547,50,0.005,0.08766512968825088,182
seasonal_near_threshold_alpha,10,10000,5,8.0,1500,8495,0.3,0.0,phase 0,2.0,0.005,50,False,,False,True,0.056358906601904124,0.056358906601904124,1412,50,8538,50,0.005,0.056358906601904124,152
seasonal_near_threshold_alpha,11,10000,5,8.0,1500,8495,0.3,0.0,phase 0,2.0,0.005,50,False,,False,True,0.04642748163117083,0.04642748163117083,1416,50,8534,50,0.005,0.04642748163117083,147
seasonal_near_threshold_alpha,12,10000,5,8.0,1500,8495,0.3,0.0,phase 0,2.0,0.005,50,False,,False,True,0.10458105453269398,0.10458105453269398,1370,50,8580,50,0.005,0.10458105453269398,248
seasonal_near_threshold_alpha,13,10000,5,8.0,1500,8495,0.3,0.0,phase 0,2.0,0.005,50,False,,False,True,0.09000403958013084,0.09000403958013084,1370,50,8580,50,0.005,0.09000403958013084,254
seasonal_near_threshold_alpha,14,10000,5,8.0,1500,8495,0.3,0.0,phase 0,2.0,0.005,50,False,,False,True,0.11844188109666125,0.11844188109666125,1350,50,8600,50,0.005,0.11844188109666125,288
seasonal_near_threshold_alpha,15,10000,5,8.0,1500,8495,0.3,0.0,phase 0,2.0,0.005,50,False,,False,True,0.09288147301617086,0.09288147301617086,1402,50,8548,50,0.005,0.09288147301617086,187
seasonal_near_threshold_alpha,16,10000,5,8.0,1500,8495,0.3,0.0,phase 0,2.0,0.005,50,False,,False,True,0.11063832448057448,0.11063832448057448,1347,50,8603,50,0.005,0.11063832448057448,306
seasonal_near_threshold_alpha,17,10000,5,8.0,1500,8495,0.3,0.0,phase 0,2.0,0.005,50,True,0.04729427941004345,True,False,,0.04729427941004345,1502,0,8498,5,0.0005,0.0,16
seasonal_near_threshold_alpha,18,10000,5,8.0,1500,8495,0.3,0.0,phase 0,2.0,0.005,50,False,,False,True,0.11814283810645526,0.11814283810645526,1331,50,8619,50,0.005,0.11814283810645526,326
seasonal_near_threshold_alpha,19,10000,5,8.0,1500,8495,0.3,0.0,phase 0,2.0,0.005,50,True,0.060490089053410606,True,False,,0.060490089053410606,1496,0,8504,8,0.0008,0.0021116106310803033,31
seasonal_near_threshold_alpha,20,10000,5,8.0,1500,8495,0.3,0.0,phase 0,2.0,0.005,50,False,,False,True,0.06095204032697437,0.06095204032697437,1407,50,8543,50,0.005,0.06095204032697437,162
seasonal_near_threshold_alpha,21,10000,5,8.0,1500,8495,0.3,0.0,phase 0,2.0,0.005,50,True,0.029729837335190596,True,False,,0.029729837335190596,1497,0,8503,9,0.0009,0.002736858123980636,17
seasonal_near_threshold_alpha,22,10000,5,8.0,1500,8495,0.3,0.0,phase 0,2.0,0.005,50,False,,False,True,0.08271672269758401,0.08271672269758401,1349,50,8601,50,0.005,0.08271672269758401,296
seasonal_near_threshold_alpha,23,10000,5,8.0,1500,8495,0.3,0.0,phase 0,2.0,0.005,50,False,,False,True,0.20214571020287822,0.20214571020287822,1285,50,8665,50,0.005,0.20214571020287822,475
seasonal_near_threshold_alpha,24,10000,5,8.0,1500,8495,0.3,0.0,phase 0,2.0,0.005,50,False,,False,True,0.07396969438463762,0.07396969438463762,1407,50,8543,50,0.005,0.07396969438463762,168
seasonal_near_threshold_alpha,25,10000,5,8.0,1500,8495,0.3,0.0,phase 0,2.0,0.005,50,False,,False,True,0.06204016753633031,0.06204016753633031,1412,50,8538,50,0.005,0.06204016753633031,155
seasonal_near_threshold_alpha,26,10000,5,8.0,1500,8495,0.3,0.0,phase 0,2.0,0.005,50,True,0.45996970920408636,True,False,,0.45996970920408636,1183,0,8817,33,0.0033,0.12347366206989355,780
seasonal_near_threshold_alpha,27,10000,5,8.0,1500,8495,0.3,0.0,phase 0,2.0,0.005,50,False,,False,True,0.06749298644851365,0.06749298644851365,1376,50,8574,50,0.005,0.06749298644851365,230
seasonal_near_threshold_alpha,28,10000,5,8.0,1500,8495,0.3,0.0,phase 0,2.0,0.005,50,True,0.5350264345229752,True,False,,0.5350264345229752,1149,0,8851,36,0.0036,0.25207440361084826,881
seasonal_near_threshold_alpha,29,10000,5,8.0,1500,8495,0.3,0.0,phase 0,2.0,0.005,50,False,,False,True,0.15717122144344634,0.15717122144344634,1238,50,8712,50,0.005,0.15717122144344634,533
seasonal_near_threshold_alpha,30,10000,5,8.0,1500,8495,0.3,0.0,phase 0,2.0,0.005,50,False,,False,True,0.0944690085062961,0.0944690085062961,1352,50,8598,50,0.005,0.0944690085062961,287
seasonal_near_threshold_alpha,31,10000,5,8.0,1500,8495,0.3,0.0,phase 0,2.0,0.005,50,False,,False,True,0.15618253055008569,0.15618253055008569,1362,50,8588,50,0.005,0.15618253055008569,285
seasonal_near_threshold_alpha,32,10000,5,8.0,1500,8495,0.3,0.0,phase 0,2.0,0.005,50,False,,False,True,0.09399800757343423,0.09399800757343423,1371,50,8579,50,0.005,0.09399800757343423,276
seasonal_near_threshold_alpha,33,10000,5,8.0,1500,8495,0.3,0.0,phase 0,2.0,0.005,50,False,,False,True,0.06616002403537032,0.06616002403537032,1413,50,8537,50,0.005,0.06616002403537032,147
seasonal_near_threshold_alpha,34,10000,5,8.0,1500,8495,0.3,0.0,phase 0,2.0,0.005,50,False,,False,True,0.09477794589606621,0.09477794589606621,1363,50,8587,50,0.005,0.09477794589606621,265
seasonal_near_threshold_alpha,35,10000,5,8.0,1500,8495,0.3,0.0,phase 0,2.0,0.005,50,False,,False,True,0.06319672504380085,0.06319672504380085,1394,50,8556,50,0.005,0.06319672504380085,170
seasonal_near_threshold_alpha,36,10000,5,8.0,1500,8495,0.3,0.0,phase 0,2.0,0.005,50,False,,False,True,0.07529737928517649,0.07529737928517649,1402,50,8548,50,0.005,0.07529737928517649,163
seasonal_near_threshold_alpha,37,10000,5,8.0,1500,8495,0.3,0.0,phase 0,2.0,0.005,50,False,,False,True,0.03952354060292895,0.03952354060292895,1424,50,8526,50,0.005,0.03952354060292895,122
seasonal_near_threshold_alpha,38,10000,5,8.0,1500,8495,0.3,0.0,phase 0,2.0,0.005,50,False,,False,True,0.08547691026391765,0.08547691026391765,1401,50,8549,50,0.005,0.08547691026391765,186
seasonal_near_threshold_alpha,39,10000,5,8.0,1500,8495,0.3,0.0,phase 0,2.0,0.005,50,False,,False,True,0.08269040183038089,0.08269040183038089,1406,50,8544,50,0.005,0.08269040183038089,179
seasonal_near_threshold_alpha,40,10000,5,8.0,1500,8495,0.3,0.0,phase 0,2.0,0.005,50,False,,False,True,0.12953476954402768,0.12953476954402768,1385,50,8565,50,0.005,0.12953476954402768,236
seasonal_near_threshold_alpha,41,10000,5,8.0,1500,8495,0.3,0.0,phase 0,2.0,0.005,50,False,,False,True,0.14744729605001936,0.14744729605001936,1297,50,8653,50,0.005,0.14744729605001936,424
seasonal_near_threshold_alpha,42,10000,5,8.0,1500,8495,0.3,0.0,phase 0,2.0,0.005,50,False,,False,True,0.1463047653199233,0.1463047653199233,1398,50,8552,50,0.005,0.1463047653199233,213
seasonal_near_threshold_alpha,43,10000,5,8.0,1500,8495,0.3,0.0,phase 0,2.0,0.005,50,True,0.020322716701054053,True,False,,0.020322716701054053,1503,0,8497,6,0.0006,5.877572464401839e-05,11
seasonal_near_threshold_alpha,44,10000,5,8.0,1500,8495,0.3,0.0,phase 0,2.0,0.005,50,True,0.549865689864159,True,False,,0.549865689864159,1186,0,8814,45,0.0045,0.27423282200010185,864
seasonal_near_threshold_alpha,45,10000,5,8.0,1500,8495,0.3,0.0,phase 0,2.0,0.005,50,False,,False,True,0.1337728440499424,0.1337728440499424,1238,50,8712,50,0.005,0.1337728440499424,509
seasonal_near_threshold_alpha,46,10000,5,8.0,1500,8495,0.3,0.0,phase 0,2.0,0.005,50,True,0.036328936680835734,True,False,,0.036328936680835734,1496,0,8504,8,0.0008,0.005404763314195539,25
seasonal_near_threshold_alpha,47,10000,5,8.0,1500,8495,0.3,0.0,phase 0,2.0,0.005,50,True,0.06999730144316295,True,False,,0.06999730144316295,1466,0,8534,18,0.0018,0.0495938476775655,88
seasonal_near_threshold_alpha,48,10000,5,8.0,1500,8495,0.3,0.0,phase 0,2.0,0.005,50,False,,False,True,0.08087164616195378,0.08087164616195378,1380,50,8570,50,0.005,0.08087164616195378,225
seasonal_near_threshold_alpha,49,10000,5,8.0,1500,8495,0.3,0.0,phase 0,2.0,0.005,50,False,,False,True,0.20182245565209256,0.20182245565209256,1294,50,8656,50,0.005,0.20182245565209256,454
seasonal_near_threshold_alpha,50,10000,5,8.0,1500,8495,0.3,0.0,phase 0,2.0,0.005,50,False,,False,True,0.06580829773058863,0.06580829773058863,1408,50,8542,50,0.005,0.06580829773058863,160
seasonal_near_threshold_alpha,51,10000,5,8.0,1500,8495,0.3,0.0,phase 0,2.0,0.005,50,False,,False,True,0.05242868038325498,0.05242868038325498,1388,50,8562,50,0.005,0.05242868038325498,185
seasonal_near_threshold_alpha,52,10000,5,8.0,1500,8495,0.3,0.0,phase 0,2.0,0.005,50,False,,False,True,0.036685940623990394,0.036685940623990394,1424,50,8526,50,0.005,0.036685940623990394,131
seasonal_near_threshold_alpha,53,10000,5,8.0,1500,8495,0.3,0.0,phase 0,2.0,0.005,50,False,,False,True,0.06791619747598122,0.06791619747598122,1384,50,8566,50,0.005,0.06791619747598122,214
seasonal_near_threshold_alpha,54,10000,5,8.0,1500,8495,0.3,0.0,phase 0,2.0,0.005,50,False,,False,True,0.044083635737251804,0.044083635737251804,1426,50,8524,50,0.005,0.044083635737251804,115
seasonal_near_threshold_alpha,55,10000,5,8.0,1500,8495,0.3,0.0,phase 0,2.0,0.005,50,False,,False,True,0.049831138980645916,0.049831138980645916,1410,50,8540,50,0.005,0.049831138980645916,162
seasonal_near_threshold_alpha,56,10000,5,8.0,1500,8495,0.3,0.0,phase 0,2.0,0.005,50,False,,False,True,0.03913911615881291,0.03913911615881291,1419,50,8531,50,0.005,0.03913911615881291,147
seasonal_near_threshold_alpha,57,10000,5,8.0,1500,8495,0.3,0.0,phase 0,2.0,0.005,50,False,,False,True,0.05294570602034274,0.05294570602034274,1412,50,8538,50,0.005,0.05294570602034274,155
seasonal_near_threshold_alpha,58,10000,5,8.0,1500,8495,0.3,0.0,phase 0,2.0,0.005,50,False,,False,True,0.09288318079566166,0.09288318079566166,1352,50,8598,50,0.005,0.09288318079566166,272
seasonal_near_threshold_alpha,59,10000,5,8.0,1500,8495,0.3,0.0,phase 0,2.0,0.005,50,False,,False,True,0.09853706045440234,0.09853706045440234,1371,50,8579,50,0.005,0.09853706045440234,234
seasonal_near_threshold_alpha,60,10000,5,8.0,1500,8495,0.3,0.0,phase 0,2.0,0.005,50,False,,False,True,0.1576864625133837,0.1576864625133837,1327,50,8623,50,0.005,0.1576864625133837,349
seasonal_near_threshold_alpha,61,10000,5,8.0,1500,8495,0.3,0.0,phase 0,2.0,0.005,50,True,0.05914175606585801,True,False,,0.05914175606585801,1495,0,8505,6,0.0006,0.01761993538627688,39
seasonal_near_threshold_alpha,62,10000,5,8.0,1500,8495,0.3,0.0,phase 0,2.0,0.005,50,False,,False,True,0.10583204163436687,0.10583204163436687,1347,50,8603,50,0.005,0.10583204163436687,300
seasonal_near_threshold_alpha,63,10000,5,8.0,1500,8495,0.3,0.0,phase 0,2.0,0.005,50,False,,False,True,0.04725010046959758,0.04725010046959758,1402,50,8548,50,0.005,0.04725010046959758,166
seasonal_near_threshold_alpha,64,10000,5,8.0,1500,8495,0.3,0.0,phase 0,2.0,0.005,50,True,0.07853609397513643,True,False,,0.07853609397513643,1491,0,8509,9,0.0009,0.03574653995065599,53
seasonal_near_threshold_alpha,65,10000,5,8.0,1500,8495,0.3,0.0,phase 0,2.0,0.005,50,False,,False,True,0.1355042055641282,0.1355042055641282,1318,50,8632,50,0.005,0.1355042055641282,373
seasonal_near_threshold_alpha,66,10000,5,8.0,1500,8495,0.3,0.0,phase 0,2.0,0.005,50,False,,False,True,0.06684151220951591,0.06684151220951591,1385,50,8565,50,0.005,0.06684151220951591,212
seasonal_near_threshold_alpha,67,10000,5,8.0,1500,8495,0.3,0.0,phase 0,2.0,0.005,50,False,,False,True,0.13186861138225026,0.13186861138225026,1392,50,8558,50,0.005,0.13186861138225026,240
seasonal_near_threshold_alpha,68,10000,5,8.0,1500,8495,0.3,0.0,phase 0,2.0,0.005,50,True,0.043234850936305275,True,False,,0.043234850936305275,1501,0,8499,6,0.0006,0.003385116485326347,18
seasonal_near_threshold_alpha,69,10000,5,8.0,1500,8495,0.3,0.0,phase 0,2.0,0.005,50,False,,False,True,0.08463351574254162,0.08463351574254162,1371,50,8579,50,0.005,0.08463351574254162,246
seasonal_near_threshold_alpha,70,10000,5,8.0,1500,8495,0.3,0.0,phase 0,2.0,0.005,50,False,,False,True,0.12423908234464782,0.12423908234464782,1353,50,8597,50,0.005,0.12423908234464782,315
seasonal_near_threshold_alpha,71,10000,5,8.0,1500,8495,0.3,0.0,phase 0,2.0,0.005,50,False,,False,True,0.14115411276359902,0.14115411276359902,1289,50,8661,50,0.005,0.14115411276359902,434
seasonal_near_threshold_alpha,72,10000,5,8.0,1500,8495,0.3,0.0,phase 0,2.0,0.005,50,False,,False,True,0.15517651763420903,0.15517651763420903,1386,50,8564,50,0.005,0.15517651763420903,246
seasonal_near_threshold_alpha,73,10000,5,8.0,1500,8495,0.3,0.0,phase 0,2.0,0.005,50,False,,False,True,0.05196714186691462,0.05196714186691462,1407,50,8543,50,0.005,0.05196714186691462,156
seasonal_near_threshold_alpha,74,10000,5,8.0,1500,8495,0.3,0.0,phase 0,2.0,0.005,50,True,0.07001630341911268,True,False,,0.07001630341911268,1493,0,8507,7,0.0007,0.03132364906344624,37
seasonal_near_threshold_alpha,75,10000,5,8.0,1500,8495,0.3,0.0,phase 0,2.0,0.005,50,False,,False,True,0.09099895790312569,0.09099895790312569,1359,50,8591,50,0.005,0.09099895790312569,264
seasonal_near_threshold_alpha,76,10000,5,8.0,1500,8495,0.3,0.0,phase 0,2.0,0.005,50,False,,False,True,0.12413105181960155,0.12413105181960155,1275,50,8675,50,0.005,0.12413105181960155,465
seasonal_near_threshold_alpha,77,10000,5,8.0,1500,8495,0.3,0.0,phase 0,2.0,0.005,50,False,,False,True,0.079369071296301,0.079369071296301,1384,50,8566,50,0.005,0.079369071296301,205
seasonal_near_threshold_alpha,78,10000,5,8.0,1500,8495,0.3,0.0,phase 0,2.0,0.005,50,False,,False,True,0.09357640240735542,0.09357640240735542,1408,50,8542,50,0.005,0.09357640240735542,181
seasonal_near_threshold_alpha,79,10000,5,8.0,1500,8495,0.3,0.0,phase 0,2.0,0.005,50,False,,False,True,0.10194096113281137,0.10194096113281137,1380,50,8570,50,0.005,0.10194096113281137,249
seasonal_near_threshold_alpha,80,10000,5,8.0,1500,8495,0.3,0.0,phase 0,2.0,0.005,50,False,,False,True,0.12061715178169277,0.12061715178169277,1362,50,8588,50,0.005,0.12061715178169277,264
seasonal_near_threshold_alpha,81,10000,5,8.0,1500,8495,0.3,0.0,phase 0,2.0,0.005,50,False,,False,True,0.12013242119828603,0.12013242119828603,1313,50,8637,50,0.005,0.12013242119828603,374
seasonal_near_threshold_alpha,82,10000,5,8.0,1500,8495,0.3,0.0,phase 0,2.0,0.005,50,False,,False,True,0.11083394351788568,0.11083394351788568,1358,50,8592,50,0.005,0.11083394351788568,281
seasonal_near_threshold_alpha,83,10000,5,8.0,1500,8495,0.3,0.0,phase 0,2.0,0.005,50,False,,False,True,0.0700449800489648,0.0700449800489648,1376,50,8574,50,0.005,0.0700449800489648,230
seasonal_near_threshold_alpha,84,10000,5,8.0,1500,8495,0.3,0.0,phase 0,2.0,0.005,50,False,,False,True,0.053460298488685894,0.053460298488685894,1378,50,8572,50,0.005,0.053460298488685894,208
seasonal_near_threshold_alpha,85,10000,5,8.0,1500,8495,0.3,0.0,phase 0,2.0,0.005,50,False,,False,True,0.09734874150157474,0.09734874150157474,1379,50,8571,50,0.005,0.09734874150157474,224
seasonal_near_threshold_alpha,86,10000,5,8.0,1500,8495,0.3,0.0,phase 0,2.0,0.005,50,False,,False,True,0.12573247826822637,0.12573247826822637,1382,50,8568,50,0.005,0.12573247826822637,245
seasonal_near_threshold_alpha,87,10000,5,8.0,1500,8495,0.3,0.0,phase 0,2.0,0.005,50,False,,False,True,0.08823601727523395,0.08823601727523395,1384,50,8566,50,0.005,0.08823601727523395,220
seasonal_near_threshold_alpha,88,10000,5,8.0,1500,8495,0.3,0.0,phase 0,2.0,0.005,50,False,,False,True,0.08340107373743604,0.08340107373743604,1396,50,8554,50,0.005,0.08340107373743604,199
seasonal_near_threshold_alpha,89,10000,5,8.0,1500,8495,0.3,0.0,phase 0,2.0,0.005,50,False,,False,True,0.0784239788666508,0.0784239788666508,1369,50,8581,50,0.005,0.0784239788666508,241
seasonal_near_threshold_alpha,90,10000,5,8.0,1500,8495,0.3,0.0,phase 0,2.0,0.005,50,False,,False,True,0.1598535935320543,0.1598535935320543,1374,50,8576,50,0.005,0.1598535935320543,234
seasonal_near_threshold_alpha,91,10000,5,8.0,1500,8495,0.3,0.0,phase 0,2.0,0.005,50,True,0.020366509660711626,True,False,,0.020366509660711626,1493,0,8507,8,0.0008,0.0071929087805935165,19
seasonal_near_threshold_alpha,92,10000,5,8.0,1500,8495,0.3,0.0,phase 0,2.0,0.005,50,False,,False,True,0.120396166281069,0.120396166281069,1392,50,8558,50,0.005,0.120396166281069,207
seasonal_near_threshold_alpha,93,10000,5,8.0,1500,8495,0.3,0.0,phase 0,2.0,0.005,50,False,,False,True,0.07244572094012008,0.07244572094012008,1406,50,8544,50,0.005,0.07244572094012008,188
seasonal_near_threshold_alpha,94,10000,5,8.0,1500,8495,0.3,0.0,phase 0,2.0,0.005,50,False,,False,True,0.11588358518917656,0.11588358518917656,1399,50,8551,50,0.005,0.11588358518917656,217
seasonal_near_threshold_alpha,95,10000,5,8.0,1500,8495,0.3,0.0,phase 0,2.0,0.005,50,False,,False,True,0.0734347021205157,0.0734347021205157,1395,50,8555,50,0.005,0.0734347021205157,198
seasonal_near_threshold_alpha,96,10000,5,8.0,1500,8495,0.3,0.0,phase 0,2.0,0.005,50,False,,False,True,0.0575864296222903,0.0575864296222903,1412,50,8538,50,0.005,0.0575864296222903,158
seasonal_near_threshold_alpha,97,10000,5,8.0,1500,8495,0.3,0.0,phase 0,2.0,0.005,50,False,,False,True,0.05784586218612141,0.05784586218612141,1421,50,8529,50,0.005,0.05784586218612141,131
seasonal_near_threshold_alpha,98,10000,5,8.0,1500,8495,0.3,0.0,phase 0,2.0,0.005,50,False,,False,True,0.07021476711547647,0.07021476711547647,1380,50,8570,50,0.005,0.07021476711547647,219
seasonal_near_threshold_alpha,99,10000,5,8.0,1500,8495,0.3,0.0,phase 0,2.0,0.005,50,False,,False,True,0.05959923673199267,0.05959923673199267,1419,50,8531,50,0.005,0.05959923673199267,162
seasonal_near_threshold_alpha,100,10000,5,8.0,1500,8495,0.3,0.0,phase 0,2.0,0.005,50,False,,False,True,0.08683829691977388,0.08683829691977388,1412,50,8538,50,0.005,0.08683829691977388,167
seasonal_near_threshold_alpha,1,10000,5,8.0,1500,8495,0.6,0.0,phase 0,2.0,0.005,50,False,,False,True,0.06689036247328957,0.06689036247328957,1405,50,8545,50,0.005,0.06689036247328957,163
seasonal_near_threshold_alpha,2,10000,5,8.0,1500,8495,0.6,0.0,phase 0,2.0,0.005,50,False,,False,True,0.08090350105801387,0.08090350105801387,1380,50,8570,50,0.005,0.08090350105801387,222
seasonal_near_threshold_alpha,3,10000,5,8.0,1500,8495,0.6,0.0,phase 0,2.0,0.005,50,False,,False,True,0.12545734344856635,0.12545734344856635,1382,50,8568,50,0.005,0.12545734344856635,227
seasonal_near_threshold_alpha,4,10000,5,8.0,1500,8495,0.6,0.0,phase 0,2.0,0.005,50,False,,False,True,0.05765153023063972,0.05765153023063972,1416,50,8534,50,0.005,0.05765153023063972,129
seasonal_near_threshold_alpha,5,10000,5,8.0,1500,8495,0.6,0.0,phase 0,2.0,0.005,50,False,,False,True,0.04668478800164938,0.04668478800164938,1407,50,8543,50,0.005,0.04668478800164938,159
seasonal_near_threshold_alpha,6,10000,5,8.0,1500,8495,0.6,0.0,phase 0,2.0,0.005,50,False,,False,True,0.10510315277869658,0.10510315277869658,1404,50,8546,50,0.005,0.10510315277869658,195
seasonal_near_threshold_alpha,7,10000,5,8.0,1500,8495,0.6,0.0,phase 0,2.0,0.005,50,False,,False,True,0.03230620541183625,0.03230620541183625,1430,50,8520,50,0.005,0.03230620541183625,101
seasonal_near_threshold_alpha,8,10000,5,8.0,1500,8495,0.6,0.0,phase 0,2.0,0.005,50,False,,False,True,0.08098826732502942,0.08098826732502942,1389,50,8561,50,0.005,0.08098826732502942,213
seasonal_near_threshold_alpha,9,10000,5,8.0,1500,8495,0.6,0.0,phase 0,2.0,0.005,50,False,,False,True,0.047699379283114775,0.047699379283114775,1430,50,8520,50,0.005,0.047699379283114775,107
seasonal_near_threshold_alpha,10,10000,5,8.0,1500,8495,0.6,0.0,phase 0,2.0,0.005,50,True,0.05084909262824462,True,False,,0.05084909262824462,1499,0,8501,6,0.0006,0.00021593995572684145,25
seasonal_near_threshold_alpha,11,10000,5,8.0,1500,8495,0.6,0.0,phase 0,2.0,0.005,50,False,,False,True,0.06778647278287978,0.06778647278287978,1408,50,8542,50,0.005,0.06778647278287978,163
seasonal_near_threshold_alpha,12,10000,5,8.0,1500,8495,0.6,0.0,phase 0,2.0,0.005,50,False,,False,True,0.08791126970454058,0.08791126970454058,1417,50,8533,50,0.005,0.08791126970454058,160
seasonal_near_threshold_alpha,13,10000,5,8.0,1500,8495,0.6,0.0,phase 0,2.0,0.005,50,False,,False,True,0.04725499232507035,0.04725499232507035,1432,50,8518,50,0.005,0.04725499232507035,108
seasonal_near_threshold_alpha,14,10000,5,8.0,1500,8495,0.6,0.0,phase 0,2.0,0.005,50,False,,False,True,0.1183613716523032,0.1183613716523032,1408,50,8542,50,0.005,0.1183613716523032,178
seasonal_near_threshold_alpha,15,10000,5,8.0,1500,8495,0.6,0.0,phase 0,2.0,0.005,50,False,,False,True,0.04169916613794299,0.04169916613794299,1408,50,8542,50,0.005,0.04169916613794299,160
seasonal_near_threshold_alpha,16,10000,5,8.0,1500,8495,0.6,0.0,phase 0,2.0,0.005,50,False,,False,True,0.048917890632362744,0.048917890632362744,1417,50,8533,50,0.005,0.048917890632362744,136
seasonal_near_threshold_alpha,17,10000,5,8.0,1500,8495,0.6,0.0,phase 0,2.0,0.005,50,False,,False,True,0.04347142527413319,0.04347142527413319,1435,50,8515,50,0.005,0.04347142527413319,100
seasonal_near_threshold_alpha,18,10000,5,8.0,1500,8495,0.6,0.0,phase 0,2.0,0.005,50,False,,False,True,0.03252282977874782,0.03252282977874782,1411,50,8539,50,0.005,0.03252282977874782,139
seasonal_near_threshold_alpha,19,10000,5,8.0,1500,8495,0.6,0.0,phase 0,2.0,0.005,50,False,,False,True,0.052086743818578016,0.052086743818578016,1404,50,8546,50,0.005,0.052086743818578016,162
seasonal_near_threshold_alpha,20,10000,5,8.0,1500,8495,0.6,0.0,phase 0,2.0,0.005,50,False,,False,True,0.0669700945046053,0.0669700945046053,1417,50,8533,50,0.005,0.0669700945046053,130
seasonal_near_threshold_alpha,21,10000,5,8.0,1500,8495,0.6,0.0,phase 0,2.0,0.005,50,False,,False,True,0.04064977357107217,0.04064977357107217,1408,50,8542,50,0.005,0.04064977357107217,163
seasonal_near_threshold_alpha,22,10000,5,8.0,1500,8495,0.6,0.0,phase 0,2.0,0.005,50,False,,False,True,0.06768388888425848,0.06768388888425848,1383,50,8567,50,0.005,0.06768388888425848,225
seasonal_near_threshold_alpha,23,10000,5,8.0,1500,8495,0.6,0.0,phase 0,2.0,0.005,50,False,,False,True,0.05512719975632707,0.05512719975632707,1411,50,8539,50,0.005,0.05512719975632707,151
seasonal_near_threshold_alpha,24,10000,5,8.0,1500,8495,0.6,0.0,phase 0,2.0,0.005,50,False,,False,True,0.037742631825024055,0.037742631825024055,1426,50,8524,50,0.005,0.037742631825024055,118
seasonal_near_threshold_alpha,25,10000,5,8.0,1500,8495,0.6,0.0,phase 0,2.0,0.005,50,False,,False,True,0.053327560344547505,0.053327560344547505,1405,50,8545,50,0.005,0.053327560344547505,160
seasonal_near_threshold_alpha,26,10000,5,8.0,1500,8495,0.6,0.0,phase 0,2.0,0.005,50,False,,False,True,0.07507305107786696,0.07507305107786696,1428,50,8522,50,0.005,0.07507305107786696,141
seasonal_near_threshold_alpha,27,10000,5,8.0,1500,8495,0.6,0.0,phase 0,2.0,0.005,50,False,,False,True,0.04701809302601896,0.04701809302601896,1414,50,8536,50,0.005,0.04701809302601896,148
seasonal_near_threshold_alpha,28,10000,5,8.0,1500,8495,0.6,0.0,phase 0,2.0,0.005,50,False,,False,True,0.0633377602245543,0.0633377602245543,1415,50,8535,50,0.005,0.0633377602245543,152
seasonal_near_threshold_alpha,29,10000,5,8.0,1500,8495,0.6,0.0,phase 0,2.0,0.005,50,False,,False,True,0.040876362904276875,0.040876362904276875,1420,50,8530,50,0.005,0.040876362904276875,136
seasonal_near_threshold_alpha,30,10000,5,8.0,1500,8495,0.6,0.0,phase 0,2.0,0.005,50,False,,False,True,0.03759719955309477,0.03759719955309477,1408,50,8542,50,0.005,0.03759719955309477,145
seasonal_near_threshold_alpha,31,10000,5,8.0,1500,8495,0.6,0.0,phase 0,2.0,0.005,50,False,,False,True,0.0649518689873057,0.0649518689873057,1380,50,8570,50,0.005,0.0649518689873057,207
seasonal_near_threshold_alpha,32,10000,5,8.0,1500,8495,0.6,0.0,phase 0,2.0,0.005,50,False,,False,True,0.044552313951371394,0.044552313951371394,1427,50,8523,50,0.005,0.044552313951371394,113
seasonal_near_threshold_alpha,33,10000,5,8.0,1500,8495,0.6,0.0,phase 0,2.0,0.005,50,False,,False,True,0.07316383685433966,0.07316383685433966,1399,50,8551,50,0.005,0.07316383685433966,184
seasonal_near_threshold_alpha,34,10000,5,8.0,1500,8495,0.6,0.0,phase 0,2.0,0.005,50,False,,False,True,0.08587064072101501,0.08587064072101501,1382,50,8568,50,0.005,0.08587064072101501,218
seasonal_near_threshold_alpha,35,10000,5,8.0,1500,8495,0.6,0.0,phase 0,2.0,0.005,50,True,0.042633870657805314,True,False,,0.042633870657805314,1501,0,8499,5,0.0005,0.0,15
seasonal_near_threshold_alpha,36,10000,5,8.0,1500,8495,0.6,0.0,phase 0,2.0,0.005,50,False,,False,True,0.0494611219062627,0.0494611219062627,1419,50,8531,50,0.005,0.0494611219062627,138
seasonal_near_threshold_alpha,37,10000,5,8.0,1500,8495,0.6,0.0,phase 0,2.0,0.005,50,False,,False,True,0.04108399877019191,0.04108399877019191,1418,50,8532,50,0.005,0.04108399877019191,137
seasonal_near_threshold_alpha,38,10000,5,8.0,1500,8495,0.6,0.0,phase 0,2.0,0.005,50,False,,False,True,0.06654911261616053,0.06654911261616053,1410,50,8540,50,0.005,0.06654911261616053,150
seasonal_near_threshold_alpha,39,10000,5,8.0,1500,8495,0.6,0.0,phase 0,2.0,0.005,50,False,,False,True,0.04787910098214832,0.04787910098214832,1410,50,8540,50,0.005,0.04787910098214832,141
seasonal_near_threshold_alpha,40,10000,5,8.0,1500,8495,0.6,0.0,phase 0,2.0,0.005,50,False,,False,True,0.07507725909581364,0.07507725909581364,1390,50,8560,50,0.005,0.07507725909581364,217
seasonal_near_threshold_alpha,41,10000,5,8.0,1500,8495,0.6,0.0,phase 0,2.0,0.005,50,False,,False,True,0.059135108861088095,0.059135108861088095,1383,50,8567,50,0.005,0.059135108861088095,213
seasonal_near_threshold_alpha,42,10000,5,8.0,1500,8495,0.6,0.0,phase 0,2.0,0.005,50,False,,False,True,0.059349840062326235,0.059349840062326235,1414,50,8536,50,0.005,0.059349840062326235,166
seasonal_near_threshold_alpha,43,10000,5,8.0,1500,8495,0.6,0.0,phase 0,2.0,0.005,50,False,,False,True,0.035204986670330535,0.035204986670330535,1411,50,8539,50,0.005,0.035204986670330535,145
seasonal_near_threshold_alpha,44,10000,5,8.0,1500,8495,0.6,0.0,phase 0,2.0,0.005,50,False,,False,True,0.02854585562674955,0.02854585562674955,1428,50,8522,50,0.005,0.02854585562674955,102
seasonal_near_threshold_alpha,45,10000,5,8.0,1500,8495,0.6,0.0,phase 0,2.0,0.005,50,False,,False,True,0.029344762102706205,0.029344762102706205,1428,50,8522,50,0.005,0.029344762102706205,114
seasonal_near_threshold_alpha,46,10000,5,8.0,1500,8495,0.6,0.0,phase 0,2.0,0.005,50,False,,False,True,0.07501952002293448,0.07501952002293448,1367,50,8583,50,0.005,0.07501952002293448,251
seasonal_near_threshold_alpha,47,10000,5,8.0,1500,8495,0.6,0.0,phase 0,2.0,0.005,50,False,,False,True,0.04008888910727554,0.04008888910727554,1423,50,8527,50,0.005,0.04008888910727554,127
seasonal_near_threshold_alpha,48,10000,5,8.0,1500,8495,0.6,0.0,phase 0,2.0,0.005,50,False,,False,True,0.05800435515613548,0.05800435515613548,1361,50,8589,50,0.005,0.05800435515613548,248
seasonal_near_threshold_alpha,49,10000,5,8.0,1500,8495,0.6,0.0,phase 0,2.0,0.005,50,False,,False,True,0.05867135789419634,0.05867135789419634,1415,50,8535,50,0.005,0.05867135789419634,152
seasonal_near_threshold_alpha,50,10000,5,8.0,1500,8495,0.6,0.0,phase 0,2.0,0.005,50,False,,False,True,0.05632010951057323,0.05632010951057323,1408,50,8542,50,0.005,0.05632010951057323,157
seasonal_near_threshold_alpha,51,10000,5,8.0,1500,8495,0.6,0.0,phase 0,2.0,0.005,50,False,,False,True,0.04740748884787948,0.04740748884787948,1421,50,8529,50,0.005,0.04740748884787948,119
seasonal_near_threshold_alpha,52,10000,5,8.0,1500,8495,0.6,0.0,phase 0,2.0,0.005,50,False,,False,True,0.03688142749847216,0.03688142749847216,1416,50,8534,50,0.005,0.03688142749847216,135
seasonal_near_threshold_alpha,53,10000,5,8.0,1500,8495,0.6,0.0,phase 0,2.0,0.005,50,False,,False,True,0.03466120097866207,0.03466120097866207,1414,50,8536,50,0.005,0.03466120097866207,151
seasonal_near_threshold_alpha,54,10000,5,8.0,1500,8495,0.6,0.0,phase 0,2.0,0.005,50,False,,False,True,0.043686738273227596,0.043686738273227596,1414,50,8536,50,0.005,0.043686738273227596,148
seasonal_near_threshold_alpha,55,10000,5,8.0,1500,8495,0.6,0.0,phase 0,2.0,0.005,50,False,,False,True,0.059110238157227414,0.059110238157227414,1411,50,8539,50,0.005,0.059110238157227414,160
seasonal_near_threshold_alpha,56,10000,5,8.0,1500,8495,0.6,0.0,phase 0,2.0,0.005,50,False,,False,True,0.04428541436392634,0.04428541436392634,1411,50,8539,50,0.005,0.04428541436392634,145
seasonal_near_threshold_alpha,57,10000,5,8.0,1500,8495,0.6,0.0,phase 0,2.0,0.005,50,False,,False,True,0.056496394489036275,0.056496394489036275,1420,50,8530,50,0.005,0.056496394489036275,124
seasonal_near_threshold_alpha,58,10000,5,8.0,1500,8495,0.6,0.0,phase 0,2.0,0.005,50,False,,False,True,0.042115070523536496,0.042115070523536496,1425,50,8525,50,0.005,0.042115070523536496,114
seasonal_near_threshold_alpha,59,10000,5,8.0,1500,8495,0.6,0.0,phase 0,2.0,0.005,50,False,,False,True,0.03124409037684159,0.03124409037684159,1449,50,8501,50,0.005,0.03124409037684159,72
seasonal_near_threshold_alpha,60,10000,5,8.0,1500,8495,0.6,0.0,phase 0,2.0,0.005,50,False,,False,True,0.03073291412271722,0.03073291412271722,1424,50,8526,50,0.005,0.03073291412271722,119
seasonal_near_threshold_alpha,61,10000,5,8.0,1500,8495,0.6,0.0,phase 0,2.0,0.005,50,True,0.025079236912736128,True,False,,0.025079236912736128,1498,0,8502,5,0.0005,0.0,12
seasonal_near_threshold_alpha,62,10000,5,8.0,1500,8495,0.6,0.0,phase 0,2.0,0.005,50,False,,False,True,0.17858263310514527,0.17858263310514527,1343,50,8607,50,0.005,0.17858263310514527,320
seasonal_near_threshold_alpha,63,10000,5,8.0,1500,8495,0.6,0.0,phase 0,2.0,0.005,50,False,,False,True,0.06434348494194467,0.06434348494194467,1412,50,8538,50,0.005,0.06434348494194467,158
seasonal_near_threshold_alpha,64,10000,5,8.0,1500,8495,0.6,0.0,phase 0,2.0,0.005,50,False,,False,True,0.03496666589721653,0.03496666589721653,1413,50,8537,50,0.005,0.03496666589721653,144
seasonal_near_threshold_alpha,65,10000,5,8.0,1500,8495,0.6,0.0,phase 0,2.0,0.005,50,False,,False,True,0.06554524717425603,0.06554524717425603,1425,50,8525,50,0.005,0.06554524717425603,114
seasonal_near_threshold_alpha,66,10000,5,8.0,1500,8495,0.6,0.0,phase 0,2.0,0.005,50,False,,False,True,0.04507554624159833,0.04507554624159833,1431,50,8519,50,0.005,0.04507554624159833,105
seasonal_near_threshold_alpha,67,10000,5,8.0,1500,8495,0.6,0.0,phase 0,2.0,0.005,50,False,,False,True,0.042309894486660116,0.042309894486660116,1417,50,8533,50,0.005,0.042309894486660116,127
seasonal_near_threshold_alpha,68,10000,5,8.0,1500,8495,0.6,0.0,phase 0,2.0,0.005,50,False,,False,True,0.048134464570426985,0.048134464570426985,1431,50,8519,50,0.005,0.048134464570426985,111
seasonal_near_threshold_alpha,69,10000,5,8.0,1500,8495,0.6,0.0,phase 0,2.0,0.005,50,False,,False,True,0.04140594899614537,0.04140594899614537,1420,50,8530,50,0.005,0.04140594899614537,124
seasonal_near_threshold_alpha,70,10000,5,8.0,1500,8495,0.6,0.0,phase 0,2.0,0.005,50,False,,False,True,0.05399761585999256,0.05399761585999256,1419,50,8531,50,0.005,0.05399761585999256,126
seasonal_near_threshold_alpha,71,10000,5,8.0,1500,8495,0.6,0.0,phase 0,2.0,0.005,50,False,,False,True,0.05942899389498202,0.05942899389498202,1424,50,8526,50,0.005,0.05942899389498202,128
seasonal_near_threshold_alpha,72,10000,5,8.0,1500,8495,0.6,0.0,phase 0,2.0,0.005,50,False,,False,True,0.054690774711080685,0.054690774711080685,1406,50,8544,50,0.005,0.054690774711080685,161
seasonal_near_threshold_alpha,73,10000,5,8.0,1500,8495,0.6,0.0,phase 0,2.0,0.005,50,True,0.04246627783363572,True,False,,0.04246627783363572,1495,0,8505,8,0.0008,0.006486606658792843,30
seasonal_near_threshold_alpha,74,10000,5,8.0,1500,8495,0.6,0.0,phase 0,2.0,0.005,50,False,,False,True,0.0541908800793451,0.0541908800793451,1405,50,8545,50,0.005,0.0541908800793451,151
seasonal_near_threshold_alpha,75,10000,5,8.0,1500,8495,0.6,0.0,phase 0,2.0,0.005,50,False,,False,True,0.06411669104353142,0.06411669104353142,1384,50,8566,50,0.005,0.06411669104353142,202
seasonal_near_threshold_alpha,76,10000,5,8.0,1500,8495,0.6,0.0,phase 0,2.0,0.005,50,False,,False,True,0.0494010051710899,0.0494010051710899,1418,50,8532,50,0.005,0.0494010051710899,137
seasonal_near_threshold_alpha,77,10000,5,8.0,1500,8495,0.6,0.0,phase 0,2.0,0.005,50,False,,False,True,0.03931534034349371,0.03931534034349371,1418,50,8532,50,0.005,0.03931534034349371,131
seasonal_near_threshold_alpha,78,10000,5,8.0,1500,8495,0.6,0.0,phase 0,2.0,0.005,50,True,0.04942441698053631,True,False,,0.04942441698053631,1502,0,8498,6,0.0006,0.0003039240957005955,13
seasonal_near_threshold_alpha,79,10000,5,8.0,1500,8495,0.6,0.0,phase 0,2.0,0.005,50,False,,False,True,0.04219247206705645,0.04219247206705645,1404,50,8546,50,0.005,0.04219247206705645,162
seasonal_near_threshold_alpha,80,10000,5,8.0,1500,8495,0.6,0.0,phase 0,2.0,0.005,50,False,,False,True,0.04280778264501744,0.04280778264501744,1387,50,8563,50,0.005,0.04280778264501744,193
seasonal_near_threshold_alpha,81,10000,5,8.0,1500,8495,0.6,0.0,phase 0,2.0,0.005,50,False,,False,True,0.16712105264773744,0.16712105264773744,1398,50,8552,50,0.005,0.16712105264773744,219
seasonal_near_threshold_alpha,82,10000,5,8.0,1500,8495,0.6,0.0,phase 0,2.0,0.005,50,False,,False,True,0.055471055383268054,0.055471055383268054,1417,50,8533,50,0.005,0.055471055383268054,151
seasonal_near_threshold_alpha,83,10000,5,8.0,1500,8495,0.6,0.0,phase 0,2.0,0.005,50,False,,False,True,0.06519108303395782,0.06519108303395782,1406,50,8544,50,0.005,0.06519108303395782,182
seasonal_near_threshold_alpha,84,10000,5,8.0,1500,8495,0.6,0.0,phase 0,2.0,0.005,50,False,,False,True,0.04259089759056992,0.04259089759056992,1425,50,8525,50,0.005,0.04259089759056992,117
seasonal_near_threshold_alpha,85,10000,5,8.0,1500,8495,0.6,0.0,phase 0,2.0,0.005,50,False,,False,True,0.04131720573276112,0.04131720573276112,1399,50,8551,50,0.005,0.04131720573276112,184
seasonal_near_threshold_alpha,86,10000,5,8.0,1500,8495,0.6,0.0,phase 0,2.0,0.005,50,False,,False,True,0.043593342106496465,0.043593342106496465,1414,50,8536,50,0.005,0.043593342106496465,139
seasonal_near_threshold_alpha,87,10000,5,8.0,1500,8495,0.6,0.0,phase 0,2.0,0.005,50,False,,False,True,0.025940205801395746,0.025940205801395746,1444,50,8506,50,0.005,0.025940205801395746,85
seasonal_near_threshold_alpha,88,10000,5,8.0,1500,8495,0.6,0.0,phase 0,2.0,0.005,50,False,,False,True,0.04982035850949839,0.04982035850949839,1437,50,8513,50,0.005,0.04982035850949839,117
seasonal_near_threshold_alpha,89,10000,5,8.0,1500,8495,0.6,0.0,phase 0,2.0,0.005,50,False,,False,True,0.042762119697837234,0.042762119697837234,1421,50,8529,50,0.005,0.042762119697837234,125
seasonal_near_threshold_alpha,90,10000,5,8.0,1500,8495,0.6,0.0,phase 0,2.0,0.005,50,False,,False,True,0.03120917956015276,0.03120917956015276,1426,50,8524,50,0.005,0.03120917956015276,115
seasonal_near_threshold_alpha,91,10000,5,8.0,1500,8495,0.6,0.0,phase 0,2.0,0.005,50,False,,False,True,0.03688691060000154,0.03688691060000154,1418,50,8532,50,0.005,0.03688691060000154,122
seasonal_near_threshold_alpha,92,10000,5,8.0,1500,8495,0.6,0.0,phase 0,2.0,0.005,50,False,,False,True,0.05419936424359714,0.05419936424359714,1424,50,8526,50,0.005,0.05419936424359714,128
seasonal_near_threshold_alpha,93,10000,5,8.0,1500,8495,0.6,0.0,phase 0,2.0,0.005,50,False,,False,True,0.06594964611978506,0.06594964611978506,1410,50,8540,50,0.005,0.06594964611978506,156
seasonal_near_threshold_alpha,94,10000,5,8.0,1500,8495,0.6,0.0,phase 0,2.0,0.005,50,False,,False,True,0.047933982102852754,0.047933982102852754,1413,50,8537,50,0.005,0.047933982102852754,150
seasonal_near_threshold_alpha,95,10000,5,8.0,1500,8495,0.6,0.0,phase 0,2.0,0.005,50,False,,False,True,0.05834999444691856,0.05834999444691856,1427,50,8523,50,0.005,0.05834999444691856,131
seasonal_near_threshold_alpha,96,10000,5,8.0,1500,8495,0.6,0.0,phase 0,2.0,0.005,50,False,,False,True,0.03971778786253825,0.03971778786253825,1417,50,8533,50,0.005,0.03971778786253825,133
seasonal_near_threshold_alpha,97,10000,5,8.0,1500,8495,0.6,0.0,phase 0,2.0,0.005,50,False,,False,True,0.05541567940629019,0.05541567940629019,1423,50,8527,50,0.005,0.05541567940629019,127
seasonal_near_threshold_alpha,98,10000,5,8.0,1500,8495,0.6,0.0,phase 0,2.0,0.005,50,False,,False,True,0.12648343447846488,0.12648343447846488,1391,50,8559,50,0.005,0.12648343447846488,230
seasonal_near_threshold_alpha,99,10000,5,8.0,1500,8495,0.6,0.0,phase 0,2.0,0.005,50,False,,False,True,0.05781282312360491,0.05781282312360491,1416,50,8534,50,0.005,0.05781282312360491,165
seasonal_near_threshold_alpha,100,10000,5,8.0,1500,8495,0.6,0.0,phase 0,2.0,0.005,50,False,,False,True,0.06839600100061939,0.06839600100061939,1414,50,8536,50,0.005,0.06839600100061939,153
