experiment,shape,closed,method,parameterization,n_points,noise_sigma,trial,avg_point_to_curve,chamfer,hausdorff,smoothness,runtime_sec
noise_robustness,s_curve,False,cubic_spline,chord,40,0.0,0,9.520614904459897e-06,0.003283348171777143,0.00719748107598468,9.544635177289618e-05,0.0006513000007544179
noise_robustness,s_curve,False,bspline_interp,chord,40,0.0,0,9.52123776101196e-06,0.0032833840364148202,0.00719748107598485,9.544148791342655e-05,0.0003166999995301012
noise_robustness,s_curve,False,poly_ls,chord,40,0.0,0,0.02867263942793511,0.06041233516391735,0.0878822634652745,0.0001586263087533367,0.0002865999995265156
noise_robustness,s_curve,False,bspline_ls,chord,40,0.0,0,0.01865165634040054,0.03865995390526751,0.06443461349162827,0.00011620296602707386,0.00016320000213454477
noise_robustness,s_curve,False,cubic_spline,chord,40,0.01,0,0.00011331599781539046,0.020124390103819625,0.0395010481699079,0.0005386955460199889,0.0007439999972120859
noise_robustness,s_curve,False,bspline_interp,chord,40,0.01,0,0.00011254692955297847,0.02047963996956866,0.039501048169488295,0.0005449140761913203,0.0003499000013107434
noise_robustness,s_curve,False,poly_ls,chord,40,0.01,0,0.026364480953388558,0.05962904862049892,0.08915872762392188,0.0001566334881116606,0.000329400001646718
noise_robustness,s_curve,False,bspline_ls,chord,40,0.01,0,0.017688468622205203,0.03919522050389562,0.06870819945997046,0.00011584925757917536,0.00014169999849400483
noise_robustness,s_curve,False,cubic_spline,chord,40,0.02,0,0.0001247118811021298,0.03126950276929061,0.06096177565096056,0.0008088903151381706,0.0006671000010101125
noise_robustness,s_curve,False,bspline_interp,chord,40,0.02,0,0.0001234724219189038,0.03196114608262483,0.0609617756478836,0.0008216311737575952,0.00033689999690977857
noise_robustness,s_curve,False,poly_ls,chord,40,0.02,0,0.023373987447133513,0.054249397563512526,0.08352229786381399,0.00015346240950844713,0.0002863000008801464
noise_robustness,s_curve,False,bspline_ls,chord,40,0.02,0,0.01781416843384264,0.03729245518883994,0.06724744377345698,0.00011938016107622381,0.0001754000004439149
noise_robustness,s_curve,False,cubic_spline,chord,40,0.04,0,0.00014367361115737187,0.05681000518458022,0.1001729868631545,0.0012711844488498814,0.0007937000009405892
noise_robustness,s_curve,False,bspline_interp,chord,40,0.04,0,0.00014141839174672597,0.058205884583023726,0.10017298685005672,0.001299701907775306,0.00031319999834522605
noise_robustness,s_curve,False,poly_ls,chord,40,0.04,0,0.026635666321701675,0.045982506456302266,0.06972010577398202,0.0001526183103410312,0.0002906000008806586
noise_robustness,s_curve,False,bspline_ls,chord,40,0.04,0,0.019925741031018775,0.04661239962261979,0.06213669707745543,0.000174558746500517,0.0002119999990100041
noise_robustness,s_curve,False,cubic_spline,chord,40,0.06,0,0.00019177170015465583,0.07636204267404251,0.1352695965531557,0.001719762136863424,0.0006590000011783559
noise_robustness,s_curve,False,bspline_interp,chord,40,0.06,0,0.00018487122443508808,0.07828314436348102,0.13526959653154344,0.0017669597515193537,0.0003670999976748135
noise_robustness,s_curve,False,poly_ls,chord,40,0.06,0,0.03547633902756643,0.04639455522159289,0.08521109906217424,0.000156134830819161,0.00032609999834676273
noise_robustness,s_curve,False,bspline_ls,chord,40,0.06,0,0.022877419617565738,0.07264112805566939,0.13379296050907052,0.0006547402864768183,0.00022139999782666564
noise_robustness,s_curve,False,cubic_spline,chord,40,0.0,1,1.0441768456161294e-05,0.0084368436869506,0.026603565394905476,9.791811449622808e-05,0.0006735999995726161
noise_robustness,s_curve,False,bspline_interp,chord,40,0.0,1,1.0422819597633474e-05,0.008883738478555591,0.028122210889548194,9.887190248781261e-05,0.0003355999979248736
noise_robustness,s_curve,False,poly_ls,chord,40,0.0,1,0.023810727744966946,0.07261312582773552,0.10983998059062618,0.0001478470647784315,0.00030310000147437677
noise_robustness,s_curve,False,bspline_ls,chord,40,0.0,1,0.017151543630152775,0.064101887641003,0.11575631706280523,0.00011517374542424695,0.00016670000331941992
noise_robustness,s_curve,False,cubic_spline,chord,40,0.01,1,0.00015513917609214154,0.04652323672669915,0.10715427827095778,0.0007683175137579422,0.0007112000021152198
noise_robustness,s_curve,False,bspline_interp,chord,40,0.01,1,0.0001548760002825634,0.04791825954462685,0.11153904294259917,0.0007733163773442945,0.0003529999994498212
noise_robustness,s_curve,False,poly_ls,chord,40,0.01,1,0.024195915620827645,0.06690678891838014,0.08595101380394521,0.0001443169361689536,0.0003173000004608184
noise_robustness,s_curve,False,bspline_ls,chord,40,0.01,1,0.017047982396529177,0.058446731236798874,0.10180550694351424,0.00011725380467381197,0.00015500000154133886
noise_robustness,s_curve,False,cubic_spline,chord,40,0.02,1,0.00015487346727268732,0.06410742870839767,0.1449803673818827,0.0010331421496050598,0.0007020000011834782
noise_robustness,s_curve,False,bspline_interp,chord,40,0.02,1,0.00015295010987860332,0.06567316885158633,0.15087768977334465,0.0010437036973187906,0.00033400000029359944
noise_robustness,s_curve,False,poly_ls,chord,40,0.02,1,0.02593315693563932,0.05801654026235947,0.07806888235365897,0.00014434842024204234,0.000307099999190541
noise_robustness,s_curve,False,bspline_ls,chord,40,0.02,1,0.017832848356281607,0.029410372075958632,0.0382392091885833,0.00011056287936485928,0.00015660000281059183
noise_robustness,s_curve,False,cubic_spline,chord,40,0.04,1,0.00016477696420763132,0.0833458292567775,0.13775812307470225,0.0014001617207224112,0.0006442999983846676
noise_robustness,s_curve,False,bspline_interp,chord,40,0.04,1,0.00016327516105326374,0.08420593001215498,0.14451266953260547,0.0014223880977682433,0.00033629999961704016
noise_robustness,s_curve,False,poly_ls,chord,40,0.04,1,0.03493480479221134,0.05704652189001872,0.07418797750733051,0.00015928889403594057,0.000342100000125356
noise_robustness,s_curve,False,bspline_ls,chord,40,0.04,1,0.022121626386999448,0.062476149497526945,0.08954746429815116,0.00038646368884194516,0.00019249999968451448
noise_robustness,s_curve,False,cubic_spline,chord,40,0.06,1,0.0002400222122576786,0.09878886376564644,0.18398659973695305,0.0018212025656387674,0.0008548000005248468
noise_robustness,s_curve,False,bspline_interp,chord,40,0.06,1,0.00023367429489056833,0.09934286683431393,0.1949657078748275,0.0018568709702029387,0.00031940000189933926
noise_robustness,s_curve,False,poly_ls,chord,40,0.06,1,0.0468631897240329,0.07848776450228875,0.12445599690183962,0.00017453012093346945,0.0002891999974963255
noise_robustness,s_curve,False,bspline_ls,chord,40,0.06,1,0.019695200781173393,0.0968012699432586,0.18573578256753254,0.0007963802401086803,0.0002463999990141019
noise_robustness,s_curve,False,cubic_spline,chord,40,0.0,2,1.528279601512292e-05,0.004454494309739187,0.011323588188922762,9.546441756531259e-05,0.0006604000009247102
noise_robustness,s_curve,False,bspline_interp,chord,40,0.0,2,1.5283052877832215e-05,0.0044545059717100485,0.011323588188928589,9.546129911122715e-05,0.00034469999809516594
noise_robustness,s_curve,False,poly_ls,chord,40,0.0,2,0.02462330534669483,0.04738362578749928,0.06730942704796689,0.00017019268261703364,0.00033089999851654284
noise_robustness,s_curve,False,bspline_ls,chord,40,0.0,2,0.016031121209168737,0.031019857675775635,0.055428527601359856,0.00011699260599258507,0.00016619999951217324
noise_robustness,s_curve,False,cubic_spline,chord,40,0.01,2,0.0001077769058900157,0.03453261257219135,0.1101803929219567,0.0006933510527652559,0.0009565000000293367
noise_robustness,s_curve,False,bspline_interp,chord,40,0.01,2,0.00010732107031347544,0.03485575792274677,0.11026046588720477,0.0006998296161244706,0.0003556000010576099
noise_robustness,s_curve,False,poly_ls,chord,40,0.01,2,0.02613034334910861,0.05226331124019187,0.07358834059008083,0.00017211067509930199,0.0003462000022409484
noise_robustness,s_curve,False,bspline_ls,chord,40,0.01,2,0.015037105585469885,0.025335305937061167,0.04573277611514691,0.0001335043022278379,0.00017209999714395963
noise_robustness,s_curve,False,cubic_spline,chord,40,0.02,2,0.00014987147725413607,0.04877408561108977,0.12890310002173658,0.000959449803455458,0.0007977999994182028
noise_robustness,s_curve,False,bspline_interp,chord,40,0.02,2,0.00014636341661813246,0.04978173180798572,0.12908625351321784,0.000980548313861209,0.0006288999975367915
noise_robustness,s_curve,False,poly_ls,chord,40,0.02,2,0.03081913230826675,0.059593608285062896,0.0851435256696203,0.00017321838497103066,0.0003811999995377846
noise_robustness,s_curve,False,bspline_ls,chord,40,0.02,2,0.01629397697716744,0.024877205488515852,0.04277861142105954,0.00012552385669321406,0.000207500001124572
noise_robustness,s_curve,False,cubic_spline,chord,40,0.04,2,0.000162601374647867,0.07470269750961238,0.16820766505303114,0.0014761860198754084,0.0011717999987013172
noise_robustness,s_curve,False,bspline_interp,chord,40,0.04,2,0.00016115133012042896,0.07812472994310322,0.1681676102131725,0.0015557316121741888,0.0009690999977465253
noise_robustness,s_curve,False,poly_ls,chord,40,0.04,2,0.04551320481097101,0.07416636478142957,0.10925969014775323,0.00016802955406697512,0.0008273999992525205
noise_robustness,s_curve,False,bspline_ls,chord,40,0.04,2,0.020649628147240213,0.05233424365311849,0.0982247053043513,0.00048243706181216265,0.0004493000014917925
noise_robustness,s_curve,False,cubic_spline,chord,40,0.06,2,0.00019747298980560255,0.09942782602371178,0.2098724200869426,0.0020015184242640188,0.0008200000011129305
noise_robustness,s_curve,False,bspline_interp,chord,40,0.06,2,0.0001945591194793496,0.1069506593537341,0.33234864566181815,0.002193577050826413,0.0015505000010307413
noise_robustness,s_curve,False,poly_ls,chord,40,0.06,2,0.061220236029810846,0.08658858331361566,0.12867798715326403,0.00015559927239505795,0.0003423000016482547
noise_robustness,s_curve,False,bspline_ls,chord,40,0.06,2,0.021949873790543615,0.07969607666186286,0.17560193778345154,0.0008482525665025841,0.00029379999978118576
noise_robustness,s_curve,False,cubic_spline,chord,40,0.0,3,1.3418880849533566e-05,0.004509618657444539,0.012658137858986769,9.6744573293231e-05,0.002339300001040101
noise_robustness,s_curve,False,bspline_interp,chord,40,0.0,3,1.3419571839225821e-05,0.004513606466912612,0.012658141097988348,9.67829522349011e-05,0.0007647999991604593
noise_robustness,s_curve,False,poly_ls,chord,40,0.0,3,0.02768055235583341,0.06961139494024185,0.0946833087817666,0.0001480237867090471,0.0011128000005555805
noise_robustness,s_curve,False,bspline_ls,chord,40,0.0,3,0.018203607272281503,0.04778892124557445,0.07003015828880856,0.00011165677217642835,0.0005299000004015397
noise_robustness,s_curve,False,cubic_spline,chord,40,0.01,3,9.49175605553034e-05,0.035070536222679694,0.06719425828985771,0.0006491709699683116,0.0020578999974532053
noise_robustness,s_curve,False,bspline_interp,chord,40,0.01,3,9.440110358049197e-05,0.03608769999095565,0.0671942580069327,0.0006575074212236769,0.0011305999978503678
noise_robustness,s_curve,False,poly_ls,chord,40,0.01,3,0.025729353989479002,0.062391570435903265,0.07838302496968813,0.00014477754877530207,0.0007017999996605795
noise_robustness,s_curve,False,bspline_ls,chord,40,0.01,3,0.017589328167483327,0.0415731930723499,0.05831843276155053,0.00010724462248351888,0.0003491000024951063
noise_robustness,s_curve,False,cubic_spline,chord,40,0.02,3,0.0001759941515132707,0.06413543466446261,0.14437809530783888,0.0010045022519646338,0.0016719000013836194
noise_robustness,s_curve,False,bspline_interp,chord,40,0.02,3,0.00017538573620407287,0.06557654921662764,0.14437809484580094,0.0010195790224567162,0.0008479999996779952
noise_robustness,s_curve,False,poly_ls,chord,40,0.02,3,0.02445996036959623,0.050737985246535736,0.06694422482647215,0.00013543548146509915,0.000540600001841085
noise_robustness,s_curve,False,bspline_ls,chord,40,0.02,3,0.016595189797495885,0.024500253873590984,0.047819015890418815,0.00011204559015855637,0.00018880000061471947
noise_robustness,s_curve,False,cubic_spline,chord,40,0.04,3,0.000226663664086386,0.08169365320450452,0.13285309927637037,0.0015601820757494376,0.0022594000001845416
noise_robustness,s_curve,False,bspline_interp,chord,40,0.04,3,0.0002250813432444848,0.08304711728784629,0.13293268710646564,0.0015860040071880588,0.001112099998863414
noise_robustness,s_curve,False,poly_ls,chord,40,0.04,3,0.0322805889556179,0.03272394324985019,0.0907347008697709,0.00011560247464336348,0.00035369999750400893
noise_robustness,s_curve,False,bspline_ls,chord,40,0.04,3,0.022462102270717915,0.05869826274137571,0.10851311420781291,0.00043085683644856983,0.0002440999996906612
noise_robustness,s_curve,False,cubic_spline,chord,40,0.06,3,0.0002581645481338075,0.09780069218141374,0.17470428168770266,0.002017866078794121,0.0025205999991158023
noise_robustness,s_curve,False,bspline_interp,chord,40,0.06,3,0.00025675182781712284,0.09882072072091139,0.17485161215369494,0.002053869891235473,0.001396500003465917
noise_robustness,s_curve,False,poly_ls,chord,40,0.06,3,0.04607922695962798,0.04362196867313644,0.1290338540502161,0.00011267104039198761,0.0007630000000062864
noise_robustness,s_curve,False,bspline_ls,chord,40,0.06,3,0.021208962913079558,0.08351133155762,0.15490874844182242,0.0008861372779734906,0.0006031000011716969
noise_robustness,s_curve,False,cubic_spline,chord,40,0.0,4,1.3698353492637065e-05,0.003202576085730275,0.005647241640127228,9.510627302974132e-05,0.0020105000003241003
noise_robustness,s_curve,False,bspline_interp,chord,40,0.0,4,1.3717858365408387e-05,0.0032724040462801217,0.005647241639960497,9.5316149442069e-05,0.0010346000017307233
noise_robustness,s_curve,False,poly_ls,chord,40,0.0,4,0.023324374715929276,0.05658888389394437,0.1477409356462866,0.0002264868740253247,0.0005807999987155199
noise_robustness,s_curve,False,bspline_ls,chord,40,0.0,4,0.01891205942664087,0.043068380193972175,0.0664481875184496,0.00014574903030371524,0.0003522000006341841
noise_robustness,s_curve,False,cubic_spline,chord,40,0.01,4,0.0001920148055687875,0.03181753622630896,0.0716604558199335,0.0009012360054894682,0.002442400000290945
noise_robustness,s_curve,False,bspline_interp,chord,40,0.01,4,0.0001913902648957317,0.04477274937228325,0.11185639167522447,0.0009319068605808952,0.001100199999200413
noise_robustness,s_curve,False,poly_ls,chord,40,0.01,4,0.020437571089471706,0.04980949973267988,0.09553504369308952,0.00020408455758668607,0.0008617999992566183
noise_robustness,s_curve,False,bspline_ls,chord,40,0.01,4,0.017904093640511674,0.03779337381986546,0.05236620474604659,0.00011745559951404513,0.0003552999987732619
noise_robustness,s_curve,False,cubic_spline,chord,40,0.02,4,0.00011358889683066443,0.04330363991171911,0.07792294550711397,0.0011579633356111295,0.0026194999991275836
noise_robustness,s_curve,False,bspline_interp,chord,40,0.02,4,0.00011251899910069002,0.05588429853063377,0.12322659610488224,0.001193469406451901,0.001009299998258939
noise_robustness,s_curve,False,poly_ls,chord,40,0.02,4,0.021218814953497582,0.04462880843343983,0.0879805934225331,0.0001803049915032772,0.0009611999994376674
noise_robustness,s_curve,False,bspline_ls,chord,40,0.02,4,0.017597959829831564,0.017729619854293423,0.03384701955896975,0.00010911773829773056,0.00028449999808799475
noise_robustness,s_curve,False,cubic_spline,chord,40,0.04,4,0.00019852170264222192,0.06316266819766504,0.11473343248627074,0.001565937010525752,0.0013270000017655548
noise_robustness,s_curve,False,bspline_interp,chord,40,0.04,4,0.00019662476294539543,0.07471045505805698,0.1377862706150565,0.001614412684544693,0.0008649000010336749
noise_robustness,s_curve,False,poly_ls,chord,40,0.04,4,0.03258086189419953,0.040314244109592626,0.07188882182480434,0.00014580954029386634,0.0008185999977285974
noise_robustness,s_curve,False,bspline_ls,chord,40,0.04,4,0.019686636726483416,0.051579970174005896,0.11885947127234352,0.0005239346096261471,0.0007570000016130507
noise_robustness,s_curve,False,cubic_spline,chord,40,0.06,4,0.0002586840572465331,0.08468232102030007,0.1671670239650999,0.002060284118209467,0.0028185000010125805
noise_robustness,s_curve,False,bspline_interp,chord,40,0.06,4,0.0002536802447242052,0.09871304738281252,0.18910957854954147,0.0021362211541059543,0.0023552999991807155
noise_robustness,s_curve,False,poly_ls,chord,40,0.06,4,0.045638534129008375,0.045014552470422464,0.10711135138539327,0.0001349127829374156,0.0005080999981146306
noise_robustness,s_curve,False,bspline_ls,chord,40,0.06,4,0.016578672096892944,0.08727537172653903,0.17662994532496384,0.0010548195666398813,0.0009542999978293665
noise_robustness,circle,True,cubic_spline,chord,40,0.0,0,1.3659785432687015e-05,0.004088217692949157,0.0063897217431425415,0.00015797832047192517,0.002836400002706796
noise_robustness,circle,True,bspline_interp,chord,40,0.0,0,1.365992629776585e-05,0.004088188506929896,0.006389721745939096,0.0001579783066254768,0.0019031999981962144
noise_robustness,circle,True,poly_ls,chord,40,0.0,0,0.0007544623560756166,0.004421855974550773,0.006379460058081482,0.0001590377714093497,0.0005316999995557126
noise_robustness,circle,True,bspline_ls,chord,40,0.0,0,0.021093061619660392,0.046815169528751394,0.0663681332341647,0.00015559716078617717,0.00030839999817544594
noise_robustness,circle,True,cubic_spline,chord,40,0.01,0,0.00010880031302345659,0.03187862977139952,0.057691671631401736,0.0008370784798578928,0.002575399998022476
noise_robustness,circle,True,bspline_interp,chord,40,0.01,0,0.00032219282188263265,0.03240770252315044,0.05769528885541916,0.0008439189529281613,0.002616199999465607
noise_robustness,circle,True,poly_ls,chord,40,0.01,0,0.007371527042799789,0.014938912309327212,0.019812549378551463,0.000239298376923921,0.0011439000008977018
noise_robustness,circle,True,bspline_ls,chord,40,0.01,0,0.020805970588215015,0.04265393378198026,0.05732190925282593,0.0001558456873618921,0.00024950000079115853
noise_robustness,circle,True,cubic_spline,chord,40,0.02,0,0.000154711190024262,0.05158115737287134,0.08052667217749235,0.001131396439821933,0.00304619999951683
noise_robustness,circle,True,bspline_interp,chord,40,0.02,0,0.0004527441363826984,0.053276390079998015,0.08163035283817394,0.0012175307496847178,0.0012185000014142133
noise_robustness,circle,True,poly_ls,chord,40,0.02,0,0.01416913435225726,0.026414974339653202,0.03603807246997478,0.0003299980900185903,0.0006919000006746501
noise_robustness,circle,True,bspline_ls,chord,40,0.02,0,0.017821275092182027,0.023318619735171707,0.04692106089504841,0.00015708324685320227,0.0003497000034258235
noise_robustness,circle,True,cubic_spline,chord,40,0.04,0,0.0002163980212800046,0.08120105066543903,0.11482661278021752,0.0015760997319352447,0.005774899997049943
noise_robustness,circle,True,bspline_interp,chord,40,0.04,0,0.0006752659560902972,0.08398978463775125,0.12542610710084207,0.001757484987844435,0.0019941000027756672
noise_robustness,circle,True,poly_ls,chord,40,0.04,0,0.027089346448620065,0.04897387040938016,0.06635644224719812,0.0005299641780260242,0.0006926999994902872
noise_robustness,circle,True,bspline_ls,chord,40,0.04,0,0.022474601138341238,0.06106350516070129,0.08277221039543933,0.000420102968945999,0.00046210000073187985
noise_robustness,circle,True,cubic_spline,chord,40,0.06,0,0.00024359092052822539,0.10795701480348058,0.14672207554747457,0.0019540878457778113,0.0036593000004359055
noise_robustness,circle,True,bspline_interp,chord,40,0.06,0,0.0008498857599490225,0.11137254663622179,0.1662823392401632,0.002179000370150935,0.0016546999977435917
noise_robustness,circle,True,poly_ls,chord,40,0.06,0,0.039505361796585224,0.07043202753120298,0.09294377703936874,0.0007442663128347924,0.00048570000217296183
noise_robustness,circle,True,bspline_ls,chord,40,0.06,0,0.023496847301068612,0.09863746780177365,0.13244391811311926,0.0009651789106980931,0.0008922999986680225
noise_robustness,circle,True,cubic_spline,chord,40,0.0,1,1.1174218508113303e-05,0.006022987669356134,0.014756246128756425,0.00015796228545026533,0.004310199998144526
noise_robustness,circle,True,bspline_interp,chord,40,0.0,1,1.1172035892620616e-05,0.006030344448898528,0.014805532754451158,0.0001579609918728015,0.000764199998229742
noise_robustness,circle,True,poly_ls,chord,40,0.0,1,0.001169735376140182,0.00677069706427162,0.011996304029496023,0.000162537692551937,0.0007084999997459818
noise_robustness,circle,True,bspline_ls,chord,40,0.0,1,0.017143398283187845,0.049260099009375446,0.09881280899132623,0.0001553529671115062,0.0002510999984224327
noise_robustness,circle,True,cubic_spline,chord,40,0.01,1,0.00018901843957263,0.055593238347989654,0.11878674041741406,0.0010618442221761388,0.002071399998385459
noise_robustness,circle,True,bspline_interp,chord,40,0.01,1,0.000419948083563208,0.03703543857117028,0.0741975792676744,0.0009046187587311381,0.0009471000012126751
noise_robustness,circle,True,poly_ls,chord,40,0.01,1,0.007759691249077711,0.01018709134521346,0.012068413901369892,0.00023791192574682267,0.0004604999994626269
noise_robustness,circle,True,bspline_ls,chord,40,0.01,1,0.023075637276548287,0.054457227604018305,0.07855858518237434,0.0001550869283847556,0.0002342000007047318
noise_robustness,circle,True,cubic_spline,chord,40,0.02,1,0.0001979646085356863,0.07034656601806061,0.12110354434392882,0.0014711267756273867,0.002611700001580175
noise_robustness,circle,True,bspline_interp,chord,40,0.02,1,0.0005162279107381139,0.0568136377024525,0.10846858221684275,0.0013050530112125602,0.0007200000000011642
noise_robustness,circle,True,poly_ls,chord,40,0.02,1,0.01583739344209921,0.01853366053486911,0.029539333964056547,0.000336263174385935,0.0007302000012714416
noise_robustness,circle,True,bspline_ls,chord,40,0.02,1,0.018444708284388055,0.029130163192869145,0.058189878531556015,0.00015707020463502942,0.00027489999774843454
noise_robustness,circle,True,cubic_spline,chord,40,0.04,1,0.0002312811089335588,0.09471094020623051,0.13581358976353394,0.0020355363462046597,0.002574800000729738
noise_robustness,circle,True,bspline_interp,chord,40,0.04,1,0.0007316638673110247,0.09510973355974459,0.13586812763858,0.0018298337116264528,0.0010680000013962854
noise_robustness,circle,True,poly_ls,chord,40,0.04,1,0.0326933584623206,0.03446325201222308,0.07541541764768091,0.0005576663768382879,0.0007670999984839
noise_robustness,circle,True,bspline_ls,chord,40,0.04,1,0.019279066269034265,0.05920281583355147,0.08935468574464565,0.0004892861043508842,0.000419699998019496
noise_robustness,circle,True,cubic_spline,chord,40,0.06,1,0.00027248901882846873,0.12048645822274671,0.1468835010238508,0.0024949966456090165,0.0026790999982040375
noise_robustness,circle,True,bspline_interp,chord,40,0.06,1,0.001088745104888615,0.12984168889948544,0.20032756296351648,0.002253681893180111,0.0018638000001374166
noise_robustness,circle,True,poly_ls,chord,40,0.06,1,0.04899933912159212,0.0481588486237423,0.11868140267384776,0.000746984749437711,0.0006342999986372888
noise_robustness,circle,True,bspline_ls,chord,40,0.06,1,0.019792504273969964,0.09031672533953794,0.1367995050280886,0.0009943070926726762,0.0006928000002517365
noise_robustness,circle,True,cubic_spline,chord,40,0.0,2,1.3180049708411116e-05,0.00430061677289259,0.007217779398318999,0.0001579793260165643,0.0023628999988432042
noise_robustness,circle,True,bspline_interp,chord,40,0.0,2,1.3180055528349015e-05,0.004300616760663225,0.007217779396065393,0.00015797932599003224,0.0008345999995071907
noise_robustness,circle,True,poly_ls,chord,40,0.0,2,0.0008258695624594456,0.004970133203098295,0.006691565800003636,0.00016281493706575537,0.000565199999982724
noise_robustness,circle,True,bspline_ls,chord,40,0.0,2,0.023965222516478712,0.062286109297961134,0.07190875149172257,0.00015423789647345292,0.00030780000088270754
noise_robustness,circle,True,cubic_spline,chord,40,0.01,2,0.00015340594435907386,0.03715900008021464,0.11373833628568218,0.00082413579147582,0.0025220000025001355
noise_robustness,circle,True,bspline_interp,chord,40,0.01,2,0.0006156048417080645,0.03649821328830173,0.11619922156434268,0.000723770636526675,0.0009540000028209761
noise_robustness,circle,True,poly_ls,chord,40,0.01,2,0.006608188086334647,0.014561525745235834,0.01614925216015533,0.00025108042146229387,0.0006443999991461169
noise_robustness,circle,True,bspline_ls,chord,40,0.01,2,0.022033153336385575,0.05815835532050228,0.07637362834190504,0.00015446096255727586,0.0002705000006244518
noise_robustness,circle,True,cubic_spline,chord,40,0.02,2,0.00018470065813570944,0.05272475114788672,0.13797906371174698,0.0012752766732405255,0.002739200001087738
noise_robustness,circle,True,bspline_interp,chord,40,0.02,2,0.001054701507819934,0.052252343445395845,0.14109432547877518,0.0011536152874740103,0.0008533000000170432
noise_robustness,circle,True,poly_ls,chord,40,0.02,2,0.013069381081331394,0.02814689335464862,0.035130665776190645,0.00033719658318390433,0.0007283999984792899
noise_robustness,circle,True,bspline_ls,chord,40,0.02,2,0.017557754852676136,0.04045074357657456,0.06956625328630832,0.00015671401929565925,0.0006133999995654449
noise_robustness,circle,True,cubic_spline,chord,40,0.04,2,0.00026293140155996865,0.07868256506065746,0.16797965867242295,0.0017236869610467002,0.0060530999980983324
noise_robustness,circle,True,bspline_interp,chord,40,0.04,2,0.0019718044862406326,0.07810942422688666,0.1712119425693688,0.001579981206770365,0.002014099998632446
noise_robustness,circle,True,poly_ls,chord,40,0.04,2,0.027235005206777706,0.05173177414415821,0.06592765936520247,0.0005303291058704171,0.0008951000017987099
noise_robustness,circle,True,bspline_ls,chord,40,0.04,2,0.024327433785882587,0.06674773409303753,0.11956885461952166,0.0005457385956665744,0.0004071000003023073
noise_robustness,circle,True,cubic_spline,chord,40,0.06,2,0.00022628746097617722,0.10654112224921826,0.19843674081032694,0.0022926832787896027,0.0029888999997638166
noise_robustness,circle,True,bspline_interp,chord,40,0.06,2,0.0028517524735080643,0.1056335480045604,0.2005786706375075,0.0021416159662873565,0.0011053000016545411
noise_robustness,circle,True,poly_ls,chord,40,0.06,2,0.04229778817374446,0.07516920780086483,0.09455586937577876,0.0006163280791260508,0.00048769999921205454
noise_robustness,circle,True,bspline_ls,chord,40,0.06,2,0.022459057374946533,0.09721659917683277,0.1636428528042818,0.0010226753257535658,0.000576599999476457
noise_robustness,circle,True,cubic_spline,chord,40,0.0,3,1.310302455961094e-05,0.0046828913379702,0.008565749650119667,0.0001580015173265933,0.003287100000306964
noise_robustness,circle,True,bspline_interp,chord,40,0.0,3,1.3103293905215388e-05,0.004682548046384294,0.008565749647182205,0.00015800135161103982,0.0010180000026593916
noise_robustness,circle,True,poly_ls,chord,40,0.0,3,0.0013112615153810323,0.006365829607611093,0.008412799077300167,0.0001632892021929922,0.001001100001303712
noise_robustness,circle,True,bspline_ls,chord,40,0.0,3,0.02028318311773904,0.05166838866292536,0.0735743427021393,0.00015565610827536255,0.00038719999793102033
noise_robustness,circle,True,cubic_spline,chord,40,0.01,3,0.00010674987446671364,0.02980550214310946,0.04957817861067021,0.0006931085465219054,0.002712599998631049
noise_robustness,circle,True,bspline_interp,chord,40,0.01,3,0.00027808526312893424,0.02963294615347451,0.049471179929156436,0.0005318943858562815,0.0012810999978682958
noise_robustness,circle,True,poly_ls,chord,40,0.01,3,0.007419662148807182,0.01035594851575344,0.016174738509664995,0.00019544283631245068,0.0006064000008336734
noise_robustness,circle,True,bspline_ls,chord,40,0.01,3,0.021374027372784606,0.05642745551828526,0.07588395100822644,0.00015530917003468537,0.00040640000224811956
noise_robustness,circle,True,cubic_spline,chord,40,0.02,3,0.00015392911959715019,0.04957926717531198,0.0792398106429896,0.0010845388805478294,0.002564800000982359
noise_robustness,circle,True,bspline_interp,chord,40,0.02,3,0.0005312359978262623,0.049885420054123324,0.0822598332754541,0.0009360728931344675,0.0006792000021960121
noise_robustness,circle,True,poly_ls,chord,40,0.02,3,0.01538088950974571,0.019506780880318347,0.03225914651819369,0.00024053856217567355,0.001147899998613866
noise_robustness,circle,True,bspline_ls,chord,40,0.02,3,0.022235399521419046,0.04937686735532014,0.06542589035880303,0.00015601922087560044,0.0004298999992897734
noise_robustness,circle,True,cubic_spline,chord,40,0.04,3,0.0002009942712030441,0.07302853917113512,0.11190104153570994,0.001533491205122299,0.0017719999996188562
noise_robustness,circle,True,bspline_interp,chord,40,0.04,3,0.0011060062446167766,0.0735279536600232,0.11190552688485816,0.0013937619527731257,0.0017528999997011852
noise_robustness,circle,True,poly_ls,chord,40,0.04,3,0.03297059212267652,0.044018664607376336,0.0658262339117168,0.00035904706593628766,0.000880300001881551
noise_robustness,circle,True,bspline_ls,chord,40,0.04,3,0.02348383571407565,0.04898341680715673,0.0607428142508402,0.0003793124288747243,0.000901699997484684
noise_robustness,circle,True,cubic_spline,chord,40,0.06,3,0.00022233587305406314,0.0946860550971897,0.14776214111534264,0.0019103293019966483,0.0025040000000444707
noise_robustness,circle,True,bspline_interp,chord,40,0.06,3,0.0017636310622412006,0.09517396548138775,0.14769036796770676,0.0017746948096871373,0.0014004999975441024
noise_robustness,circle,True,poly_ls,chord,40,0.06,3,0.05041780143525154,0.06975064559680436,0.09862257971210546,0.00048019675351941446,0.0009104999990086071
noise_robustness,circle,True,bspline_ls,chord,40,0.06,3,0.023074584544601456,0.09152818019882483,0.10963672910100483,0.0007644211781573318,0.0004647999994631391
noise_robustness,circle,True,cubic_spline,chord,40,0.0,4,1.3244880401302792e-05,0.004003180211804545,0.006639096120482497,0.000158017378670464,0.0021438000003399793
noise_robustness,circle,True,bspline_interp,chord,40,0.0,4,1.3226504076847329e-05,0.004015397976917249,0.006634736916757897,0.00015800758641699756,0.000829399999929592
noise_robustness,circle,True,poly_ls,chord,40,0.0,4,0.0006034069627028269,0.005083524414118347,0.009518606134348717,0.00016141562332364613,0.000495000000228174
noise_robustness,circle,True,bspline_ls,chord,40,0.0,4,0.020729124304561666,0.043676843772258334,0.04513712845264888,0.00015694736025855788,0.00038380000114557333
noise_robustness,circle,True,cubic_spline,chord,40,0.01,4,0.0001415822242895539,0.043438672694949595,0.08126764450887941,0.0010920569841901592,0.0035640999994939193
noise_robustness,circle,True,bspline_interp,chord,40,0.01,4,0.0001432421217764169,0.04377348636063255,0.08122179509721579,0.0009518523431237075,0.0012484999970183708
noise_robustness,circle,True,poly_ls,chord,40,0.01,4,0.007979434629491532,0.009592706905544729,0.016561044989647607,0.00020206712459178437,0.0007184999994933605
noise_robustness,circle,True,bspline_ls,chord,40,0.01,4,0.018884958379864578,0.037947222166325,0.04514824094654602,0.0001568903228262158,0.00022739999985788018
noise_robustness,circle,True,cubic_spline,chord,40,0.02,4,0.00019011292688597003,0.05922835658655637,0.10593733078481321,0.0014476611822263345,0.003839100001641782
noise_robustness,circle,True,bspline_interp,chord,40,0.02,4,0.0003260155917368099,0.06615370293575404,0.10595304695070545,0.0012927065248182822,0.0013757000015175436
noise_robustness,circle,True,poly_ls,chord,40,0.02,4,0.016086455864237507,0.015922559707709536,0.027084977190197198,0.00025423605130180815,0.0008354000019608065
noise_robustness,circle,True,bspline_ls,chord,40,0.02,4,0.01703136004738571,0.01835229206153379,0.03044045698960501,0.0001575427453322803,0.00021879999985685572
noise_robustness,circle,True,cubic_spline,chord,40,0.04,4,0.00018624568502993705,0.08626545820196183,0.14390006004098585,0.0019247703079567186,0.003058700000110548
noise_robustness,circle,True,bspline_interp,chord,40,0.04,4,0.0008427424727870779,0.09996103615928133,0.14388515222839854,0.0017692129951667418,0.0010532000014791265
noise_robustness,circle,True,poly_ls,chord,40,0.04,4,0.03246603294710829,0.02975307664545869,0.0461375443302388,0.0003703389235897309,0.0007904000012786128
noise_robustness,circle,True,bspline_ls,chord,40,0.04,4,0.02347379813285986,0.056440887896520325,0.08768047739774096,0.0004438464969890758,0.000332799998432165
noise_robustness,circle,True,cubic_spline,chord,40,0.06,4,0.0003005268131177706,0.1120105873261521,0.1806157363145007,0.0024393200192302043,0.0037688999982492533
noise_robustness,circle,True,bspline_interp,chord,40,0.06,4,0.001463519552109043,0.12809516959318545,0.18055712311043487,0.0022773440995343466,0.0013087000006635208
noise_robustness,circle,True,poly_ls,chord,40,0.06,4,0.048909928403397834,0.0433139517275111,0.06470353441146197,0.0004902635971652945,0.00039879999894765206
noise_robustness,circle,True,bspline_ls,chord,40,0.06,4,0.0217367463583665,0.0938685436488721,0.171629640017547,0.0010609873045189005,0.0004908000009891111
